geoid,tract,block_group,total_population,under_18_population,age_65_plus_population,white_alone_population,black_alone_population,asian_alone_population,hispanic_or_latino_population,median_household_income,households_total,households_no_vehicle,households_no_vehicle_pct,poverty_rate_pct
60855001001,500100,1,1809,355,180,38,37,252,1217,131857,0,0,,
60855001002,500100,2,824,244,147,85,83,206,415,119419,0,0,,
60855001003,500100,3,2006,495,347,235,0,308,1539,-666666666,0,0,,
60855001004,500100,4,3646,501,255,877,472,1345,1063,215893,0,0,,
60855002001,500200,1,887,64,88,434,25,139,204,86850,0,0,,
60855002002,500200,2,1160,0,44,210,107,13,739,-666666666,0,0,,
60855002003,500200,3,1107,205,108,419,195,115,317,101827,0,0,,
60855002004,500200,4,2285,378,103,682,170,781,424,157101,0,0,,
60855003001,500300,1,2518,347,221,711,342,513,847,178750,0,0,,
60855003002,500300,2,1677,85,229,1025,53,191,401,104405,0,0,,
60855004001,500400,1,1550,317,126,597,166,102,618,154698,0,0,,
60855004002,500400,2,1128,188,192,504,15,290,356,133458,0,0,,
60855005001,500500,1,1141,189,86,649,9,155,155,250001,0,0,,
60855005002,500500,2,1629,323,259,838,0,188,618,135639,0,0,,
60855005003,500500,3,568,34,115,349,2,115,94,111292,0,0,,
60855005004,500500,4,830,153,111,642,0,111,13,250001,0,0,,
60855005005,500500,5,1017,78,316,564,16,250,134,155441,0,0,,
60855006001,500600,1,983,368,101,518,11,29,398,250001,0,0,,
60855006002,500600,2,699,84,121,370,12,218,85,250001,0,0,,
60855006003,500600,3,2674,571,126,378,213,822,1098,130644,0,0,,
60855006004,500600,4,1392,257,261,330,0,231,821,79570,0,0,,
60855008001,500800,1,1869,189,121,403,255,488,639,114643,0,0,,
60855008002,500800,2,1773,67,99,706,150,573,207,185185,0,0,,
60855008003,500800,3,1192,20,196,551,0,257,415,151885,0,0,,
60855009011,500901,1,1243,0,255,331,17,560,279,-666666666,0,0,,
60855009012,500901,2,1603,43,258,735,60,597,130,162284,0,0,,
60855009013,500901,3,1452,214,0,210,383,629,171,51563,0,0,,
60855009021,500902,1,1132,131,12,187,45,463,435,36402,0,0,,
60855009022,500902,2,4245,182,12,1023,412,1705,1078,56146,0,0,,
60855010001,501000,1,824,135,0,163,80,53,505,58627,0,0,,
60855010002,501000,2,985,100,109,148,0,241,558,81087,0,0,,
60855010003,501000,3,977,21,426,291,51,417,185,33410,0,0,,
60855010004,501000,4,1327,64,125,630,138,202,345,75417,0,0,,
60855010005,501000,5,815,332,54,286,0,12,502,92109,0,0,,
60855011011,501101,1,1631,117,261,419,71,316,629,80132,0,0,,
60855011012,501101,2,2298,192,370,460,143,681,814,106378,0,0,,
60855011021,501102,1,1797,447,122,275,39,182,1176,220777,0,0,,
60855011022,501102,2,1416,378,101,211,0,320,885,117685,0,0,,
60855011023,501102,3,1060,86,216,343,8,72,670,130234,0,0,,
60855012001,501200,1,637,157,157,134,2,144,395,-666666666,0,0,,
60855012002,501200,2,1152,178,63,293,38,198,624,137031,0,0,,
60855012003,501200,3,1097,124,114,211,98,111,628,109457,0,0,,
60855012004,501200,4,1277,150,44,693,0,211,469,118333,0,0,,
60855013001,501300,1,1585,140,147,608,55,342,665,106689,0,0,,
60855013002,501300,2,1196,90,201,902,27,108,283,49318,0,0,,
60855013003,501300,3,1151,137,176,634,117,247,162,250001,0,0,,
60855014011,501401,1,1723,504,205,263,74,268,1122,62355,0,0,,
60855014012,501401,2,1179,283,289,279,10,109,774,104688,0,0,,
60855014021,501402,1,1564,268,376,579,18,237,717,91638,0,0,,
60855014022,501402,2,1139,146,142,299,11,98,737,101607,0,0,,
60855015011,501501,1,2882,706,465,177,0,1185,1403,81571,0,0,,
60855015012,501501,2,1521,355,124,215,88,278,963,82917,0,0,,
60855015021,501502,1,1899,391,316,620,0,24,1167,78750,0,0,,
60855015022,501502,2,711,155,143,0,7,127,472,52375,0,0,,
60855015023,501502,3,1740,290,53,348,0,615,826,225313,0,0,,
60855016011,501601,1,1946,121,130,673,10,376,830,120630,0,0,,
60855016012,501601,2,1612,244,188,564,17,193,833,125227,0,0,,
60855016021,501602,1,612,198,0,87,36,34,479,-666666666,0,0,,
60855016022,501602,2,705,55,77,210,33,66,367,82875,0,0,,
60855016023,501602,3,1594,102,204,517,51,246,670,70096,0,0,,
60855017001,501700,1,910,176,19,163,64,177,425,137560,0,0,,
60855017002,501700,2,644,131,110,42,0,26,541,94167,0,0,,
60855017003,501700,3,1603,560,34,187,21,69,1392,73125,0,0,,
60855017004,501700,4,1714,291,124,596,6,1,1454,101563,0,0,,
60855018001,501800,1,783,87,213,236,0,40,496,-666666666,0,0,,
60855018002,501800,2,1664,400,166,446,11,241,1093,106212,0,0,,
60855018003,501800,3,824,164,77,600,0,53,340,187019,0,0,,
60855018004,501800,4,1515,406,209,913,49,164,480,226083,0,0,,
60855019011,501901,1,3126,326,368,993,431,1055,684,147727,0,0,,
60855019021,501902,1,2264,349,28,638,79,682,884,169531,0,0,,
60855019022,501902,2,1355,114,110,459,27,309,496,102292,0,0,,
60855020011,502001,1,1336,506,67,144,0,159,668,63240,0,0,,
60855020012,502001,2,759,97,177,319,0,137,284,81530,0,0,,
60855020013,502001,3,1368,428,134,839,33,308,318,206157,0,0,,
60855020014,502001,4,1493,277,208,395,76,124,1010,94185,0,0,,
60855020021,502002,1,658,193,97,89,0,95,511,68967,0,0,,
60855020022,502002,2,1565,283,61,405,109,119,1054,114500,0,0,,
60855020023,502002,3,2762,713,149,708,32,372,1568,130221,0,0,,
60855021011,502101,1,1340,264,83,586,0,376,245,200565,0,0,,
60855021012,502101,2,987,194,184,477,0,257,209,160268,0,0,,
60855021013,502101,3,3034,477,958,1359,137,769,671,119375,0,0,,
60855021031,502103,1,2065,382,235,471,41,353,1266,82652,0,0,,
60855021032,502103,2,2160,279,238,520,264,396,841,100368,0,0,,
60855021041,502104,1,1715,410,185,427,38,520,606,156118,0,0,,
60855021042,502104,2,744,123,176,276,22,166,257,79850,0,0,,
60855022021,502202,1,1400,229,260,757,51,172,367,120341,0,0,,
60855022022,502202,2,1107,122,182,577,99,53,334,134896,0,0,,
60855022023,502202,3,643,36,122,331,0,235,12,87206,0,0,,
60855022031,502203,1,1822,154,372,667,94,627,316,99659,0,0,,
60855022032,502203,2,2053,235,300,664,22,313,897,180729,0,0,,
60855022041,502204,1,2122,555,277,665,220,285,1136,80172,0,0,,
60855022042,502204,2,1272,512,16,475,0,217,580,35942,0,0,,
60855023011,502301,1,1772,289,274,913,39,228,540,152159,0,0,,
60855023012,502301,2,1249,212,266,734,20,172,286,217986,0,0,,
60855023021,502302,1,1172,233,161,649,39,152,301,178245,0,0,,
60855023022,502302,2,2089,375,330,828,40,221,1035,121098,0,0,,
60855024001,502400,1,617,63,55,511,0,31,60,250001,0,0,,
60855024002,502400,2,903,266,122,691,0,0,234,250001,0,0,,
60855024003,502400,3,789,167,208,550,17,0,168,250001,0,0,,
60855024004,502400,4,837,256,24,567,0,143,97,250001,0,0,,
60855024005,502400,5,1449,245,399,657,46,226,414,123828,0,0,,
60855024006,502400,6,1348,287,349,849,0,219,159,202543,0,0,,
60855024007,502400,7,1164,221,228,779,0,51,246,247865,0,0,,
60855025001,502500,1,920,211,87,751,35,116,20,229444,0,0,,
60855025002,502500,2,1093,382,133,347,97,187,376,227481,0,0,,
60855025003,502500,3,777,127,109,391,4,230,3,216131,0,0,,
60855025004,502500,4,603,69,214,415,28,121,0,250001,0,0,,
60855025005,502500,5,2304,553,297,1301,0,143,1082,163729,0,0,,
60855025006,502500,6,1051,262,122,678,0,207,175,237389,0,0,,
60855026011,502601,1,810,221,110,490,33,123,173,250001,0,0,,
60855026012,502601,2,1341,440,280,617,27,76,641,242750,0,0,,
60855026013,502601,3,1178,71,476,588,0,242,174,129375,0,0,,
60855026031,502603,1,689,134,159,328,7,163,56,146667,0,0,,
60855026032,502603,2,984,186,250,785,15,112,72,204167,0,0,,
60855026033,502603,3,1143,235,180,739,5,188,95,250001,0,0,,
60855026041,502604,1,1615,416,140,592,254,190,528,97717,0,0,,
60855026042,502604,2,820,64,90,397,0,299,50,214028,0,0,,
60855026043,502604,3,1677,194,240,989,0,229,340,108780,0,0,,
60855027011,502701,1,1427,275,279,787,75,374,265,132895,0,0,,
60855027012,502701,2,2654,956,143,966,30,860,519,132959,0,0,,
60855027013,502701,3,1610,290,197,718,23,209,681,141523,0,0,,
60855027031,502703,1,1249,298,301,453,12,437,336,221118,0,0,,
60855027032,502703,2,1114,204,164,537,93,350,80,140404,0,0,,
60855027033,502703,3,1933,479,178,753,42,719,197,145833,0,0,,
60855027041,502704,1,1484,378,289,243,42,1026,125,95000,0,0,,
60855027042,502704,2,1355,263,193,776,150,295,159,184643,0,0,,
60855027043,502704,3,1426,378,265,578,14,672,44,250001,0,0,,
60855028001,502800,1,1146,195,174,698,0,218,337,199188,0,0,,
60855028002,502800,2,1781,480,163,579,20,659,473,154375,0,0,,
60855028003,502800,3,1309,257,293,650,0,355,215,179375,0,0,,
60855029011,502901,1,2055,606,242,930,105,267,605,186702,0,0,,
60855029012,502901,2,1252,272,142,738,1,346,196,195057,0,0,,
60855029013,502901,3,858,144,131,509,0,156,160,211140,0,0,,
60855029014,502901,4,1879,296,168,893,71,255,726,95194,0,0,,
60855029021,502902,1,2976,1120,528,2450,0,222,140,221944,0,0,,
60855029022,502902,2,2574,578,194,1310,0,830,376,210938,0,0,,
60855029023,502902,3,3500,789,583,2120,16,807,630,183984,0,0,,
60855029031,502903,1,2145,545,391,1486,0,292,246,250001,0,0,,
60855029032,502903,2,1642,405,237,743,10,587,197,247344,0,0,,
60855029033,502903,3,1531,332,282,692,9,421,343,220500,0,0,,
60855029061,502906,1,1369,339,99,608,11,222,392,110804,0,0,,
60855029062,502906,2,1946,605,184,1136,0,583,179,202222,0,0,,
60855029063,502906,3,1706,244,335,772,59,427,417,117813,0,0,,
60855029071,502907,1,1618,323,216,966,69,349,203,203646,0,0,,
60855029072,502907,2,2204,492,462,1031,78,517,345,226875,0,0,,
60855029081,502908,1,2749,686,216,965,0,585,922,136378,0,0,,
60855029082,502908,2,2175,531,367,915,0,949,146,177750,0,0,,
60855029083,502908,3,1637,318,261,1024,4,489,133,250001,0,0,,
60855029091,502909,1,1149,251,57,636,0,357,301,220333,0,0,,
60855029092,502909,2,1042,335,232,884,0,73,138,140855,0,0,,
60855029093,502909,3,1426,540,67,412,21,153,961,90938,0,0,,
60855029094,502909,4,1195,42,343,500,58,127,463,90192,0,0,,
60855029101,502910,1,860,279,103,414,3,294,167,121379,0,0,,
60855029102,502910,2,962,147,130,569,0,25,335,187000,0,0,,
60855029103,502910,3,835,299,24,119,0,35,622,162887,0,0,,
60855029104,502910,4,1128,282,205,384,10,222,389,86303,0,0,,
60855030011,503001,1,1240,258,396,860,0,126,165,141667,0,0,,
60855030012,503001,2,937,188,191,767,0,97,108,150625,0,0,,
60855030013,503001,3,2253,691,460,1472,0,448,308,149917,0,0,,
60855030021,503002,1,1331,263,179,437,58,276,526,121970,0,0,,
60855030022,503002,2,2304,400,761,1305,6,321,453,172794,0,0,,
60855030031,503003,1,1672,413,275,898,0,438,218,189844,0,0,,
60855030032,503003,2,1905,368,208,1154,0,513,460,162083,0,0,,
60855030033,503003,3,1450,244,165,639,4,498,231,250001,0,0,,
60855031051,503105,1,2012,383,391,309,1,1249,531,61838,0,0,,
60855031101,503110,1,1488,489,64,47,21,255,1077,82102,0,0,,
60855031102,503110,2,983,312,46,64,0,377,577,58125,0,0,,
60855031103,503110,3,1146,374,114,58,172,276,708,83036,0,0,,
60855031111,503111,1,1608,647,114,10,155,190,1185,128983,0,0,,
60855031112,503111,2,1379,317,162,146,0,739,488,136750,0,0,,
60855031113,503111,3,2431,461,563,44,3,1255,1137,134451,0,0,,
60855031121,503112,1,1322,289,346,157,5,570,577,35438,0,0,,
60855031122,503112,2,1068,136,89,349,13,151,681,89122,0,0,,
60855031123,503112,3,1588,246,62,278,312,257,732,79931,0,0,,
60855031131,503113,1,2488,341,334,614,48,201,1633,93313,0,0,,
60855031132,503113,2,1540,417,170,250,0,150,1252,113028,0,0,,
60855031161,503116,1,2809,639,243,1020,9,778,1082,164489,0,0,,
60855031162,503116,2,2035,258,654,585,263,800,557,80313,0,0,,
60855031163,503116,3,1552,210,278,569,253,504,101,110156,0,0,,
60855031171,503117,1,1174,304,117,17,7,396,721,74464,0,0,,
60855031172,503117,2,1428,313,308,58,0,689,648,92000,0,0,,
60855031181,503118,1,674,20,134,0,70,352,248,95568,0,0,,
60855031182,503118,2,1864,413,73,309,96,560,884,146058,0,0,,
60855031183,503118,3,2417,645,68,100,36,303,1735,89865,0,0,,
60855031211,503121,1,1065,298,188,106,211,293,466,65972,0,0,,
60855031212,503121,2,2430,632,289,229,171,449,1613,101600,0,0,,
60855031213,503121,3,1578,467,134,64,0,121,1380,98625,0,0,,
60855031221,503122,1,2303,479,465,288,20,1304,552,43250,0,0,,
60855031222,503122,2,1042,250,119,47,9,497,442,-666666666,0,0,,
60855031231,503123,1,1745,407,152,424,30,312,1003,102530,0,0,,
60855031232,503123,2,2127,434,359,394,253,334,1231,42250,0,0,,
60855031241,503124,1,2775,418,481,635,73,808,1267,130485,0,0,,
60855031242,503124,2,1437,493,114,66,116,627,628,-666666666,0,0,,
60855031243,503124,3,1863,731,49,477,399,397,669,102274,0,0,,
60855031251,503125,1,2579,678,73,891,41,988,660,145060,0,0,,
60855031252,503125,2,1503,314,165,884,63,232,203,190724,0,0,,
60855031261,503126,1,3964,1108,335,1077,546,1728,1193,178929,0,0,,
60855031271,503127,1,1898,244,221,461,101,917,423,190547,0,0,,
60855031272,503127,2,3402,510,461,780,291,1974,102,221100,0,0,,
60855032071,503207,1,1859,279,363,112,147,1319,284,171389,0,0,,
60855032072,503207,2,1587,244,460,284,30,1106,278,128056,0,0,,
60855032081,503208,1,1609,400,136,423,14,275,1260,128750,0,0,,
60855032082,503208,2,1573,294,287,116,4,840,642,204583,0,0,,
60855032101,503210,1,2631,418,249,272,19,1418,1007,121875,0,0,,
60855032102,503210,2,1436,183,276,85,190,773,414,117386,0,0,,
60855032111,503211,1,2869,610,419,282,26,1710,877,102823,0,0,,
60855032112,503211,2,1782,333,383,198,78,815,613,139091,0,0,,
60855032121,503212,1,1621,139,273,120,7,1028,443,101750,0,0,,
60855032122,503212,2,1237,187,260,127,0,641,244,143056,0,0,,
60855032123,503212,3,1368,352,247,26,7,1065,235,205093,0,0,,
60855032131,503213,1,2198,667,340,46,4,1604,525,70833,0,0,,
60855032132,503213,2,2722,596,305,198,31,1610,846,77212,0,0,,
60855032171,503217,1,1499,402,135,159,0,182,1315,102857,0,0,,
60855032172,503217,2,749,193,120,22,0,215,412,77237,0,0,,
60855032173,503217,3,1421,384,142,159,14,468,937,81071,0,0,,
60855032181,503218,1,1571,344,124,48,0,396,1100,117333,0,0,,
60855032182,503218,2,1267,397,135,90,78,244,913,37014,0,0,,
60855032183,503218,3,1389,361,259,142,0,86,1251,118681,0,0,,
60855032191,503219,1,1042,112,123,59,244,417,383,65893,0,0,,
60855032192,503219,2,1696,456,209,154,20,652,870,56976,0,0,,
60855032201,503220,1,1759,491,96,127,2,550,1013,155163,0,0,,
60855032202,503220,2,2016,231,310,181,0,995,839,103558,0,0,,
60855032203,503220,3,916,254,124,42,91,303,493,52607,0,0,,
60855032211,503221,1,1145,229,405,64,15,858,169,29250,0,0,,
60855032212,503221,2,1288,206,208,54,0,871,386,113993,0,0,,
60855032221,503222,1,2651,437,280,53,0,1223,1383,125883,0,0,,
60855032222,503222,2,2783,813,318,62,0,1019,1685,79875,0,0,,
60855033041,503304,1,1910,242,426,208,86,885,812,44167,0,0,,
60855033042,503304,2,2759,593,655,219,11,1603,1051,108889,0,0,,
60855033043,503304,3,1260,346,236,21,23,863,352,174189,0,0,,
60855033044,503304,4,637,42,275,65,23,401,145,75601,0,0,,
60855033051,503305,1,1244,135,321,51,70,883,250,116635,0,0,,
60855033052,503305,2,2999,808,455,230,0,1246,1661,106996,0,0,,
60855033053,503305,3,1631,212,454,71,0,1103,410,47935,0,0,,
60855033061,503306,1,950,150,175,135,0,701,109,83300,0,0,,
60855033062,503306,2,1902,359,258,38,9,654,1176,121522,0,0,,
60855033063,503306,3,1000,132,121,59,1,576,392,136563,0,0,,
60855033121,503312,1,626,182,87,237,64,141,191,141932,0,0,,
60855033122,503312,2,1879,337,434,465,317,772,333,191727,0,0,,
60855033123,503312,3,1045,387,98,49,88,220,688,162414,0,0,,
60855033131,503313,1,1558,334,214,125,12,1290,48,250001,0,0,,
60855033132,503313,2,1550,265,467,175,15,1206,240,219615,0,0,,
60855033133,503313,3,1341,341,239,336,48,655,314,172500,0,0,,
60855033151,503315,1,2090,326,419,112,0,1530,465,166574,0,0,,
60855033152,503315,2,903,104,199,217,0,418,239,67386,0,0,,
60855033153,503315,3,3105,686,279,555,140,1529,1247,158594,0,0,,
60855033154,503315,4,1724,395,247,119,0,1355,263,145481,0,0,,
60855033211,503321,1,2130,340,485,157,2,1506,527,149722,0,0,,
60855033212,503321,2,2221,267,497,176,3,1738,365,183990,0,0,,
60855033221,503322,1,1610,343,253,198,126,447,936,138913,0,0,,
60855033222,503322,2,1757,271,380,198,0,1325,239,150625,0,0,,
60855033223,503322,3,1139,85,163,159,0,416,607,154387,0,0,,
60855033231,503323,1,1555,335,318,169,25,1059,256,179000,0,0,,
60855033232,503323,2,2254,406,319,182,10,1301,779,167803,0,0,,
60855033241,503324,1,1838,251,295,99,50,1306,335,148571,0,0,,
60855033242,503324,2,1495,324,398,147,15,1185,113,171410,0,0,,
60855033251,503325,1,2250,552,466,332,0,1357,558,145302,0,0,,
60855033252,503325,2,2228,585,189,89,0,1830,297,181346,0,0,,
60855033261,503326,1,2212,409,416,61,32,1508,523,167885,0,0,,
60855033262,503326,2,1914,402,194,107,10,1724,10,250001,0,0,,
60855033263,503326,3,2703,700,446,727,0,1752,180,196625,0,0,,
60855033271,503327,1,1530,408,235,89,4,971,454,234250,0,0,,
60855033272,503327,2,1695,352,284,123,0,1226,248,224398,0,0,,
60855033273,503327,3,1209,240,443,296,23,323,456,120714,0,0,,
60855033291,503329,1,1910,550,136,415,0,1411,112,241176,0,0,,
60855033292,503329,2,1384,167,437,142,35,1095,23,147064,0,0,,
60855033301,503330,1,2143,563,638,230,318,1321,285,250001,0,0,,
60855033302,503330,2,1492,347,159,0,0,1444,48,250001,0,0,,
60855033303,503330,3,1480,352,124,60,38,1267,71,250001,0,0,,
60855033304,503330,4,1435,280,214,185,0,1100,101,250001,0,0,,
60855033311,503331,1,2438,323,1229,825,16,1269,207,100691,0,0,,
60855033312,503331,2,1043,176,248,227,3,481,287,219000,0,0,,
60855033321,503332,1,1599,0,1330,890,0,464,277,91205,0,0,,
60855033322,503332,2,771,0,553,709,0,22,22,119077,0,0,,
60855033323,503332,3,1292,281,80,218,7,863,186,157004,0,0,,
60855033324,503332,4,2235,211,953,997,101,721,360,158209,0,0,,
60855033331,503333,1,1573,205,363,296,0,768,563,214750,0,0,,
60855033332,503333,2,3017,474,371,564,161,1599,394,199417,0,0,,
60855033361,503336,1,1031,164,205,83,0,713,216,173125,0,0,,
60855033362,503336,2,1830,265,297,60,72,1204,384,193775,0,0,,
60855033371,503337,1,2525,356,424,130,184,1834,276,141964,0,0,,
60855033372,503337,2,1884,328,225,166,0,1254,530,179091,0,0,,
60855033381,503338,1,2060,473,198,194,13,1737,38,250001,0,0,,
60855033382,503338,2,1912,424,450,471,0,1216,152,250001,0,0,,
60855033391,503339,1,1711,336,168,231,0,1292,46,250001,0,0,,
60855033392,503339,2,2116,590,363,547,22,1388,106,250001,0,0,,
60855034011,503401,1,870,138,94,33,0,179,683,105804,0,0,,
60855034012,503401,2,1472,349,205,129,13,496,854,158092,0,0,,
60855034013,503401,3,1731,280,332,93,22,261,1401,67188,0,0,,
60855034021,503402,1,2108,550,259,227,5,572,1340,121250,0,0,,
60855034022,503402,2,1157,248,183,65,0,301,777,40603,0,0,,
60855034023,503402,3,1014,174,206,15,0,385,621,175125,0,0,,
60855035041,503504,1,923,88,35,15,0,78,825,205322,0,0,,
60855035042,503504,2,1116,202,197,24,0,448,597,118717,0,0,,
60855035043,503504,3,1584,364,109,35,59,338,1177,94430,0,0,,
60855035044,503504,4,1903,396,240,42,0,575,1171,156492,0,0,,
60855035061,503506,1,2428,603,554,175,0,1281,1023,114583,0,0,,
60855035062,503506,2,1463,306,137,61,0,258,1019,121875,0,0,,
60855035063,503506,3,2329,821,328,54,180,102,1998,86406,0,0,,
60855035071,503507,1,2290,461,348,50,18,797,1423,168716,0,0,,
60855035081,503508,1,2112,467,378,25,157,313,1531,111806,0,0,,
60855035082,503508,2,1581,387,173,164,36,565,578,134038,0,0,,
60855035083,503508,3,2286,548,235,430,69,135,2027,132083,0,0,,
60855035091,503509,1,2138,717,207,62,28,478,1574,166250,0,0,,
60855035092,503509,2,1852,382,326,183,123,805,851,133750,0,0,,
60855035101,503510,1,1889,529,63,268,3,161,1476,122098,0,0,,
60855035102,503510,2,789,89,100,163,0,288,301,184444,0,0,,
60855035103,503510,3,1592,323,281,172,0,408,966,122300,0,0,,
60855035111,503511,1,1672,326,378,64,103,1045,499,136111,0,0,,
60855035112,503511,2,1888,401,246,197,8,617,1096,108958,0,0,,
60855036011,503601,1,1538,275,249,235,47,387,869,120650,0,0,,
60855036012,503601,2,1986,568,154,643,38,277,1238,90227,0,0,,
60855036021,503602,1,1333,338,189,99,5,256,973,102759,0,0,,
60855036022,503602,2,1932,399,477,48,18,798,1057,98750,0,0,,
60855036023,503602,3,1611,532,196,138,82,473,1056,98304,0,0,,
60855037031,503703,1,1642,404,231,144,0,321,1307,99583,0,0,,
60855037032,503703,2,2216,445,216,21,128,602,1479,109444,0,0,,
60855037071,503707,1,1732,238,214,209,64,672,951,128873,0,0,,
60855037072,503707,2,1821,396,289,99,21,1152,575,92054,0,0,,
60855037073,503707,3,1112,117,129,88,56,196,675,71600,0,0,,
60855037081,503708,1,2530,445,434,212,2,1703,521,103446,0,0,,
60855037091,503709,1,3855,1008,648,216,322,1948,1086,91696,0,0,,
60855037092,503709,2,887,117,281,89,0,561,208,46404,0,0,,
60855037093,503709,3,1120,50,366,37,1,1035,47,-666666666,0,0,,
60855037101,503710,1,1553,354,339,47,0,593,801,33750,0,0,,
60855037102,503710,2,1493,308,294,210,0,568,773,55769,0,0,,
60855037111,503711,1,789,144,51,42,1,387,351,79886,0,0,,
60855037112,503711,2,1731,490,198,158,0,604,1104,108287,0,0,,
60855037113,503711,3,1503,418,204,73,15,198,1213,113929,0,0,,
60855037121,503712,1,772,190,74,12,0,371,389,76579,0,0,,
60855037122,503712,2,1165,239,310,71,35,351,759,46766,0,0,,
60855037123,503712,3,1833,262,646,130,21,1003,656,50160,0,0,,
60855037131,503713,1,2371,618,345,110,163,825,1326,68087,0,0,,
60855037132,503713,2,711,236,44,29,0,207,475,85673,0,0,,
60855038021,503802,1,1079,119,342,48,0,1031,12,236563,0,0,,
60855038022,503802,2,1936,468,186,145,124,658,941,113795,0,0,,
60855038023,503802,3,1437,299,242,291,58,395,714,117549,0,0,,
60855038024,503802,4,3195,998,508,282,1,979,1391,94091,0,0,,
60855038031,503803,1,2421,653,338,120,26,1097,1093,195156,0,0,,
60855038032,503803,2,1520,314,198,172,95,965,405,149438,0,0,,
60855038033,503803,3,1447,173,273,234,42,912,192,199625,0,0,,
60855038041,503804,1,2279,345,508,310,52,1146,648,153611,0,0,,
60855038042,503804,2,1735,200,174,35,87,829,852,79688,0,0,,
60855038043,503804,3,2217,381,389,353,93,1629,185,169167,0,0,,
60855039021,503902,1,1864,384,191,278,0,449,1229,130625,0,0,,
60855039022,503902,2,1051,296,75,239,0,52,895,128813,0,0,,
60855039023,503902,3,1580,191,332,296,0,763,655,136771,0,0,,
60855039024,503902,4,1692,477,190,327,28,256,1119,96125,0,0,,
60855039031,503903,1,1642,199,339,228,6,1014,377,128597,0,0,,
60855039032,503903,2,1269,254,151,171,91,344,662,163023,0,0,,
60855040011,504001,1,1596,390,182,169,11,208,1355,121359,0,0,,
60855040012,504001,2,1869,226,358,236,0,671,1068,118750,0,0,,
60855040013,504001,3,1408,236,242,125,37,358,922,59922,0,0,,
60855040021,504002,1,2634,607,360,340,17,1056,1375,91573,0,0,,
60855040022,504002,2,1545,508,82,182,0,158,1387,150764,0,0,,
60855040023,504002,3,2197,339,224,227,0,972,1032,84702,0,0,,
60855041011,504101,1,1287,170,288,263,29,396,756,154861,0,0,,
60855041012,504101,2,1170,256,268,109,0,100,933,106406,0,0,,
60855041013,504101,3,1171,244,212,236,10,387,495,144479,0,0,,
60855041021,504102,1,2325,433,404,215,0,751,1378,188295,0,0,,
60855041022,504102,2,1931,445,276,208,0,491,1095,157986,0,0,,
60855041023,504102,3,1017,133,249,36,0,376,616,77283,0,0,,
60855042011,504201,1,3041,733,412,1137,118,959,589,161553,0,0,,
60855042012,504201,2,1596,302,397,361,22,922,195,250001,0,0,,
60855042013,504201,3,1383,212,190,482,87,509,330,207143,0,0,,
60855042021,504202,1,710,117,239,250,24,307,95,195227,0,0,,
60855042022,504202,2,2082,364,380,556,79,620,827,228472,0,0,,
60855042023,504202,3,1359,142,298,462,51,553,325,233026,0,0,,
60855043071,504307,1,2487,509,312,121,22,1779,569,154322,0,0,,
60855043072,504307,2,3229,660,670,624,13,1912,803,161184,0,0,,
60855043081,504308,1,2007,487,239,406,37,1013,306,250001,0,0,,
60855043082,504308,2,1179,77,314,275,0,808,65,73542,0,0,,
60855043083,504308,3,1712,325,367,427,32,893,445,250001,0,0,,
60855043111,504311,1,2646,396,400,708,0,1785,134,202981,0,0,,
60855043112,504311,2,1862,197,419,77,11,1737,79,216736,0,0,,
60855043113,504311,3,2894,301,35,74,197,1970,532,153691,0,0,,
60855043114,504311,4,1448,290,370,32,16,1235,157,170945,0,0,,
60855043141,504314,1,1169,197,180,89,17,728,267,168833,0,0,,
60855043142,504314,2,1388,343,163,27,46,1127,157,250001,0,0,,
60855043143,504314,3,560,123,173,97,0,335,107,-666666666,0,0,,
60855043144,504314,4,1308,186,414,77,141,759,259,198229,0,0,,
60855043151,504315,1,1416,259,154,246,0,1019,84,163839,0,0,,
60855043152,504315,2,561,54,74,87,4,346,124,250001,0,0,,
60855043153,504315,3,2137,304,433,263,0,1620,267,192014,0,0,,
60855043154,504315,4,1104,178,163,229,29,846,60,250001,0,0,,
60855043155,504315,5,1257,280,67,206,42,541,436,115877,0,0,,
60855043161,504316,1,2547,365,382,230,9,1664,620,194167,0,0,,
60855043162,504316,2,2856,521,434,268,6,2186,389,187708,0,0,,
60855043171,504317,1,2281,342,617,232,0,1535,448,194625,0,0,,
60855043172,504317,2,1358,107,317,94,0,1081,128,169342,0,0,,
60855043181,504318,1,1384,181,190,166,28,780,229,163250,0,0,,
60855043182,504318,2,1931,259,246,186,0,1632,97,83807,0,0,,
60855043183,504318,3,4674,1219,512,480,117,1992,2109,107368,0,0,,
60855043191,504319,1,2218,410,457,293,96,1528,129,176020,0,0,,
60855043192,504319,2,1987,277,353,153,0,1685,113,250001,0,0,,
60855043193,504319,3,792,124,47,29,0,526,196,-666666666,0,0,,
60855043194,504319,4,983,103,318,228,15,336,414,-666666666,0,0,,
60855043201,504320,1,1781,351,360,163,55,1256,261,171000,0,0,,
60855043202,504320,2,1209,175,421,119,22,875,126,200577,0,0,,
60855043211,504321,1,2524,347,487,304,77,1653,440,139808,0,0,,
60855043212,504321,2,1590,218,196,162,2,860,540,180938,0,0,,
60855043213,504321,3,1442,371,253,185,24,709,231,212778,0,0,,
60855043221,504322,1,775,149,188,90,231,394,36,89643,0,0,,
60855043222,504322,2,2030,427,336,176,25,1313,338,197083,0,0,,
60855043223,504322,3,2480,542,34,186,0,2137,115,160625,0,0,,
60855043231,504323,1,1447,254,382,253,47,1067,173,161620,0,0,,
60855043232,504323,2,2691,647,292,265,71,2157,155,168625,0,0,,
60855043233,504323,3,1676,372,271,566,0,1021,94,141364,0,0,,
60855044101,504410,1,1751,224,261,169,0,1316,144,193889,0,0,,
60855044102,504410,2,2209,587,338,420,52,1071,745,126750,0,0,,
60855044111,504411,1,3138,477,470,434,45,1990,725,183824,0,0,,
60855044112,504411,2,2415,411,358,539,17,1363,274,146250,0,0,,
60855044121,504412,1,1042,220,186,159,8,735,129,222961,0,0,,
60855044122,504412,2,1424,448,114,12,0,1006,385,130875,0,0,,
60855044123,504412,3,1360,201,129,52,22,1193,210,143833,0,0,,
60855044124,504412,4,1102,297,97,55,0,823,187,146215,0,0,,
60855044131,504413,1,1963,385,551,178,27,1549,114,155982,0,0,,
60855044141,504414,1,2637,686,724,209,15,2174,154,141250,0,0,,
60855044142,504414,2,1593,297,397,108,0,1315,29,136250,0,0,,
60855044143,504414,3,911,133,150,171,0,677,31,248523,0,0,,
60855044151,504415,1,1774,332,321,129,16,1482,85,219281,0,0,,
60855044152,504415,2,1854,419,369,172,0,1490,171,187500,0,0,,
60855044153,504415,3,1257,263,261,377,0,755,91,212361,0,0,,
60855044161,504416,1,1959,562,253,106,12,1770,101,208750,0,0,,
60855044162,504416,2,1832,443,172,528,24,1192,33,190554,0,0,,
60855044181,504418,1,986,164,201,180,0,403,436,94031,0,0,,
60855044182,504418,2,2005,411,472,205,57,1278,424,161071,0,0,,
60855044183,504418,3,960,153,67,49,22,464,444,130081,0,0,,
60855044211,504421,1,1439,208,420,74,0,1097,279,232591,0,0,,
60855044212,504421,2,1755,355,363,254,25,1283,173,158859,0,0,,
60855044213,504421,3,2228,653,279,231,225,1677,83,153000,0,0,,
60855044221,504422,1,1652,397,261,44,23,1293,231,100852,0,0,,
60855044222,504422,2,1788,312,321,140,2,1467,71,184625,0,0,,
60855044231,504423,1,2101,443,355,387,69,1194,337,181250,0,0,,
60855044241,504424,1,741,48,229,157,0,484,105,185313,0,0,,
60855044242,504424,2,1912,341,402,381,11,1105,325,122750,0,0,,
60855044243,504424,3,1315,248,186,84,0,926,102,144097,0,0,,
60855044244,504424,4,1006,174,131,251,0,573,332,153750,0,0,,
60855045051,504505,1,806,74,280,0,26,686,94,141337,0,0,,
60855045052,504505,2,2357,485,582,707,44,1475,107,-666666666,0,0,,
60855045053,504505,3,1901,252,46,15,0,1602,255,210865,0,0,,
60855045054,504505,4,6546,1310,43,437,312,4759,991,250001,0,0,,
60855045061,504506,1,1708,532,126,410,0,1153,381,250001,0,0,,
60855045062,504506,2,1324,355,59,150,0,789,385,180716,0,0,,
60855045063,504506,3,2474,300,507,272,43,1943,249,76753,0,0,,
60855045064,504506,4,1682,411,174,86,13,1486,97,238484,0,0,,
60855045071,504507,1,1098,256,144,223,17,704,120,138400,0,0,,
60855045072,504507,2,2258,716,208,141,0,1497,550,150938,0,0,,
60855045073,504507,3,1099,133,308,76,19,926,169,170150,0,0,,
60855045074,504507,4,1597,312,195,330,111,770,365,170865,0,0,,
60855045081,504508,1,1784,0,26,503,160,143,927,-666666666,0,0,,
60855045082,504508,2,2078,514,293,299,46,1447,355,186083,0,0,,
60855045091,504509,1,4921,910,184,238,51,4266,79,181165,0,0,,
60855045101,504510,1,1567,392,85,77,54,1360,134,119250,0,0,,
60855045102,504510,2,2333,330,283,353,0,1791,187,173516,0,0,,
60855046011,504601,1,1212,170,300,429,13,313,466,74250,0,0,,
60855046021,504602,1,1542,255,207,372,33,286,900,121953,0,0,,
60855047001,504700,1,845,381,3,398,30,59,173,194917,0,0,,
60855048021,504802,1,1498,219,271,535,1,660,311,117010,0,0,,
60855048022,504802,2,947,78,259,199,0,514,204,149688,0,0,,
60855048023,504802,3,2061,307,197,477,10,799,637,106447,0,0,,
60855048051,504805,1,3218,630,687,1501,170,652,938,148506,0,0,,
60855048052,504805,2,1836,171,275,372,0,1039,400,114615,0,0,,
60855048053,504805,3,2355,227,322,908,0,997,571,156318,0,0,,
60855048061,504806,1,1386,208,257,439,0,291,511,111563,0,0,,
60855048062,504806,2,1367,151,263,227,0,842,282,166912,0,0,,
60855048071,504807,1,739,33,436,491,0,206,50,91458,0,0,,
60855048072,504807,2,3721,492,158,799,80,2619,199,250001,0,0,,
60855048073,504807,3,1460,75,52,295,0,980,185,231804,0,0,,
60855048081,504808,1,2111,465,327,403,58,639,932,117054,0,0,,
60855049021,504902,1,764,153,10,290,29,279,87,157656,0,0,,
60855049022,504902,2,2092,512,271,404,84,1319,291,240250,0,0,,
60855049023,504902,3,1554,323,158,206,0,1256,68,236042,0,0,,
60855049031,504903,1,1483,94,22,123,0,932,472,172901,0,0,,
60855049032,504903,2,2364,558,156,480,0,1693,186,250001,0,0,,
60855049033,504903,3,1381,343,46,249,86,754,45,249408,0,0,,
60855050061,505006,1,3033,377,27,675,37,2118,167,250001,0,0,,
60855050062,505006,2,2893,368,80,532,43,2228,140,227148,0,0,,
60855050063,505006,3,1030,76,61,64,0,938,0,250001,0,0,,
60855050064,505006,4,2060,325,12,313,0,1631,70,122086,0,0,,
60855050065,505006,5,2163,378,2,333,0,1767,71,244509,0,0,,
60855050071,505007,1,885,99,252,251,26,374,224,140208,0,0,,
60855050072,505007,2,1548,298,247,404,100,593,427,165000,0,0,,
60855050073,505007,3,1790,383,263,400,27,820,560,176346,0,0,,
60855050101,505010,1,1812,479,196,133,24,1452,86,250001,0,0,,
60855050102,505010,2,2029,383,207,357,125,1260,287,176094,0,0,,
60855050103,505010,3,915,134,88,276,34,384,185,150588,0,0,,
60855050111,505011,1,2249,442,102,433,0,1480,258,145888,0,0,,
60855050112,505011,2,1755,194,156,407,17,1085,263,218000,0,0,,
60855050113,505011,3,824,159,137,128,19,467,193,-666666666,0,0,,
60855050121,505012,1,2659,220,103,872,23,1552,202,218750,0,0,,
60855050131,505013,1,1419,156,23,277,0,804,283,205455,0,0,,
60855050132,505013,2,2765,189,109,692,16,1777,340,193620,0,0,,
60855050133,505013,3,1453,132,0,127,0,1207,137,220625,0,0,,
60855050141,505014,1,2605,666,57,187,631,1125,630,151000,0,0,,
60855050142,505014,2,1347,267,109,107,37,488,705,188464,0,0,,
60855050143,505014,3,2526,183,166,337,58,1897,57,159583,0,0,,
60855050151,505015,1,3536,569,70,515,11,2168,754,210765,0,0,,
60855050152,505015,2,1633,252,223,323,11,299,1012,78906,0,0,,
60855051001,505100,1,1438,191,248,93,13,651,625,58472,0,0,,
60855051002,505100,2,47,0,0,47,0,0,0,-666666666,0,0,,
60855051003,505100,3,2074,377,273,588,59,648,784,165938,0,0,,
60855051004,505100,4,434,0,0,53,63,291,27,168306,0,0,,
60855052021,505202,1,1521,246,323,535,17,577,273,100948,0,0,,
60855052022,505202,2,3963,665,56,863,0,1735,1330,227092,0,0,,
60855052023,505202,3,1074,230,124,81,0,406,573,162700,0,0,,
60855052024,505202,4,1715,162,275,457,72,944,143,172759,0,0,,
60855052031,505203,1,4947,201,102,2463,151,1662,669,141745,0,0,,
60855052032,505203,2,778,128,155,331,99,38,240,113942,0,0,,
60855053011,505301,1,1150,255,110,236,0,365,545,142788,0,0,,
60855053012,505301,2,3038,444,169,406,30,2012,455,217400,0,0,,
60855053013,505301,3,1226,114,237,325,16,666,200,-666666666,0,0,,
60855053021,505302,1,2274,530,325,1034,13,1056,104,195875,0,0,,
60855053022,505302,2,2684,558,287,597,64,1431,370,239535,0,0,,
60855053031,505303,1,1773,266,280,470,219,595,477,183542,0,0,,
60855053032,505303,2,1355,234,299,212,0,585,563,69978,0,0,,
60855053033,505303,3,1108,216,75,547,20,420,141,250001,0,0,,
60855053034,505303,4,1641,156,47,338,0,960,419,123155,0,0,,
60855053041,505304,1,1208,202,195,208,0,712,322,-666666666,0,0,,
60855053042,505304,2,656,141,119,373,4,199,107,225854,0,0,,
60855053043,505304,3,1635,247,225,487,0,986,132,250001,0,0,,
60855053051,505305,1,2201,324,402,1225,0,753,186,240137,0,0,,
60855053052,505305,2,649,92,78,257,0,352,26,250001,0,0,,
60855053053,505305,3,1208,270,100,185,0,998,31,135521,0,0,,
60855053054,505305,4,1614,381,164,425,0,1105,60,178587,0,0,,
60855054011,505401,1,871,83,152,145,0,502,211,212955,0,0,,
60855054012,505401,2,1954,239,115,399,30,1427,79,153800,0,0,,
60855054013,505401,3,836,85,321,496,37,248,123,-666666666,0,0,,
60855054014,505401,4,2494,122,42,432,18,1805,197,219925,0,0,,
60855054015,505401,5,452,40,70,0,92,309,51,-666666666,0,0,,
60855054021,505402,1,1252,238,137,275,14,627,214,225875,0,0,,
60855054022,505402,2,1799,254,326,601,11,831,389,120878,0,0,,
60855054031,505403,1,3032,442,277,877,0,1963,261,189297,0,0,,
60855054032,505403,2,2151,471,215,624,0,1372,186,206607,0,0,,
60855054033,505403,3,2953,754,93,355,65,1646,711,110556,0,0,,
60855055001,505500,1,1157,205,98,851,0,167,205,208097,0,0,,
60855055002,505500,2,1975,475,227,580,223,493,582,170750,0,0,,
60855055003,505500,3,1639,380,220,585,40,587,393,170891,0,0,,
60855056001,505600,1,1472,144,132,682,34,554,250,102474,0,0,,
60855056002,505600,2,936,204,102,586,108,139,75,238750,0,0,,
60855056003,505600,3,2400,116,302,1198,15,891,241,124886,0,0,,
60855057001,505700,1,1129,56,113,287,43,456,282,-666666666,0,0,,
60855057002,505700,2,1147,125,207,461,0,203,345,89792,0,0,,
60855057003,505700,3,1526,226,113,914,18,371,201,98375,0,0,,
60855057004,505700,4,1834,198,223,577,13,950,142,145081,0,0,,
60855058001,505800,1,1049,319,94,623,0,86,490,115278,0,0,,
60855058002,505800,2,937,224,25,400,9,328,190,209195,0,0,,
60855058003,505800,3,736,53,155,408,14,189,123,161094,0,0,,
60855058004,505800,4,961,145,239,691,0,45,228,149107,0,0,,
60855059011,505901,1,1381,205,327,478,4,752,93,250001,0,0,,
60855059012,505901,2,1796,252,168,851,0,761,204,179773,0,0,,
60855059013,505901,3,924,160,108,527,0,112,194,130000,0,0,,
60855059021,505902,1,2250,461,170,1052,72,532,515,106324,0,0,,
60855059022,505902,2,1643,149,405,670,20,639,285,131734,0,0,,
60855060001,506000,1,945,76,155,491,0,221,235,194500,0,0,,
60855060002,506000,2,1417,317,276,696,0,510,472,201850,0,0,,
60855060003,506000,3,1826,274,262,711,22,812,219,168906,0,0,,
60855060004,506000,4,800,170,66,157,0,474,72,250001,0,0,,
60855061011,506101,1,1277,206,273,657,36,440,78,165375,0,0,,
60855061012,506101,2,1823,472,349,599,21,713,495,224375,0,0,,
60855061013,506101,3,1543,410,188,499,0,798,250,170078,0,0,,
60855061021,506102,1,1689,279,420,568,0,661,379,204500,0,0,,
60855061022,506102,2,2745,511,350,888,55,1304,235,188980,0,0,,
60855061031,506103,1,2235,547,349,344,0,1486,117,238750,0,0,,
60855061032,506103,2,792,190,161,203,53,438,50,221161,0,0,,
60855061033,506103,3,1199,240,130,417,12,430,123,222292,0,0,,
60855061034,506103,4,961,154,232,196,0,714,30,250001,0,0,,
60855062021,506202,1,1829,449,206,189,0,1200,98,250001,0,0,,
60855062022,506202,2,3118,784,504,882,1,1759,245,170714,0,0,,
60855062023,506202,3,1062,193,418,372,23,480,70,152740,0,0,,
60855062024,506202,4,2304,590,466,816,156,1231,0,245441,0,0,,
60855062031,506203,1,2410,571,118,137,0,1307,890,111136,0,0,,
60855062032,506203,2,2256,636,53,260,0,1796,146,140714,0,0,,
60855062033,506203,3,671,133,117,209,0,437,0,220208,0,0,,
60855062034,506203,4,1380,321,163,157,91,723,363,187895,0,0,,
60855062041,506204,1,1824,444,254,486,117,1102,2,175658,0,0,,
60855062042,506204,2,1325,278,92,269,56,526,465,220774,0,0,,
60855062043,506204,3,1015,203,197,327,0,554,33,187609,0,0,,
60855062044,506204,4,1696,321,348,140,0,1370,80,250001,0,0,,
60855063011,506301,1,1025,201,115,408,46,239,291,149671,0,0,,
60855063012,506301,2,1461,166,283,614,0,512,285,91468,0,0,,
60855063013,506301,3,1275,169,248,569,0,361,84,145477,0,0,,
60855063014,506301,4,1233,187,262,311,18,624,167,153239,0,0,,
60855063021,506302,1,2038,368,237,1184,18,705,253,223529,0,0,,
60855063022,506302,2,1606,211,244,381,258,813,64,156339,0,0,,
60855063023,506302,3,1578,513,174,757,0,268,593,-666666666,0,0,,
60855063024,506302,4,1135,31,173,371,61,541,110,186250,0,0,,
60855063041,506304,1,2941,866,432,303,88,1208,1328,91394,0,0,,
60855063042,506304,2,820,214,185,411,0,323,93,207625,0,0,,
60855063043,506304,3,2195,509,12,855,90,769,625,119528,0,0,,
60855063051,506305,1,642,75,115,222,30,212,140,161369,0,0,,
60855063052,506305,2,1935,562,84,476,96,505,663,93011,0,0,,
60855063053,506305,3,1038,147,375,354,19,419,193,56053,0,0,,
60855063054,506305,4,1620,439,90,450,249,326,542,106535,0,0,,
60855064011,506401,1,578,39,0,331,0,87,142,206023,0,0,,
60855064012,506401,2,1494,483,43,511,285,185,571,128226,0,0,,
60855064013,506401,3,995,81,145,302,10,348,317,113750,0,0,,
60855064014,506401,4,1691,229,77,774,0,563,187,245750,0,0,,
60855064021,506402,1,1363,221,354,475,62,252,522,83574,0,0,,
60855064022,506402,2,686,188,91,301,0,105,97,181848,0,0,,
60855064023,506402,3,846,181,96,323,17,128,330,135865,0,0,,
60855064024,506402,4,1251,155,260,415,13,567,138,211058,0,0,,
60855064025,506402,5,1111,217,204,645,0,103,462,117462,0,0,,
60855065021,506502,1,1568,295,144,1098,18,50,469,143175,0,0,,
60855065022,506502,2,604,67,57,534,0,51,37,129167,0,0,,
60855065023,506502,3,2868,720,229,1577,161,275,901,169236,0,0,,
60855065031,506503,1,1634,414,497,840,0,480,168,109311,0,0,,
60855065032,506503,2,2341,189,968,886,15,759,635,83077,0,0,,
60855065033,506503,3,2648,758,193,1261,41,192,1309,119024,0,0,,
60855065041,506504,1,1296,334,143,407,76,114,694,94226,0,0,,
60855065042,506504,2,840,196,26,68,13,108,605,105433,0,0,,
60855065051,506505,1,1845,615,185,492,335,387,684,103609,0,0,,
60855065052,506505,2,2342,652,214,1014,32,490,886,141563,0,0,,
60855066011,506601,1,1564,406,189,645,0,516,470,107250,0,0,,
60855066012,506601,2,693,90,189,296,0,216,112,185833,0,0,,
60855066013,506601,3,1568,281,204,576,19,506,394,144219,0,0,,
60855066031,506603,1,771,223,89,261,14,455,24,214792,0,0,,
60855066032,506603,2,1912,523,295,782,0,733,167,250001,0,0,,
60855066033,506603,3,1612,294,126,685,0,510,329,250001,0,0,,
60855066041,506604,1,715,169,53,193,0,322,184,176359,0,0,,
60855066042,506604,2,1610,338,420,735,24,776,124,231974,0,0,,
60855066043,506604,3,1200,212,329,610,15,378,134,130750,0,0,,
60855066044,506604,4,1997,721,115,440,0,1189,278,207500,0,0,,
60855066045,506604,5,1333,420,114,450,2,807,57,242167,0,0,,
60855066051,506605,1,2272,424,358,1019,12,699,494,140690,0,0,,
60855066052,506605,2,2003,324,328,408,267,671,491,138663,0,0,,
60855066061,506606,1,716,177,28,137,0,530,55,177013,0,0,,
60855066062,506606,2,2641,802,345,1246,19,648,532,134079,0,0,,
60855066063,506606,3,1619,273,483,328,42,491,666,73750,0,0,,
60855067011,506701,1,707,222,110,155,0,454,38,250001,0,0,,
60855067012,506701,2,2112,447,348,777,24,993,227,197328,0,0,,
60855067013,506701,3,1801,436,235,1024,10,684,89,250001,0,0,,
60855067021,506702,1,2525,457,543,523,100,1023,635,115068,0,0,,
60855067022,506702,2,1557,374,292,943,0,413,194,160724,0,0,,
60855067023,506702,3,1673,534,73,919,55,389,250,113611,0,0,,
60855067031,506703,1,1969,312,325,1077,27,418,110,238649,0,0,,
60855067032,506703,2,953,234,154,590,60,176,138,120638,0,0,,
60855067033,506703,3,948,111,239,363,32,390,154,153542,0,0,,
60855068011,506801,1,2331,582,384,1375,2,719,321,202632,0,0,,
60855068012,506801,2,1780,468,332,955,9,691,215,241184,0,0,,
60855068013,506801,3,1251,315,339,1029,0,149,84,211250,0,0,,
60855068014,506801,4,854,254,51,605,0,230,0,250001,0,0,,
60855068021,506802,1,1454,350,230,681,2,376,148,234702,0,0,,
60855068022,506802,2,961,289,149,665,0,134,129,240078,0,0,,
60855068023,506802,3,655,114,217,370,0,219,80,201058,0,0,,
60855068024,506802,4,501,96,52,205,0,226,38,-666666666,0,0,,
60855068025,506802,5,2190,669,183,762,4,1079,291,202566,0,0,,
60855068031,506803,1,2028,613,191,941,0,918,94,244914,0,0,,
60855068032,506803,2,1284,458,167,701,0,237,16,250001,0,0,,
60855068033,506803,3,2427,436,324,981,0,1023,340,144700,0,0,,
60855068034,506803,4,1317,463,83,475,67,104,459,93813,0,0,,
60855068041,506804,1,489,32,137,375,0,44,63,161111,0,0,,
60855068042,506804,2,1629,519,205,1148,0,332,38,189858,0,0,,
60855068043,506804,3,1758,368,340,1024,0,332,208,250001,0,0,,
60855068044,506804,4,501,166,41,139,16,202,49,242875,0,0,,
60855069001,506900,1,1442,407,97,1063,0,280,122,211838,0,0,,
60855069002,506900,2,2124,539,442,1344,3,441,45,167083,0,0,,
60855069003,506900,3,2021,344,495,1402,0,359,110,250001,0,0,,
60855069004,506900,4,2573,776,819,1955,46,207,248,250001,0,0,,
60855070021,507002,1,2251,632,403,1636,6,501,150,250001,0,0,,
60855070022,507002,2,1074,108,273,910,0,102,62,217917,0,0,,
60855070031,507003,1,975,205,162,532,0,317,77,250001,0,0,,
60855070032,507003,2,1920,325,616,1406,7,322,109,214444,0,0,,
60855070041,507004,1,1425,164,236,1173,38,10,72,180500,0,0,,
60855070042,507004,2,1786,434,406,1070,155,540,18,177326,0,0,,
60855070043,507004,3,633,112,164,250,17,181,203,126750,0,0,,
60855071001,507100,1,783,146,184,655,0,112,27,206389,0,0,,
60855071002,507100,2,2037,414,208,1610,0,135,166,156023,0,0,,
60855072031,507203,1,1677,554,185,771,18,259,582,149271,0,0,,
60855072032,507203,2,1420,331,247,771,11,519,56,250001,0,0,,
60855072051,507205,1,564,124,67,251,0,229,57,225385,0,0,,
60855072052,507205,2,1566,265,534,991,0,453,29,218750,0,0,,
60855072053,507205,3,1863,500,189,1081,15,319,410,250001,0,0,,
60855072054,507205,4,466,100,98,367,0,82,12,250001,0,0,,
60855072061,507206,1,1845,493,471,1238,7,315,167,250001,0,0,,
60855072062,507206,2,981,143,267,655,18,183,58,250001,0,0,,
60855073011,507301,1,969,143,90,347,0,609,0,248839,0,0,,
60855073012,507301,2,1426,466,298,360,0,972,0,244009,0,0,,
60855073013,507301,3,658,104,208,240,0,418,0,169010,0,0,,
60855073014,507301,4,616,176,128,138,0,408,0,250001,0,0,,
60855073015,507301,5,1726,263,478,1026,0,640,38,250001,0,0,,
60855073016,507301,6,992,82,606,490,0,454,9,166313,0,0,,
60855073021,507302,1,1680,345,493,805,7,678,75,250001,0,0,,
60855073022,507302,2,974,79,271,590,0,317,15,250001,0,0,,
60855074011,507401,1,1079,236,268,278,0,780,0,235500,0,0,,
60855074012,507401,2,1349,250,441,400,28,850,0,239150,0,0,,
60855074013,507401,3,1246,327,363,303,0,905,22,219500,0,0,,
60855074014,507401,4,1152,184,268,213,0,909,12,250001,0,0,,
60855074015,507401,5,974,112,195,300,0,608,11,250001,0,0,,
60855074021,507402,1,1600,339,447,443,0,992,146,243221,0,0,,
60855074022,507402,2,1100,202,381,580,0,366,136,250001,0,0,,
60855074023,507402,3,1222,178,285,455,6,638,64,223047,0,0,,
60855075001,507500,1,2221,511,306,370,0,1701,115,250001,0,0,,
60855075002,507500,2,1322,291,347,327,0,875,16,139281,0,0,,
60855075003,507500,3,976,126,290,185,0,732,59,250001,0,0,,
60855075004,507500,4,1436,233,586,630,0,711,23,131250,0,0,,
60855076001,507600,1,769,96,238,261,0,508,0,217188,0,0,,
60855076002,507600,2,1275,281,452,523,0,666,0,250001,0,0,,
60855076003,507600,3,1756,437,319,451,0,1075,126,250001,0,0,,
60855076004,507600,4,2344,422,373,634,0,1547,0,250001,0,0,,
60855077011,507701,1,788,105,191,189,0,493,99,226518,0,0,,
60855077012,507701,2,2013,452,325,311,0,1582,37,250001,0,0,,
60855077013,507701,3,987,129,330,220,0,632,31,146833,0,0,,
60855077021,507702,1,2365,632,406,366,0,1895,0,250001,0,0,,
60855077022,507702,2,1858,467,438,493,0,1346,0,250001,0,0,,
60855077023,507702,3,2241,491,391,210,0,1977,77,250001,0,0,,
60855077041,507704,1,862,261,108,141,0,702,19,241806,0,0,,
60855077042,507704,2,2505,564,595,825,3,1505,106,145329,0,0,,
60855077051,507705,1,1578,337,334,411,0,989,105,196563,0,0,,
60855077052,507705,2,1160,219,326,326,15,718,34,250001,0,0,,
60855077053,507705,3,1215,200,203,369,3,709,91,250001,0,0,,
60855078051,507805,1,1243,237,220,262,45,772,174,183542,0,0,,
60855078052,507805,2,965,103,155,232,0,640,76,199792,0,0,,
60855078053,507805,3,1315,237,0,352,0,894,76,230365,0,0,,
60855078054,507805,4,1365,410,156,619,35,636,88,219063,0,0,,
60855078061,507806,1,1312,280,206,326,8,876,17,250001,0,0,,
60855078062,507806,2,1805,510,114,226,0,1531,23,201129,0,0,,
60855078063,507806,3,1354,409,7,92,0,1248,0,188644,0,0,,
60855078064,507806,4,1186,266,112,77,70,1000,39,195833,0,0,,
60855078071,507807,1,1456,330,226,265,1,1124,51,250001,0,0,,
60855078072,507807,2,1659,422,206,203,0,1368,0,221780,0,0,,
60855078081,507808,1,547,78,92,41,0,493,0,208875,0,0,,
60855078082,507808,2,1755,471,249,309,0,1429,19,250001,0,0,,
60855078083,507808,3,1706,533,79,136,0,1296,190,250001,0,0,,
60855078084,507808,4,1712,400,209,172,0,1478,15,250001,0,0,,
60855079031,507903,1,1151,160,330,211,0,940,25,206146,0,0,,
60855079032,507903,2,2194,646,215,245,0,1949,0,250001,0,0,,
60855079033,507903,3,1692,457,393,377,0,1278,66,163786,0,0,,
60855079041,507904,1,1426,294,291,189,0,1156,18,239773,0,0,,
60855079042,507904,2,1537,354,301,304,70,988,101,250001,0,0,,
60855079051,507905,1,1507,151,89,471,261,551,342,86604,0,0,,
60855079052,507905,2,1566,278,226,237,0,1329,0,241307,0,0,,
60855079053,507905,3,3523,1579,325,258,0,1880,48,209917,0,0,,
60855079061,507906,1,1322,165,278,295,0,1007,0,250001,0,0,,
60855079062,507906,2,1014,223,148,104,0,813,84,250001,0,0,,
60855079063,507906,3,882,182,165,166,0,651,0,250001,0,0,,
60855079064,507906,4,1281,427,133,112,0,1123,56,250001,0,0,,
60855080031,508003,1,1364,333,152,254,0,946,67,183393,0,0,,
60855080032,508003,2,872,214,102,250,0,586,13,241750,0,0,,
60855080041,508004,1,2775,733,85,322,0,2336,115,250001,0,0,,
60855080042,508004,2,1410,190,322,445,0,880,0,250001,0,0,,
60855080043,508004,3,1946,498,165,582,0,892,426,215625,0,0,,
60855080051,508005,1,1182,221,302,314,0,744,55,113629,0,0,,
60855080052,508005,2,1483,278,257,254,0,1096,85,189375,0,0,,
60855080053,508005,3,1170,285,228,518,0,609,37,250001,0,0,,
60855080061,508006,1,2580,529,440,588,22,1716,189,241574,0,0,,
60855080062,508006,2,1237,259,213,179,0,988,18,210278,0,0,,
60855081011,508101,1,2021,494,205,408,0,1457,2,250001,0,0,,
60855081012,508101,2,2627,789,280,717,0,1736,104,250001,0,0,,
60855081013,508101,3,2031,419,314,717,0,1023,302,210079,0,0,,
60855081021,508102,1,2555,690,313,673,0,1794,38,217500,0,0,,
60855081022,508102,2,1138,222,73,224,71,682,75,214135,0,0,,
60855082031,508203,1,1461,458,243,817,1,598,43,250001,0,0,,
60855082032,508203,2,1837,561,287,562,0,1162,19,250001,0,0,,
60855082033,508203,3,2213,628,336,886,34,1184,125,250001,0,0,,
60855082041,508204,1,1987,575,221,339,39,1204,386,250001,0,0,,
60855082042,508204,2,1126,387,117,303,0,730,46,250001,0,0,,
60855082043,508204,3,1612,345,190,344,28,1074,87,250001,0,0,,
60855082051,508205,1,1095,173,182,203,0,606,47,198125,0,0,,
60855082052,508205,2,3239,610,226,736,34,1823,330,221641,0,0,,
60855082061,508206,1,870,186,111,233,0,618,19,250001,0,0,,
60855082062,508206,2,1725,460,311,639,0,855,40,250001,0,0,,
60855082063,508206,3,1453,221,313,561,0,829,10,178427,0,0,,
60855083011,508301,1,1303,189,313,666,0,519,50,239929,0,0,,
60855083012,508301,2,1583,370,408,665,48,788,54,250001,0,0,,
60855083013,508301,3,1575,401,371,625,0,868,39,231786,0,0,,
60855083031,508303,1,1308,201,405,376,0,766,116,226389,0,0,,
60855083032,508303,2,1339,288,315,527,0,714,40,218713,0,0,,
60855083051,508305,1,1330,302,110,572,33,559,83,139722,0,0,,
60855083052,508305,2,1084,258,67,180,8,622,249,166645,0,0,,
60855083053,508305,3,2870,1022,237,93,226,1472,963,92493,0,0,,
60855083061,508306,1,692,115,76,239,0,367,27,248500,0,0,,
60855083062,508306,2,2288,424,572,838,7,1297,59,250001,0,0,,
60855084011,508401,1,1283,264,58,206,0,672,181,250001,0,0,,
60855084012,508401,2,1195,388,181,444,19,666,0,227574,0,0,,
60855084013,508401,3,1218,486,138,338,0,807,54,159307,0,0,,
60855084014,508401,4,1161,297,251,215,102,778,26,198421,0,0,,
60855084015,508401,5,1633,457,129,736,0,525,212,197036,0,0,,
60855084016,508401,6,1571,418,116,616,0,474,312,197014,0,0,,
60855084031,508403,1,552,68,224,241,0,228,19,198548,0,0,,
60855084032,508403,2,1576,558,297,848,11,329,256,250001,0,0,,
60855084033,508403,3,1048,274,155,479,0,499,27,250001,0,0,,
60855084041,508404,1,1130,272,269,493,80,492,0,-666666666,0,0,,
60855084042,508404,2,1809,498,165,520,16,1123,115,250001,0,0,,
60855084043,508404,3,1795,492,327,1240,0,327,137,242188,0,0,,
60855084044,508404,4,1578,270,139,602,17,780,84,174188,0,0,,
60855085031,508503,1,1763,370,176,218,0,1309,214,149792,0,0,,
60855085032,508503,2,1627,320,276,553,68,930,33,185341,0,0,,
60855085033,508503,3,1031,174,206,260,5,705,12,130700,0,0,,
60855085034,508503,4,1599,406,16,282,28,1228,13,168910,0,0,,
60855085051,508505,1,1398,333,172,472,0,444,324,250001,0,0,,
60855085052,508505,2,1005,147,261,356,0,563,55,213750,0,0,,
60855085053,508505,3,1341,119,230,439,48,610,0,169659,0,0,,
60855085054,508505,4,1089,265,92,238,27,472,297,-666666666,0,0,,
60855085071,508507,1,1829,299,154,179,0,1412,42,194706,0,0,,
60855085072,508507,2,1559,325,9,416,14,1088,113,152109,0,0,,
60855085081,508508,1,1290,471,215,345,15,615,291,-666666666,0,0,,
60855085082,508508,2,1120,145,253,285,0,737,50,184231,0,0,,
60855085083,508508,3,2572,605,209,280,59,597,1321,96033,0,0,,
60855085084,508508,4,891,187,63,439,0,330,80,250001,0,0,,
60855085091,508509,1,480,45,54,94,0,386,0,166518,0,0,,
60855085092,508509,2,1738,94,0,338,0,999,17,241000,0,0,,
60855085093,508509,3,504,11,353,84,0,341,33,-666666666,0,0,,
60855085094,508509,4,1518,201,404,202,46,827,428,66429,0,0,,
60855085101,508510,1,700,174,124,278,0,334,49,-666666666,0,0,,
60855085102,508510,2,2906,555,110,231,0,1644,1006,180192,0,0,,
60855086011,508601,1,1202,311,167,353,0,763,122,187297,0,0,,
60855086012,508601,2,1581,218,305,585,0,833,116,197045,0,0,,
60855086013,508601,3,1131,312,93,434,0,272,414,195938,0,0,,
60855086021,508602,1,2092,384,442,1176,105,376,260,169073,0,0,,
60855086022,508602,2,413,15,117,188,0,187,26,171840,0,0,,
60855086023,508602,3,2239,495,93,785,186,1064,60,232109,0,0,,
60855086024,508602,4,1330,34,243,397,12,693,78,116250,0,0,,
60855087051,508705,1,1018,91,94,241,0,714,13,202875,0,0,,
60855087052,508705,2,1830,147,12,437,11,1308,56,189913,0,0,,
60855087053,508705,3,1604,463,61,494,0,744,382,147857,0,0,,
60855087061,508706,1,1953,214,214,270,75,1311,232,224493,0,0,,
60855087062,508706,2,858,49,292,319,0,321,199,153173,0,0,,
60855087063,508706,3,1484,299,156,229,97,811,162,216500,0,0,,
60855087071,508707,1,1736,311,59,491,10,854,345,172868,0,0,,
60855087072,508707,2,2171,336,234,334,27,1318,393,173942,0,0,,
60855087081,508708,1,6682,745,148,826,15,5095,501,250001,0,0,,
60855088001,508800,1,2135,216,157,342,44,865,701,164412,0,0,,
60855088002,508800,2,1484,217,165,191,113,437,814,102984,0,0,,
60855089001,508900,1,934,189,141,226,13,390,291,233854,0,0,,
60855089002,508900,2,1493,415,145,303,0,726,540,196342,0,0,,
60855089003,508900,3,1021,95,109,199,31,465,205,159028,0,0,,
60855089004,508900,4,980,232,40,62,0,412,487,79677,0,0,,
60855090011,509001,1,1669,199,247,340,0,770,630,213750,0,0,,
60855090012,509001,2,1362,375,147,435,0,282,588,123140,0,0,,
60855090021,509002,1,1799,331,109,386,15,788,562,184640,0,0,,
60855090022,509002,2,2298,477,265,307,12,334,1639,116574,0,0,,
60855091021,509102,1,2138,443,211,747,17,1129,265,229505,0,0,,
60855091022,509102,2,1487,226,198,279,33,1024,151,213828,0,0,,
60855091023,509102,3,1079,130,38,298,0,689,81,250001,0,0,,
60855091061,509106,1,1123,139,156,432,0,326,332,146932,0,0,,
60855091062,509106,2,1087,143,247,449,0,498,114,197250,0,0,,
60855091063,509106,3,1913,308,60,697,56,828,363,144318,0,0,,
60855091071,509107,1,1937,589,100,869,133,522,847,81473,0,0,,
60855091072,509107,2,2059,630,41,177,57,1002,989,198750,0,0,,
60855091073,509107,3,1111,92,15,108,79,798,62,237396,0,0,,
60855091081,509108,1,1137,132,91,301,10,336,409,200469,0,0,,
60855091082,509108,2,1036,96,222,222,0,302,400,199469,0,0,,
60855091083,509108,3,1158,233,30,316,38,689,89,250001,0,0,,
60855091084,509108,4,1286,192,250,366,243,510,163,228194,0,0,,
60855091091,509109,1,3180,684,160,1032,81,1535,296,250001,0,0,,
60855091092,509109,2,2413,733,66,541,0,498,1322,127750,0,0,,
60855091093,509109,3,1560,371,37,510,0,700,171,250001,0,0,,
60855091101,509110,1,1643,339,175,917,67,502,81,208906,0,0,,
60855091102,509110,2,1674,444,74,553,38,945,110,191023,0,0,,
60855091111,509111,1,2740,608,382,832,9,1121,616,170813,0,0,,
60855091112,509111,2,1903,486,322,849,38,553,389,94868,0,0,,
60855092011,509201,1,1638,376,127,923,74,370,318,191557,0,0,,
60855092012,509201,2,1293,109,79,687,0,399,111,-666666666,0,0,,
60855092013,509201,3,1066,90,122,591,0,414,77,167938,0,0,,
60855092014,509201,4,1290,217,323,329,0,618,376,160341,0,0,,
60855092021,509202,1,1482,209,190,632,16,512,308,202375,0,0,,
60855092022,509202,2,1061,269,154,534,113,250,118,222679,0,0,,
60855092023,509202,3,1040,265,87,390,0,590,27,243690,0,0,,
60855092024,509202,4,639,116,110,126,16,267,225,228846,0,0,,
60855093021,509302,1,1446,360,309,932,0,300,224,250001,0,0,,
60855093022,509302,2,2062,440,330,596,558,607,233,136827,0,0,,
60855093031,509303,1,1160,358,153,518,5,547,35,250001,0,0,,
60855093032,509303,2,629,53,114,199,36,283,43,92132,0,0,,
60855093033,509303,3,923,205,99,345,11,367,158,250001,0,0,,
60855093034,509303,4,853,13,448,383,0,313,141,47813,0,0,,
60855093041,509304,1,1267,223,106,283,0,530,378,141728,0,0,,
60855093042,509304,2,1908,359,131,865,9,815,202,250001,0,0,,
60855094011,509401,1,1603,261,184,563,11,459,460,113487,0,0,,
60855094012,509401,2,1067,184,218,382,0,453,170,227788,0,0,,
60855094013,509401,3,2076,148,116,969,0,851,49,159750,0,0,,
60855094031,509403,1,1733,223,150,633,19,277,809,152438,0,0,,
60855094032,509403,2,1328,452,0,407,0,336,362,231667,0,0,,
60855094033,509403,3,1054,21,18,391,0,394,150,250001,0,0,,
60855094041,509404,1,1830,361,327,711,9,932,90,237961,0,0,,
60855094042,509404,2,1107,253,47,145,0,821,147,250001,0,0,,
60855094043,509404,3,1240,155,100,339,0,614,283,129145,0,0,,
60855094044,509404,4,2079,291,286,828,0,979,174,193601,0,0,,
60855095001,509500,1,1891,189,110,599,47,382,781,133654,0,0,,
60855095002,509500,2,1970,222,216,440,0,974,567,177788,0,0,,
60855095003,509500,3,1756,502,83,711,44,372,498,194869,0,0,,
60855096001,509600,1,909,53,44,366,0,439,31,221853,0,0,,
60855096002,509600,2,1284,325,127,692,0,334,430,146037,0,0,,
60855096003,509600,3,1531,348,131,744,37,426,143,200435,0,0,,
60855097001,509700,1,1204,364,135,750,16,282,77,227973,0,0,,
60855097002,509700,2,803,62,101,239,100,327,119,191696,0,0,,
60855097003,509700,3,1057,278,172,610,0,315,153,248194,0,0,,
60855098011,509801,1,1887,255,140,549,30,674,737,131500,0,0,,
60855098012,509801,2,790,121,80,621,0,84,177,121357,0,0,,
60855098013,509801,3,1628,532,233,792,0,672,32,247500,0,0,,
60855098014,509801,4,1664,462,246,907,0,606,83,222557,0,0,,
60855098021,509802,1,1496,350,164,428,59,542,357,155375,0,0,,
60855098022,509802,2,1594,379,309,634,23,475,223,250001,0,0,,
60855099011,509901,1,1498,436,297,937,8,383,5,250001,0,0,,
60855099012,509901,2,1104,388,131,590,7,367,25,250001,0,0,,
60855099021,509902,1,2287,560,598,794,269,1008,139,154722,0,0,,
60855099022,509902,2,1373,329,247,874,0,325,178,250001,0,0,,
60855099023,509902,3,1501,281,236,790,29,523,11,250001,0,0,,
60855100011,510001,1,1439,418,88,728,0,365,317,146353,0,0,,
60855100012,510001,2,1289,337,277,653,0,589,12,250001,0,0,,
60855100013,510001,3,955,298,136,442,0,513,0,250001,0,0,,
60855100014,510001,4,583,63,210,293,0,263,27,219375,0,0,,
60855100015,510001,5,824,98,196,552,13,199,26,250001,0,0,,
60855100016,510001,6,762,198,60,462,0,59,174,250001,0,0,,
60855100021,510002,1,1468,301,323,640,0,708,57,250001,0,0,,
60855100022,510002,2,1329,446,147,648,0,550,12,250001,0,0,,
60855100023,510002,3,1334,366,220,651,0,396,245,250001,0,0,,
60855101001,510100,1,1614,293,434,725,16,773,22,250001,0,0,,
60855101002,510100,2,1178,326,426,749,0,361,54,250001,0,0,,
60855102001,510200,1,1627,372,415,804,0,697,83,250001,0,0,,
60855102002,510200,2,981,199,284,503,0,432,34,250001,0,0,,
60855102003,510200,3,1957,570,297,1257,0,497,27,250001,0,0,,
60855103001,510300,1,1412,308,443,780,0,464,26,250001,0,0,,
60855103002,510300,2,2513,810,237,1128,0,1170,130,250001,0,0,,
60855103003,510300,3,724,80,279,434,0,217,86,200592,0,0,,
60855104001,510400,1,1925,403,176,669,28,1121,101,250001,0,0,,
60855104002,510400,2,655,171,198,361,0,218,49,156855,0,0,,
60855104003,510400,3,915,197,165,461,0,308,10,250001,0,0,,
60855105001,510500,1,1070,252,187,534,0,418,83,250001,0,0,,
60855105002,510500,2,1652,319,761,955,2,542,90,201108,0,0,,
60855105003,510500,3,2189,594,486,961,0,1061,50,250001,0,0,,
60855106001,510600,1,886,131,158,456,9,263,89,196094,0,0,,
60855106002,510600,2,2409,755,490,793,21,832,856,-666666666,0,0,,
60855106003,510600,3,2388,722,325,1059,0,815,160,215625,0,0,,
60855106004,510600,4,919,136,305,315,0,505,33,136842,0,0,,
60855107001,510700,1,568,126,84,234,0,283,0,241786,0,0,,
60855107002,510700,2,1745,203,201,615,20,669,146,145972,0,0,,
60855107003,510700,3,2427,418,492,947,0,1405,15,183990,0,0,,
60855108011,510801,1,1540,451,292,531,289,534,101,250001,0,0,,
60855108012,510801,2,1984,417,473,508,21,1270,26,250001,0,0,,
60855108013,510801,3,926,255,186,394,11,479,0,202824,0,0,,
60855108014,510801,4,794,160,253,272,0,429,18,233182,0,0,,
60855108021,510802,1,957,242,200,471,0,302,40,250001,0,0,,
60855108022,510802,2,1057,291,206,617,0,385,8,250001,0,0,,
60855108031,510803,1,1935,520,405,984,0,731,204,250001,0,0,,
60855108032,510803,2,1471,346,158,414,0,891,106,250001,0,0,,
60855109001,510900,1,1729,447,363,887,0,725,73,141016,0,0,,
60855109002,510900,2,1676,350,398,759,0,551,162,227273,0,0,,
60855109003,510900,3,1026,102,94,319,66,506,44,213750,0,0,,
60855110001,511000,1,1498,444,256,672,0,713,96,155714,0,0,,
60855110002,511000,2,1204,283,291,591,0,277,165,227500,0,0,,
60855110003,511000,3,714,218,71,163,0,420,113,250001,0,0,,
60855110004,511000,4,2338,812,171,582,31,1650,101,250001,0,0,,
60855110005,511000,5,1426,322,257,603,0,694,0,250001,0,0,,
60855111001,511100,1,1735,276,383,1029,8,571,73,237955,0,0,,
60855111002,511100,2,1167,259,277,517,0,559,16,250001,0,0,,
60855111003,511100,3,1257,276,304,405,0,769,57,181250,0,0,,
60855111004,511100,4,1220,278,254,530,0,457,24,250001,0,0,,
60855112001,511200,1,1465,312,176,977,0,360,41,250001,0,0,,
60855112002,511200,2,1319,353,222,646,0,443,153,250001,0,0,,
60855112003,511200,3,982,215,162,587,34,222,134,250001,0,0,,
60855112004,511200,4,999,235,203,628,16,252,7,250001,0,0,,
60855113011,511301,1,1627,279,262,1088,0,307,122,250001,0,0,,
60855113012,511301,2,1571,338,362,852,93,254,134,227344,0,0,,
60855113013,511301,3,965,68,230,441,211,116,45,144000,0,0,,
60855113021,511302,1,1262,119,702,667,18,369,153,31144,0,0,,
60855113022,511302,2,428,86,60,208,0,100,0,250001,0,0,,
60855113023,511302,3,359,0,89,311,0,47,1,-666666666,0,0,,
60855113024,511302,4,1831,398,291,593,0,564,624,233803,0,0,,
60855114001,511400,1,740,160,67,179,0,447,38,250001,0,0,,
60855114002,511400,2,1063,276,277,607,4,412,41,250001,0,0,,
60855114003,511400,3,770,221,149,433,0,211,0,250001,0,0,,
60855114004,511400,4,1035,212,244,740,0,219,0,250001,0,0,,
60855115011,511501,1,743,170,169,551,0,154,0,250001,0,0,,
60855115012,511501,2,2033,365,314,894,213,760,108,109853,0,0,,
60855115013,511501,3,1904,407,243,1113,18,498,81,217303,0,0,,
60855115021,511502,1,1045,209,218,881,4,53,45,250001,0,0,,
60855115022,511502,2,1977,100,457,1116,53,459,278,250001,0,0,,
60855116081,511608,1,216,0,0,80,0,136,0,40714,0,0,,
60855116082,511608,2,3100,34,0,1300,244,818,653,47813,0,0,,
60855116091,511609,1,3441,604,840,1603,65,1097,571,148365,0,0,,
60855117011,511701,1,1189,305,262,741,0,230,135,250001,0,0,,
60855117012,511701,2,2420,550,491,1664,0,457,188,250001,0,0,,
60855117013,511701,3,759,121,216,327,0,348,0,250001,0,0,,
60855117021,511702,1,2172,532,398,1182,0,806,38,250001,0,0,,
60855117022,511702,2,687,166,196,347,0,266,50,250001,0,0,,
60855117041,511704,1,2121,269,979,822,0,1130,57,250001,0,0,,
60855117042,511704,2,735,106,239,176,0,491,0,250001,0,0,,
60855117043,511704,3,1624,429,443,797,0,671,104,250001,0,0,,
60855117051,511705,1,2145,480,540,1278,26,588,162,250001,0,0,,
60855117071,511707,1,1851,179,776,817,90,788,50,197788,0,0,,
60855117072,511707,2,1196,279,427,895,0,201,39,250001,0,0,,
60855118001,511800,1,1725,281,356,1274,0,145,48,249097,0,0,,
60855118002,511800,2,1530,396,141,1158,0,45,294,163125,0,0,,
60855118003,511800,3,1034,210,135,903,0,26,61,127367,0,0,,
60855119051,511905,1,1504,388,242,611,21,782,39,250001,0,0,,
60855119052,511905,2,1580,392,306,778,0,711,72,250001,0,0,,
60855119071,511907,1,1793,442,305,523,0,1210,25,242976,0,0,,
60855119072,511907,2,2303,503,402,946,0,1027,249,250001,0,0,,
60855119101,511910,1,857,132,309,411,0,380,41,215000,0,0,,
60855119102,511910,2,774,107,155,471,0,250,39,221364,0,0,,
60855119103,511910,3,1361,355,213,807,0,315,89,250001,0,0,,
60855119111,511911,1,1872,279,535,1069,139,416,203,94773,0,0,,
60855119112,511911,2,820,100,153,620,26,120,110,158295,0,0,,
60855119113,511911,3,1909,345,358,984,0,562,85,247242,0,0,,
60855119121,511912,1,2322,569,447,935,0,1174,157,231286,0,0,,
60855119122,511912,2,1318,313,301,513,0,724,84,211875,0,0,,
60855119123,511912,3,1646,309,214,406,0,948,162,250001,0,0,,
60855119131,511913,1,1082,111,271,881,0,147,0,250001,0,0,,
60855119132,511913,2,1729,498,265,1047,27,389,258,250001,0,0,,
60855119133,511913,3,1471,493,224,811,0,350,235,250001,0,0,,
60855119141,511914,1,2171,755,301,678,8,1003,89,250001,0,0,,
60855119142,511914,2,2468,445,692,1524,2,561,204,250001,0,0,,
60855119143,511914,3,1648,353,231,776,46,603,100,218563,0,0,,
60855119151,511915,1,1493,446,241,679,0,607,199,186442,0,0,,
60855119152,511915,2,1136,332,63,38,0,43,989,61394,0,0,,
60855119153,511915,3,1125,399,228,503,0,115,668,20952,0,0,,
60855119161,511916,1,2027,434,369,707,207,542,467,145074,0,0,,
60855119162,511916,2,2456,645,322,1126,8,1040,183,238750,0,0,,
60855119171,511917,1,2218,355,365,867,86,1059,143,250001,0,0,,
60855119172,511917,2,667,164,104,62,5,564,0,250001,0,0,,
60855119173,511917,3,1494,265,557,517,26,918,0,229821,0,0,,
60855119181,511918,1,538,117,118,226,0,241,17,250001,0,0,,
60855119182,511918,2,2705,623,543,1093,0,882,575,250001,0,0,,
60855120011,512001,1,960,279,155,103,30,475,153,203095,0,0,,
60855120012,512001,2,1445,256,246,318,98,535,464,202760,0,0,,
60855120013,512001,3,1451,231,198,463,0,644,324,208547,0,0,,
60855120014,512001,4,2246,491,234,465,70,1517,146,222167,0,0,,
60855120051,512005,1,1448,436,289,818,0,382,343,203150,0,0,,
60855120052,512005,2,475,92,57,229,37,103,54,215096,0,0,,
60855120053,512005,3,793,204,273,605,0,97,91,164688,0,0,,
60855120054,512005,4,2190,586,190,812,19,577,936,215365,0,0,,
60855120055,512005,5,1744,287,223,865,1,653,157,197636,0,0,,
60855120191,512019,1,764,130,256,340,0,332,99,123750,0,0,,
60855120192,512019,2,1918,408,217,801,40,501,705,136528,0,0,,
60855120193,512019,3,1698,453,296,643,1,480,636,87354,0,0,,
60855120211,512021,1,1151,193,123,420,0,420,212,174234,0,0,,
60855120212,512021,2,1415,277,344,525,31,695,181,149919,0,0,,
60855120213,512021,3,1815,371,273,614,71,551,517,140816,0,0,,
60855120214,512021,4,1401,242,232,183,51,956,253,150133,0,0,,
60855120221,512022,1,1041,214,185,274,26,596,120,169028,0,0,,
60855120222,512022,2,2417,250,515,390,0,1502,437,86100,0,0,,
60855120223,512022,3,2817,912,348,359,159,989,1224,95045,0,0,,
60855120231,512023,1,1891,275,262,617,40,548,716,135179,0,0,,
60855120232,512023,2,1597,503,141,344,76,308,982,94074,0,0,,
60855120233,512023,3,1858,419,163,365,150,402,1066,118173,0,0,,
60855120241,512024,1,1547,438,300,800,40,466,141,145363,0,0,,
60855120242,512024,2,1749,349,175,644,0,399,719,166250,0,0,,
60855120243,512024,3,1992,354,334,748,148,178,882,98083,0,0,,
60855120251,512025,1,2182,385,521,811,45,780,270,217400,0,0,,
60855120252,512025,2,880,231,145,463,29,170,183,240761,0,0,,
60855120261,512026,1,1895,466,205,484,29,792,507,141250,0,0,,
60855120262,512026,2,1839,349,163,541,17,632,832,171250,0,0,,
60855120271,512027,1,1457,174,320,567,27,313,486,75188,0,0,,
60855120272,512027,2,2451,568,562,958,5,785,536,149556,0,0,,
60855120291,512029,1,2409,422,284,532,0,649,1242,202109,0,0,,
60855120292,512029,2,2374,609,545,1296,2,673,398,180167,0,0,,
60855120293,512029,3,760,157,15,185,24,128,374,127321,0,0,,
60855120294,512029,4,2572,449,258,1826,26,332,346,191629,0,0,,
60855120301,512030,1,1566,422,323,721,34,441,212,182235,0,0,,
60855120302,512030,2,1332,351,180,544,0,475,267,166250,0,0,,
60855120311,512031,1,552,126,169,256,6,124,151,182019,0,0,,
60855120312,512031,2,1287,374,155,549,0,396,335,220729,0,0,,
60855120313,512031,3,1088,211,159,546,12,339,122,180000,0,0,,
60855120314,512031,4,1172,322,167,412,0,461,59,241786,0,0,,
60855120321,512032,1,1450,439,159,552,0,616,427,156625,0,0,,
60855120322,512032,2,658,70,241,248,18,182,212,159286,0,0,,
60855120323,512032,3,1646,374,179,448,7,848,374,213702,0,0,,
60855120341,512034,1,2163,430,387,841,35,714,638,170909,0,0,,
60855120342,512034,2,834,252,104,302,21,108,394,122443,0,0,,
60855120351,512035,1,1694,370,373,448,25,639,429,197619,0,0,,
60855120352,512035,2,2825,883,343,826,158,932,895,206310,0,0,,
60855120361,512036,1,2643,586,93,909,81,1010,645,133403,0,0,,
60855120362,512036,2,2125,334,236,564,8,657,752,179750,0,0,,
60855120371,512037,1,1756,362,368,651,27,560,449,173750,0,0,,
60855120372,512037,2,1233,335,158,400,16,473,308,232321,0,0,,
60855120381,512038,1,1636,384,202,198,91,375,910,88625,0,0,,
60855120382,512038,2,1581,533,77,450,306,695,187,133636,0,0,,
60855120391,512039,1,2181,630,111,287,102,512,1450,132582,0,0,,
60855120392,512039,2,1037,82,153,158,127,462,247,96286,0,0,,
60855120393,512039,3,2499,747,201,390,135,557,1303,151978,0,0,,
60855120421,512042,1,1270,300,242,108,80,600,496,193594,0,0,,
60855120422,512042,2,1560,325,172,143,88,655,664,69327,0,0,,
60855120431,512043,1,1594,196,364,411,81,351,862,116168,0,0,,
60855120432,512043,2,1657,273,445,172,134,679,659,57274,0,0,,
60855120433,512043,3,2015,669,167,217,61,166,1716,87548,0,0,,
60855120451,512045,1,1781,410,312,691,10,634,403,156125,0,0,,
60855120452,512045,2,887,270,73,328,0,267,210,201125,0,0,,
60855120453,512045,3,1107,132,148,479,0,136,365,160313,0,0,,
60855120454,512045,4,1311,334,216,634,0,393,285,191429,0,0,,
60855120471,512047,1,2527,464,344,1013,85,783,486,181667,0,0,,
60855120472,512047,2,1396,230,267,602,10,535,300,149784,0,0,,
60855120473,512047,3,1392,143,294,857,56,214,162,207650,0,0,,
60855120521,512052,1,750,76,123,342,62,158,57,133969,0,0,,
60855120522,512052,2,2487,394,353,897,66,169,1380,127772,0,0,,
60855120523,512052,3,1254,295,301,363,87,469,255,141042,0,0,,
60855120531,512053,1,2082,386,231,574,34,441,1015,80405,0,0,,
60855120532,512053,2,1460,270,193,663,33,200,518,188958,0,0,,
60855120533,512053,3,1273,225,305,354,264,129,423,180691,0,0,,
60855120541,512054,1,1066,137,7,160,84,199,592,137705,0,0,,
60855120542,512054,2,1500,312,53,408,21,395,496,120172,0,0,,
60855120543,512054,3,1891,464,17,306,175,537,898,89851,0,0,,
60855120551,512055,1,3595,661,836,323,373,1794,1066,124398,0,0,,
60855120561,512056,1,2644,572,319,241,198,301,1843,112813,0,0,,
60855120562,512056,2,1163,291,160,414,29,307,338,125365,0,0,,
60855120571,512057,1,3457,700,611,607,40,1358,1523,161100,0,0,,
60855120572,512057,2,928,74,76,148,0,225,543,186827,0,0,,
60855120581,512058,1,1729,226,76,316,178,814,410,141138,0,0,,
60855120582,512058,2,1058,172,18,319,60,538,41,250001,0,0,,
60855120583,512058,3,2774,518,60,573,0,1122,1048,104135,0,0,,
60855120591,512059,1,1541,272,163,623,48,402,423,250001,0,0,,
60855120592,512059,2,2146,596,208,773,10,547,680,133125,0,0,,
60855120593,512059,3,1146,190,155,479,0,378,302,191875,0,0,,
60855120594,512059,4,2167,449,283,745,73,807,518,146100,0,0,,
60855121001,512100,1,1710,421,252,433,10,229,1011,121563,0,0,,
60855122001,512200,1,1579,401,384,973,0,334,183,250001,0,0,,
60855122002,512200,2,1213,189,248,714,26,13,296,250001,0,0,,
60855122003,512200,3,2354,590,442,1223,56,168,794,250001,0,0,,
60855123051,512305,1,3106,720,425,1388,13,915,658,250001,0,0,,
60855123052,512305,2,923,155,247,654,7,14,246,245208,0,0,,
60855123071,512307,1,1616,234,274,868,21,109,820,166520,0,0,,
60855123072,512307,2,2945,676,637,1158,0,298,1436,147647,0,0,,
60855123073,512307,3,1968,311,872,1171,162,151,629,117333,0,0,,
60855123081,512308,1,3802,1061,302,1547,119,1290,664,250001,0,0,,
60855123082,512308,2,2002,596,340,1288,0,197,736,196477,0,0,,
60855123083,512308,3,2746,679,547,1983,0,268,295,196161,0,0,,
60855123091,512309,1,2052,525,433,1134,23,299,477,220368,0,0,,
60855123092,512309,2,1339,189,277,830,0,206,165,194044,0,0,,
60855123093,512309,3,1719,478,316,692,0,447,488,190195,0,0,,
60855123101,512310,1,3174,981,477,1086,311,913,870,82585,0,0,,
60855123102,512310,2,2060,669,167,685,17,148,1640,117031,0,0,,
60855123111,512311,1,1714,385,160,632,67,505,484,232391,0,0,,
60855123112,512311,2,2405,740,341,1046,245,239,1022,89900,0,0,,
60855123121,512312,1,4066,1230,434,1679,89,751,1201,206208,0,0,,
60855123131,512313,1,2287,625,225,817,28,133,1384,106509,0,0,,
60855123132,512313,2,1721,547,193,525,85,158,820,113214,0,0,,
60855123141,512314,1,1644,268,448,1062,0,331,101,153846,0,0,,
60855123142,512314,2,594,171,127,250,0,88,288,92891,0,0,,
60855123143,512314,3,3765,1213,191,973,140,512,2158,200150,0,0,,
60855123144,512314,4,1107,268,234,361,0,84,661,125403,0,0,,
60855124011,512401,1,1591,181,362,857,99,110,525,229291,0,0,,
60855124012,512401,2,1473,383,265,667,34,56,739,198300,0,0,,
60855124013,512401,3,897,170,302,346,0,101,373,155517,0,0,,
60855124021,512402,1,944,185,130,382,139,0,478,-666666666,0,0,,
60855124022,512402,2,1003,43,244,374,0,191,438,128050,0,0,,
60855124023,512402,3,1840,344,373,929,0,53,782,168851,0,0,,
60855124024,512402,4,1909,496,420,908,0,213,847,116921,0,0,,
60855125051,512505,1,1722,391,101,694,0,267,832,139567,0,0,,
60855125052,512505,2,4175,1010,584,1114,99,207,3165,96541,0,0,,
60855125053,512505,3,1786,704,49,496,0,307,1239,131518,0,0,,
60855125091,512509,1,4662,1618,386,1164,330,915,1752,217961,0,0,,
60855125092,512509,2,1579,440,200,323,0,48,1161,134659,0,0,,
60855125093,512509,3,1614,464,223,314,0,53,1184,114663,0,0,,
60855125101,512510,1,2930,655,877,1337,1,315,981,112283,0,0,,
60855125102,512510,2,2953,758,514,1180,14,800,908,173750,0,0,,
60855125103,512510,3,1790,321,320,666,38,0,1292,97361,0,0,,
60855125111,512511,1,1925,180,375,695,161,9,1088,118462,0,0,,
60855125112,512511,2,2849,1076,435,1341,0,153,1550,152598,0,0,,
60855125121,512512,1,2020,623,268,539,0,326,1154,98958,0,0,,
60855125122,512512,2,1386,198,154,457,0,21,918,157625,0,0,,
60855125131,512513,1,1519,422,253,255,0,99,1155,83287,0,0,,
60855125132,512513,2,2484,738,151,432,16,150,2132,106683,0,0,,
60855125141,512514,1,1199,397,97,284,39,34,787,90208,0,0,,
60855125142,512514,2,1700,418,193,310,60,285,1033,142031,0,0,,
60855125151,512515,1,1804,488,74,1142,20,121,609,152009,0,0,,
60855125152,512515,2,1572,410,190,729,40,244,475,215455,0,0,,
60855125153,512515,3,1461,272,333,618,12,417,444,175521,0,0,,
60855125161,512516,1,3108,822,307,1104,77,252,1560,159144,0,0,,
60855125162,512516,2,1214,255,296,643,13,38,526,147375,0,0,,
60855126021,512602,1,1667,266,310,368,25,85,1192,128413,0,0,,
60855126022,512602,2,1457,297,286,627,0,154,607,182614,0,0,,
60855126031,512603,1,920,270,28,131,2,148,689,129722,0,0,,
60855126032,512603,2,508,99,36,224,0,22,320,110521,0,0,,
60855126033,512603,3,3449,996,359,414,62,0,3287,87308,0,0,,
60855126041,512604,1,2445,853,237,263,36,28,2085,83929,0,0,,
60855126042,512604,2,2192,484,308,417,47,40,1873,85156,0,0,,
60855130001,513000,1,686,0,0,257,34,222,47,-666666666,0,0,,
60855130002,513000,2,2342,378,0,1222,27,704,223,99615,0,0,,
60855130003,513000,3,329,0,0,76,25,125,63,53902,0,0,,
60855130004,513000,4,1969,48,0,878,146,585,335,78750,0,0,,
60855130005,513000,5,4566,115,17,2157,128,1407,821,52262,0,0,,
60855130006,513000,6,2432,46,0,952,109,861,454,-666666666,0,0,,
60855135001,513500,1,1009,123,249,678,5,81,259,102750,0,0,,
