geoid,centroid_lat,centroid_lon,area_sq_mi,total_population,under_18_population,age_65_plus_population,pct_under_18,pct_65_plus,white_alone_population,black_alone_population,asian_alone_population,hispanic_or_latino_population,pct_white,pct_black,pct_asian,pct_hispanic,median_household_income,households_total,households_no_vehicle,households_no_vehicle_pct,poverty_rate_pct,is_low_income,food_biz_count,unique_biz_names,biz_per_1k_pop,biz_per_sq_mi,is_low_access,is_food_desert,is_severe,classification
06085503111,37.32254947510844,-121.83978928593356,0.554,5418,1425,839,26.3,15.5,200,0,181,3,3.7,0.0,3.3,0.1,133628,1123,14,1.25,7.0,False,3,3,0.55,5.42,True,False,False,low_access_only
06085503112,37.32232693818434,-121.87100443954024,0.695,3978,671,497,16.9,12.5,784,0,557,33,19.7,0.0,14.0,0.8,76156,1521,242,15.91,21.7,True,22,22,5.53,31.65,False,False,False,low_income_only
06085506302,37.30887007884863,-121.95686597800183,1.232,6357,1123,828,17.7,13.0,2693,111,1826,149,42.4,1.7,28.7,2.3,182908,2734,121,4.43,3.9,False,14,14,2.2,11.36,True,False,False,low_access_only
06085511200,37.45119333984751,-122.147019968235,1.264,4765,1115,763,23.4,16.0,2838,16,2321,33,59.6,0.3,48.7,0.7,250001,1728,32,1.85,2.6,False,2,2,0.42,1.58,True,False,False,low_access_only
06085509801,37.38412370177313,-122.09325423701002,1.033,5969,1370,699,23.0,11.7,2869,0,2279,11,48.1,0.0,38.2,0.2,167957,2531,246,9.72,1.5,False,27,26,4.52,26.14,False,False,False,adequate
06085512401,37.06184695816855,-121.60695788390287,25.132,3961,734,929,18.5,23.5,1870,0,1386,98,47.2,0.0,35.0,2.5,197540,1309,23,1.76,12.3,False,10,10,2.52,0.4,True,False,False,low_access_only
06085511911,37.19847107719514,-121.81008144433189,23.277,4601,724,1046,15.7,22.7,2673,0,1925,121,58.1,0.0,41.8,2.6,167639,1973,29,1.47,7.0,False,7,7,1.52,0.3,True,False,False,low_access_only
06085506801,37.242264289581236,-121.95636118512101,1.765,6216,1619,1106,26.0,17.8,3964,0,3127,0,63.8,0.0,50.3,0.0,250001,2226,28,1.26,3.6,False,27,27,4.34,15.3,False,False,False,adequate
06085507600,37.271257703809326,-122.05268180833241,8.474,6144,1236,1382,20.1,22.5,1869,0,1318,0,30.4,0.0,21.5,0.0,250001,2078,19,0.91,3.7,False,3,3,0.49,0.35,True,False,False,low_access_only
06085505202,37.370294394804475,-121.96066952226637,5.612,8273,1303,778,15.8,9.4,1936,13,1400,1,23.4,0.2,16.9,0.0,164928,3808,323,8.48,19.1,False,111,110,13.42,19.78,False,False,False,adequate
06085512035,37.22360945954074,-121.76144942072771,1.394,4519,1253,716,27.7,15.8,1274,0,860,138,28.2,0.0,19.0,3.1,198632,1324,79,5.97,2.3,False,0,0,0.0,0.0,True,False,False,low_access_only
06085511913,37.22750284575591,-121.89121832239795,1.174,4282,1102,760,25.7,17.7,2739,0,2261,1,64.0,0.0,52.8,0.0,250001,1432,0,0.0,0.6,False,10,10,2.34,8.52,True,False,False,low_access_only
06085502500,37.293192677239084,-121.89283956963801,1.526,6748,1604,962,23.8,14.3,3883,0,3061,66,57.5,0.0,45.4,1.0,225694,2479,17,0.69,4.6,False,14,14,2.07,9.17,True,False,False,low_access_only
06085506502,37.27855147991059,-121.94791196306248,1.877,5040,1082,430,21.5,8.5,3209,0,2375,18,63.7,0.0,47.1,0.4,143500,2224,39,1.75,5.0,False,63,62,12.5,33.56,False,False,False,adequate
06085507206,37.24365266811933,-121.98556074085042,1.976,2826,636,738,22.5,26.1,1893,0,1249,0,67.0,0.0,44.2,0.0,250001,938,0,0.0,1.1,False,2,2,0.71,1.01,True,False,False,low_access_only
06085504308,37.41188624571789,-121.82017274294294,11.411,4898,889,920,18.2,18.8,1108,0,537,0,22.6,0.0,11.0,0.0,212941,1480,74,5.0,8.0,False,7,7,1.43,0.61,True,False,False,low_access_only
06085504202,37.37646113089802,-121.7923216150411,9.498,4151,623,917,15.0,22.1,1268,0,1000,85,30.5,0.0,24.1,2.0,229028,1275,20,1.57,4.2,False,3,3,0.72,0.32,True,False,False,low_access_only
06085504201,37.384597280199785,-121.82113606251666,1.833,6020,1247,999,20.7,16.6,1980,0,1363,67,32.9,0.0,22.6,1.1,197750,1748,14,0.8,6.7,False,12,12,1.99,6.55,True,False,False,low_access_only
06085503113,37.315687415888966,-121.88097258503616,0.445,4028,758,504,18.8,12.5,864,40,633,20,21.4,1.0,15.7,0.5,95625,1308,171,13.07,4.6,True,13,13,3.23,29.21,False,False,False,low_income_only
06085510500,37.39275571279125,-122.12016145625749,1.601,4911,1165,1434,23.7,29.2,2450,0,1952,2,49.9,0.0,39.7,0.0,250001,1751,136,7.77,5.2,False,19,19,3.87,11.87,False,False,False,adequate
06085512031,37.23149909100658,-121.81023259486138,0.876,4099,1033,650,25.2,15.9,1763,0,1493,0,43.0,0.0,36.4,0.0,196727,1372,12,0.87,4.5,False,8,8,1.95,9.13,True,False,False,low_access_only
06085502902,37.27358638552479,-121.91565799663387,1.606,9050,2487,1305,27.5,14.4,5880,0,4245,16,65.0,0.0,46.9,0.2,207614,2991,94,3.14,2.3,False,25,25,2.76,15.57,True,False,False,low_access_only
06085502601,37.29023148447658,-121.91469190871538,0.862,3329,732,866,22.0,26.0,1695,0,1263,10,50.9,0.0,37.9,0.3,193125,1397,179,12.81,3.4,False,15,15,4.51,17.4,False,False,False,adequate
06085503803,37.38359821068427,-121.8497622454506,0.645,5388,1140,809,21.2,15.0,526,0,286,43,9.8,0.0,5.3,0.8,190855,1241,53,4.27,3.3,False,2,2,0.37,3.1,True,False,False,low_access_only
06085512052,37.24646008761848,-121.86508199447616,0.937,4491,765,777,17.0,17.3,1602,0,1041,0,35.7,0.0,23.2,0.0,132699,1733,155,8.94,5.5,True,32,32,7.13,34.15,False,False,False,low_income_only
06085506802,37.24694741143063,-121.93619556768265,1.248,5761,1518,831,26.3,14.4,2683,0,2106,0,46.6,0.0,36.6,0.0,202796,2000,105,5.25,1.3,False,14,14,2.43,11.22,True,False,False,low_access_only
06085500800,37.33061558357029,-121.89555657016315,1.054,4834,276,416,5.7,8.6,1660,0,1227,219,34.3,0.0,25.4,4.5,151357,2476,404,16.32,10.9,False,183,183,37.86,173.62,False,False,False,adequate
06085502302,37.30831894526187,-121.90837893387993,0.412,3261,608,491,18.6,15.1,1477,0,1157,70,45.3,0.0,35.5,2.1,127175,1325,56,4.23,1.7,True,11,10,3.37,26.7,False,False,False,low_income_only
06085501102,37.35403829037002,-121.88122319269578,0.75,4273,911,439,21.3,10.3,829,0,661,39,19.4,0.0,15.5,0.9,144609,1313,25,1.9,9.1,False,10,10,2.34,13.33,True,False,False,low_access_only
06085502703,37.26179305721532,-121.94559087799372,0.854,4296,981,643,22.8,15.0,1743,0,1397,6,40.6,0.0,32.5,0.1,145541,1688,27,1.6,10.8,False,14,14,3.26,16.39,False,False,False,adequate
06085511917,37.20111407961017,-121.84801206219923,1.743,4379,784,1026,17.9,23.4,1446,0,1041,17,33.0,0.0,23.8,0.4,250001,1638,14,0.85,0.8,False,1,1,0.23,0.57,True,False,False,low_access_only
06085511918,37.191338756966076,-121.85927112517862,12.807,3243,740,661,22.8,20.4,1319,0,1034,0,40.7,0.0,31.9,0.0,250001,982,27,2.75,1.5,False,0,0,0.0,0.0,True,False,False,low_access_only
06085509110,37.37296100856177,-122.06356820548594,0.372,3317,783,249,23.6,7.5,1470,0,1148,69,44.3,0.0,34.6,2.1,192045,1392,61,4.38,5.8,False,6,6,1.81,16.13,True,False,False,low_access_only
06085508006,37.31633974454454,-122.01839891957457,0.744,3817,788,653,20.6,17.1,767,0,601,5,20.1,0.0,15.7,0.1,240833,1410,8,0.57,3.3,False,23,23,6.03,30.91,False,False,False,adequate
06085506504,37.29920394044896,-121.95219513485799,0.128,2136,530,169,24.8,7.9,475,0,294,76,22.2,0.0,13.8,3.6,104787,808,38,4.7,5.9,True,13,13,6.09,101.56,False,False,False,low_income_only
06085512511,37.00762937678684,-121.58107205505505,0.84,4774,1256,810,26.3,17.0,2036,0,1253,29,42.6,0.0,26.2,0.6,124625,1556,206,13.24,12.3,True,7,7,1.47,8.33,True,True,True,severe_food_desert
06085505011,37.40378705030451,-121.95769171241514,0.707,4828,795,395,16.5,8.2,968,49,721,17,20.0,1.0,14.9,0.4,156446,1964,212,10.79,2.9,False,3,3,0.62,4.24,True,False,False,low_access_only
06085508705,37.37038454860117,-122.01789498241894,0.373,4452,701,167,15.7,3.8,1172,0,893,11,26.3,0.0,20.1,0.2,189571,1905,136,7.14,1.7,False,6,6,1.35,16.09,True,False,False,low_access_only
06085512515,37.033420308896076,-121.62786098715438,6.277,4837,1170,597,24.2,12.3,2489,0,1899,22,51.5,0.0,39.3,0.5,176250,1492,19,1.27,0.9,False,2,2,0.41,0.32,True,False,False,low_access_only
06085508509,37.3653323708759,-122.02392184402396,0.333,4240,351,811,8.3,19.1,718,0,594,0,16.9,0.0,14.0,0.0,161270,2240,504,22.5,9.2,False,19,19,4.48,57.06,False,False,False,adequate
06085508005,37.31698483546833,-122.02757869975862,0.645,3835,784,787,20.4,20.5,1086,6,926,0,28.3,0.2,24.1,0.0,206389,1542,181,11.74,5.4,False,32,32,8.34,49.61,False,False,False,adequate
06085504508,37.42166855324522,-121.9105196674122,0.584,3862,514,319,13.3,8.3,802,0,703,101,20.8,0.0,18.2,2.6,186083,604,0,0.0,5.6,False,10,10,2.59,17.12,True,False,False,low_access_only
06085512054,37.27607538828969,-121.83685807319624,0.221,4457,913,77,20.5,1.7,874,0,482,112,19.6,0.0,10.8,2.5,105292,1825,136,7.45,12.0,True,0,0,0.0,0.0,True,True,True,severe_food_desert
06085505013,37.40738813723793,-121.93913126824216,0.372,5637,477,132,8.5,2.3,1096,15,810,0,19.4,0.3,14.4,0.0,215775,2698,414,15.34,5.7,False,2,2,0.35,5.38,True,False,False,low_access_only
06085504902,37.395570045957,-121.95406581083651,0.5,4410,988,439,22.4,10.0,900,41,666,0,20.4,0.9,15.1,0.0,196797,1797,144,8.01,3.8,False,4,4,0.91,8.0,True,False,False,low_access_only
06085508707,37.37994825613455,-122.02316200148805,0.679,3907,647,293,16.6,7.5,825,0,689,27,21.1,0.0,17.6,0.7,173165,1573,143,9.09,7.0,False,5,5,1.28,7.36,True,False,False,low_access_only
06085508706,37.369338372724734,-122.0059341563618,0.52,4295,562,662,13.1,15.4,818,0,603,0,19.0,0.0,14.0,0.0,216210,1637,108,6.6,4.3,False,4,4,0.93,7.69,True,False,False,low_access_only
06085505901,37.32732182069818,-121.95953849112057,0.776,4101,617,603,15.0,14.7,1856,0,1607,4,45.3,0.0,39.2,0.1,182763,1636,307,18.77,4.9,False,24,24,5.85,30.93,False,False,False,adequate
06085503221,37.30129452400791,-121.85011516287328,0.645,2433,435,613,17.9,25.2,118,0,76,0,4.8,0.0,3.1,0.0,49323,805,191,23.73,23.2,True,17,17,6.99,26.36,False,False,False,low_income_only
06085503220,37.28739355168065,-121.83804503819816,0.58,4691,976,530,20.8,11.3,350,0,278,2,7.5,0.0,5.9,0.0,96705,1369,88,6.43,6.6,True,13,13,2.77,22.41,True,True,False,food_desert
06085501101,37.34809576997212,-121.8919668777575,0.402,3929,309,631,7.9,16.1,879,0,540,126,22.4,0.0,13.7,3.2,105138,1886,234,12.41,22.9,True,29,29,7.38,72.14,False,False,False,low_income_only
06085503122,37.31249082817106,-121.85693247176184,2.229,3345,729,584,21.8,17.5,335,0,190,20,10.0,0.0,5.7,0.6,46371,1234,391,31.69,20.4,True,56,55,16.74,25.12,False,False,False,low_income_only
06085503121,37.30618745985682,-121.87250355899462,1.312,5073,1397,611,27.5,12.0,399,0,280,152,7.9,0.0,5.5,3.0,92607,1429,111,7.77,13.3,True,46,46,9.07,35.06,False,False,False,low_income_only
06085502301,37.30109662194324,-121.9070614058694,0.75,3021,501,540,16.6,17.9,1647,0,1288,7,54.5,0.0,42.6,0.2,177692,1140,23,2.02,2.5,False,21,21,6.95,28.0,False,False,False,adequate
06085503118,37.31869295928473,-121.842999443477,0.346,4955,1078,275,21.8,5.5,409,0,325,0,8.3,0.0,6.6,0.0,98527,1458,0,0.0,7.0,True,10,10,2.02,28.9,True,True,False,food_desert
06085502604,37.28381048896031,-121.93723307358087,0.783,4112,674,470,16.4,11.4,1978,55,1435,15,48.1,1.3,34.9,0.4,110581,2079,47,2.26,4.8,True,42,42,10.21,53.64,False,False,False,low_income_only
06085512047,37.2410747285123,-121.84452130196891,1.009,5315,837,905,15.7,17.0,2472,56,1639,106,46.5,1.1,30.8,2.0,180909,1634,31,1.9,3.4,False,13,13,2.45,12.88,True,False,False,low_access_only
06085503117,37.32740529150479,-121.85160454965207,0.307,2602,617,425,23.7,16.3,75,0,33,7,2.9,0.0,1.3,0.3,79205,665,69,10.38,10.2,True,31,31,11.91,100.98,False,False,False,low_income_only
06085502901,37.27138942606965,-121.92701971958047,1.15,6044,1318,683,21.8,11.3,3070,0,2233,71,50.8,0.0,36.9,1.2,135846,2210,101,4.57,8.0,False,25,25,4.14,21.74,False,False,False,adequate
06085503337,37.30100980398288,-121.80999345200155,0.468,4409,684,649,15.5,14.7,296,0,222,30,6.7,0.0,5.0,0.7,159904,1099,87,7.92,7.6,False,6,6,1.36,12.82,True,False,False,low_access_only
06085512043,37.26169001193936,-121.80471575934051,0.563,5266,1138,976,21.6,18.5,800,24,430,26,15.2,0.5,8.2,0.5,81984,1681,215,12.79,7.1,True,12,12,2.28,21.31,True,True,True,severe_food_desert
06085503713,37.36472521221361,-121.84100612978945,0.299,3082,854,389,27.7,12.6,139,0,118,0,4.5,0.0,3.8,0.0,68636,1074,144,13.41,15.4,True,2,2,0.65,6.69,True,True,True,severe_food_desert
06085503902,37.37353157328012,-121.82832045769077,0.628,6187,1348,788,21.8,12.7,1140,0,914,0,18.4,0.0,14.8,0.0,121083,1479,0,0.0,9.5,True,12,12,1.94,19.11,True,True,False,food_desert
06085504323,37.39883444882986,-121.88105143932684,0.79,5814,1273,945,21.9,16.3,1084,47,908,64,18.6,0.8,15.6,1.1,161552,1852,129,6.97,6.8,False,11,11,1.89,13.92,True,False,False,low_access_only
06085511915,37.24467896793005,-121.88205549884188,0.687,3754,1177,532,31.4,14.2,1220,0,902,0,32.5,0.0,24.0,0.0,81458,1393,373,26.78,16.7,True,23,23,6.13,33.48,False,False,False,low_income_only
06085504322,37.394344013193205,-121.89297002352183,1.961,5285,1118,558,21.2,10.6,452,0,412,17,8.6,0.0,7.8,0.3,167583,2121,47,2.22,14.2,False,31,31,5.87,15.81,False,False,False,adequate
06085512038,37.234835238225365,-121.76207210459997,0.842,3217,917,279,28.5,8.7,648,0,494,0,20.1,0.0,15.4,0.0,101308,993,40,4.03,8.4,True,1,1,0.31,1.19,True,True,False,food_desert
06085505006,37.39358343496602,-121.92113552842959,8.731,11179,1524,182,13.6,1.6,1917,197,1176,0,17.1,1.8,10.5,0.0,240086,5613,319,5.68,6.6,False,159,158,14.22,18.21,False,False,False,adequate
06085506202,37.30112349936901,-121.99042871933088,1.537,8313,2016,1594,24.3,19.2,2259,0,1743,7,27.2,0.0,21.0,0.1,189032,2686,148,5.51,3.8,False,37,37,4.45,24.07,False,False,False,adequate
06085508508,37.3614065274223,-122.00200674373868,0.643,5873,1408,740,24.0,12.6,1349,0,1094,64,23.0,0.0,18.6,1.1,133065,2022,83,4.1,10.3,True,11,11,1.87,17.11,True,True,False,food_desert
06085508507,37.35623605833383,-121.99837292381727,0.233,3388,624,163,18.4,4.8,595,0,372,0,17.6,0.0,11.0,0.0,174267,1433,52,3.63,10.6,False,13,13,3.84,55.79,False,False,False,adequate
06085508003,37.317103117837846,-122.01026600131786,0.488,2236,547,254,24.5,11.4,504,6,443,0,22.5,0.3,19.8,0.0,198500,756,14,1.85,9.1,False,7,7,3.13,14.34,False,False,False,adequate
06085511302,37.44800754377317,-122.16221257934787,0.614,3880,603,1142,15.5,29.4,1779,0,1539,0,45.9,0.0,39.7,0.0,139167,1886,649,34.41,18.2,False,114,112,29.38,185.67,False,False,False,adequate
06085512045,37.2384966256284,-121.83525093782053,1.25,5086,1146,749,22.5,14.7,2132,0,1656,0,41.9,0.0,32.6,0.0,181528,1705,85,4.99,3.9,False,22,22,4.33,17.6,False,False,False,adequate
06085512037,37.24119106521324,-121.82461913024966,0.615,2989,697,526,23.3,17.6,1051,28,748,27,35.2,0.9,25.0,0.9,184333,950,23,2.42,2.9,False,4,4,1.34,6.5,True,False,False,low_access_only
06085512036,37.24016288428784,-121.81059504933343,0.507,4768,920,329,19.3,6.9,1473,0,1002,37,30.9,0.0,21.0,0.8,138841,1827,124,6.79,5.3,False,0,0,0.0,0.0,True,False,False,low_access_only
06085512311,37.14957396427985,-121.6601311259844,3.34,4119,1125,501,27.3,12.2,1678,0,1037,60,40.7,0.0,25.2,1.5,139074,1312,46,3.51,6.3,False,31,31,7.53,9.28,False,False,False,adequate
06085512313,37.11592637722471,-121.65328016397564,1.599,4008,1172,418,29.2,10.4,1342,0,930,38,33.5,0.0,23.2,0.9,107198,1193,46,3.86,11.0,True,32,32,7.98,20.01,False,False,False,low_income_only
06085512314,37.12832779664808,-121.66324731249074,2.268,7110,1920,1000,27.0,14.1,2646,0,2198,66,37.2,0.0,30.9,0.9,152349,2217,103,4.65,7.8,False,67,67,9.42,29.54,False,False,False,adequate
06085512604,37.01982069897909,-121.57058149255666,1.346,4637,1337,545,28.8,11.8,680,12,512,47,14.7,0.3,11.0,1.0,83946,1145,13,1.14,7.7,True,17,17,3.67,12.63,False,False,False,low_income_only
06085502603,37.28760274970549,-121.92723921609429,0.746,2816,555,589,19.7,20.9,1852,0,1546,7,65.8,0.0,54.9,0.2,206125,1067,28,2.62,7.2,False,25,25,8.88,33.51,False,False,False,adequate
06085504316,37.386926900210234,-121.8708179040242,0.691,5403,886,816,16.4,15.1,498,0,473,9,9.2,0.0,8.8,0.2,192188,1467,50,3.41,3.5,False,0,0,0.0,0.0,True,False,False,low_access_only
06085503324,37.327640654380524,-121.78927463539158,0.506,3333,575,693,17.3,20.8,246,0,177,41,7.4,0.0,5.3,1.2,170399,923,8,0.87,3.0,False,1,1,0.3,1.98,True,False,False,low_access_only
06085503509,37.348721694337335,-121.80147204068659,0.66,3990,1099,533,27.5,13.4,245,0,192,119,6.1,0.0,4.8,3.0,151786,796,46,5.78,4.5,False,6,6,1.5,9.09,True,False,False,low_access_only
06085503510,37.349438903848274,-121.81963907589116,0.632,4270,941,444,22.0,10.4,603,0,536,3,14.1,0.0,12.6,0.1,135926,1102,33,2.99,4.9,False,20,20,4.68,31.65,False,False,False,adequate
06085504317,37.38288164238425,-121.87674856894961,0.73,3639,449,934,12.3,25.7,326,0,211,0,9.0,0.0,5.8,0.0,180859,1057,41,3.88,2.7,False,30,30,8.24,41.1,False,False,False,adequate
06085504319,37.373701959458074,-121.86724110692211,1.279,5980,914,1175,15.3,19.6,703,0,572,15,11.8,0.0,9.6,0.3,227279,1979,132,6.67,10.3,False,28,28,4.68,21.89,False,False,False,adequate
06085504320,37.40280505229301,-121.87138666902726,0.566,2990,526,781,17.6,26.1,282,0,165,22,9.4,0.0,5.5,0.7,183571,888,51,5.74,13.8,False,0,0,0.0,0.0,True,False,False,low_access_only
06085503511,37.34260231190043,-121.81406380108686,0.507,3560,727,624,20.4,17.5,261,0,188,14,7.3,0.0,5.3,0.4,125972,787,47,5.97,9.5,True,2,2,0.56,3.94,True,True,True,severe_food_desert
06085503601,37.35832687195168,-121.86618054092283,0.84,3524,843,403,23.9,11.4,878,0,780,63,24.9,0.0,22.1,1.8,98021,925,68,7.35,13.9,True,23,23,6.53,27.38,False,False,False,low_income_only
06085504321,37.3931319945902,-121.86514285542209,0.889,5556,936,936,16.8,16.8,651,0,544,2,11.7,0.0,9.8,0.0,189867,1691,72,4.26,4.2,False,25,25,4.5,28.12,False,False,False,adequate
06085504410,37.409371970824985,-121.87888822723758,0.676,3960,811,599,20.5,15.1,589,0,518,0,14.9,0.0,13.1,0.0,153523,1217,140,11.5,10.9,False,20,20,5.05,29.59,False,False,False,adequate
06085507003,37.21999249083601,-121.99794742628151,5.814,2895,530,778,18.3,26.9,1938,0,1463,7,66.9,0.0,50.5,0.2,250001,1158,39,3.37,1.2,False,4,4,1.38,0.69,True,False,False,low_access_only
06085507004,37.22601679402699,-121.97638405684609,1.479,3844,710,806,18.5,21.0,2493,9,1933,0,64.9,0.2,50.3,0.0,175347,1692,76,4.49,8.3,False,104,104,27.06,70.32,False,False,False,adequate
06085502204,37.30138316372956,-121.92584232569457,0.202,3394,1067,293,31.4,8.6,1140,0,949,9,33.6,0.0,28.0,0.3,68508,1149,161,14.01,19.2,True,1,1,0.29,4.95,True,True,True,severe_food_desert
06085502203,37.30637566722056,-121.91806801570472,0.394,3875,389,672,10.0,17.3,1331,0,1029,64,34.3,0.0,26.6,1.7,125750,1802,104,5.77,12.7,True,10,10,2.58,25.38,True,True,True,severe_food_desert
06085501902,37.31621272672361,-121.9087832118547,0.651,3619,463,138,12.8,3.8,1097,0,750,12,30.3,0.0,20.7,0.3,151140,1852,34,1.84,5.1,False,4,4,1.11,6.14,True,False,False,low_access_only
06085502104,37.306106008410836,-121.92787199117642,0.471,2459,533,361,21.7,14.7,703,0,507,23,28.6,0.0,20.6,0.9,102105,998,22,2.2,9.6,True,13,13,5.29,27.6,False,False,False,low_income_only
06085502103,37.313319923197454,-121.9236600044329,0.63,4225,661,473,15.6,11.2,991,0,770,60,23.5,0.0,18.2,1.4,91591,1656,64,3.86,17.6,True,8,8,1.89,12.7,True,True,False,food_desert
06085504424,37.451448391687016,-121.86160589789085,15.696,4974,811,948,16.3,19.1,873,8,825,0,17.6,0.2,16.6,0.0,153333,1570,113,7.2,5.0,False,8,8,1.61,0.51,True,False,False,low_access_only
06085505015,37.416140465839824,-121.94086827667911,1.386,5169,821,293,15.9,5.7,838,13,580,9,16.2,0.3,11.2,0.2,167422,1889,161,8.52,3.5,False,29,29,5.61,20.92,False,False,False,adequate
06085505012,37.40437829981132,-121.94659628398874,0.651,2659,220,103,8.3,3.9,872,0,737,23,32.8,0.0,27.7,0.9,218750,1525,57,3.74,0.8,False,12,12,4.51,18.43,False,False,False,adequate
06085505014,37.41379137047419,-121.95730156008996,0.691,6478,1116,332,17.2,5.1,631,0,493,619,9.7,0.0,7.6,9.6,159833,2652,131,4.94,7.8,False,7,7,1.08,10.13,True,False,False,low_access_only
06085505010,37.39977329685078,-121.97320482051495,4.777,4756,996,491,20.9,10.3,766,0,550,127,16.1,0.0,11.6,2.7,202663,1557,122,7.84,9.9,False,213,213,44.79,44.59,False,False,False,adequate
06085501901,37.32368092250344,-121.90781943598498,0.366,3126,326,368,10.4,11.8,993,0,707,54,31.8,0.0,22.6,1.7,147727,1638,201,12.27,9.2,False,16,16,5.12,43.72,False,False,False,adequate
06085511502,37.4155195200717,-122.16175017457127,1.188,3022,309,675,10.2,22.3,1997,8,1551,37,66.1,0.3,51.3,1.2,250001,858,8,0.93,0.8,False,14,14,4.63,11.78,False,False,False,adequate
06085504903,37.397328878949125,-121.94640721910598,0.364,5228,995,224,19.0,4.3,852,15,524,0,16.3,0.3,10.0,0.0,226711,2240,58,2.59,3.4,False,20,20,3.83,54.95,False,False,False,adequate
06085504808,37.40102190377974,-122.02653994349022,0.309,2111,465,327,22.0,15.5,403,0,332,26,19.1,0.0,15.7,1.2,117054,691,132,19.1,10.5,True,5,5,2.37,16.18,True,True,True,severe_food_desert
06085511501,37.427677905081744,-122.1497154266658,0.935,4680,942,726,20.1,15.5,2558,0,1991,141,54.7,0.0,42.5,3.0,173470,1897,294,15.5,10.3,False,54,54,11.54,57.75,False,False,False,adequate
06085512057,37.273790863914385,-121.82290325848034,0.838,4385,774,687,17.7,15.7,755,0,554,0,17.2,0.0,12.6,0.0,176016,1039,89,8.57,9.6,False,6,6,1.37,7.16,True,False,False,low_access_only
06085512059,37.233739685719335,-121.7963166477093,1.44,7000,1507,809,21.5,11.6,2620,44,2093,62,37.4,0.6,29.9,0.9,176250,2262,17,0.75,5.2,False,12,12,1.71,8.33,True,False,False,low_access_only
06085503339,37.28497006000517,-121.76678629476513,2.293,3827,926,531,24.2,13.9,778,30,591,22,20.3,0.8,15.4,0.6,250001,1240,20,1.61,1.0,False,2,2,0.52,0.87,True,False,False,low_access_only
06085503338,37.27679013763818,-121.76967181948292,5.743,3972,897,648,22.6,16.3,665,53,554,0,16.7,1.3,13.9,0.0,250001,1184,29,2.45,1.6,False,11,11,2.77,1.92,True,False,False,low_access_only
06085512056,37.27213746805248,-121.80827900989824,0.577,3807,863,479,22.7,12.6,655,0,527,163,17.2,0.0,13.8,4.3,123674,1045,61,5.84,8.3,True,1,1,0.26,1.73,True,True,False,food_desert
06085503219,37.292524053954224,-121.84176045220673,0.296,2738,568,332,20.7,12.1,213,0,165,92,7.8,0.0,6.0,3.4,60451,802,35,4.36,5.7,True,12,12,4.38,40.54,False,False,False,low_income_only
06085503222,37.29612887892892,-121.8451130447779,0.459,5434,1250,598,23.0,11.0,115,0,104,0,2.1,0.0,1.9,0.0,122526,1479,172,11.63,4.5,True,20,20,3.68,43.57,False,False,False,low_income_only
06085509111,37.38202515075761,-122.06206467905376,0.594,4643,1094,704,23.6,15.2,1681,0,1262,10,36.2,0.0,27.2,0.2,135398,1989,137,6.89,7.6,False,5,5,1.08,8.42,True,False,False,low_access_only
06085507705,37.31005359129202,-122.07792897452451,3.253,3953,756,863,19.1,21.8,1106,0,929,7,28.0,0.0,23.5,0.2,250001,1353,8,0.59,6.1,False,2,2,0.51,0.61,True,False,False,low_access_only
06085507704,37.327156360661064,-122.06727938429286,0.811,3367,825,703,24.5,20.9,966,0,717,3,28.7,0.0,21.3,0.1,157014,1235,229,18.54,5.9,False,2,2,0.59,2.47,True,False,False,low_access_only
06085512058,37.24695057465712,-121.7969834504969,0.937,5561,916,154,16.5,2.8,1208,0,1022,125,21.7,0.0,18.4,2.2,138750,2452,102,4.16,4.4,False,24,24,4.32,25.61,False,False,False,adequate
06085504807,37.401170085975004,-122.0157371289628,0.581,5920,600,646,10.1,10.9,1585,0,1280,0,26.8,0.0,21.6,0.0,230829,2869,152,5.3,3.4,False,2,2,0.34,3.44,True,False,False,low_access_only
06085508205,37.348718374350725,-122.00496797804367,0.758,4334,783,408,18.1,9.4,939,0,794,3,21.7,0.0,18.3,0.1,213981,1672,61,3.65,2.9,False,30,30,6.92,39.58,False,False,False,adequate
06085508510,37.36034641082914,-122.01771728280514,0.451,3606,729,234,20.2,6.5,509,0,470,0,14.1,0.0,13.0,0.0,174167,1292,180,13.93,14.2,False,36,36,9.98,79.82,False,False,False,adequate
06085508206,37.34153899738278,-122.00500745890449,0.841,4048,867,735,21.4,18.2,1433,0,1087,0,35.4,0.0,26.9,0.0,250001,1424,0,0.0,3.5,False,4,4,0.99,4.76,True,False,False,low_access_only
06085512513,37.02300911240036,-121.58078726023493,0.776,4003,1160,404,29.0,10.1,687,0,455,16,17.2,0.0,11.4,0.4,84934,1152,55,4.77,5.2,True,44,44,10.99,56.7,False,False,False,low_income_only
06085512512,37.0008369216802,-121.57569713969312,0.594,3406,821,422,24.1,12.4,996,0,728,0,29.2,0.0,21.4,0.0,101793,1043,18,1.73,12.0,True,3,3,0.88,5.05,True,True,False,food_desert
06085512514,37.02299823476301,-121.58342189276777,0.475,2899,815,290,28.1,10.0,594,0,539,64,20.5,0.0,18.6,2.2,111250,824,41,4.98,7.5,True,2,2,0.69,4.21,True,True,False,food_desert
06085512516,37.01844904142926,-121.61155761729084,1.988,4322,1077,603,24.9,14.0,1747,0,1089,0,40.4,0.0,25.2,0.0,159137,1454,16,1.1,5.7,False,3,3,0.69,1.51,True,False,False,low_access_only
06085508305,37.34009566520678,-122.03744231956348,0.261,5284,1582,414,29.9,7.8,845,0,722,155,16.0,0.0,13.7,2.9,121145,1842,71,3.85,4.4,True,5,5,0.95,19.16,True,True,False,food_desert
06085504509,37.42196307590472,-121.89030025103926,2.098,4921,910,184,18.5,3.7,238,0,126,0,4.8,0.0,2.6,0.0,181165,2086,64,3.07,2.5,False,30,30,6.1,14.3,False,False,False,adequate
06085501601,37.32957087889213,-121.87330262933277,0.478,3558,365,318,10.3,8.9,1237,0,939,5,34.8,0.0,26.4,0.1,120770,1429,138,9.66,20.6,True,5,5,1.41,10.46,True,True,False,food_desert
06085501602,37.32932454850308,-121.87818630917344,0.267,2911,355,281,12.2,9.7,814,11,628,72,28.0,0.4,21.6,2.5,58466,1197,225,18.8,26.0,True,12,12,4.12,44.94,False,False,False,low_income_only
06085506505,37.297733582901806,-121.95728211669645,0.402,4187,1267,399,30.3,9.5,1506,0,985,261,36.0,0.0,23.5,6.2,115833,1514,36,2.38,15.2,True,8,8,1.91,19.9,True,True,False,food_desert
06085504510,37.42092067504082,-121.90128097126592,1.048,3900,722,368,18.5,9.4,430,0,379,11,11.0,0.0,9.7,0.3,159186,1476,206,13.96,9.3,False,78,77,20.0,74.43,False,False,False,adequate
06085508708,37.3800505072203,-122.00060212967196,2.997,6682,745,148,11.1,2.2,826,17,615,0,12.4,0.3,9.2,0.0,250001,3172,465,14.66,7.3,False,60,58,8.98,20.02,False,False,False,adequate
06085505902,37.334495229867464,-121.95369440770435,0.54,3893,610,575,15.7,14.8,1722,0,1383,73,44.2,0.0,35.5,1.9,107079,1842,46,2.5,7.0,True,8,8,2.05,14.81,True,True,False,food_desert
06085503127,37.28585130014325,-121.85687810482753,1.788,5300,754,682,14.2,12.9,1241,12,956,248,23.4,0.2,18.0,4.7,191908,2293,67,2.92,7.4,False,2,2,0.38,1.12,True,False,False,low_access_only
06085503126,37.295301650379265,-121.8591567296503,0.944,3964,1108,335,28.0,8.5,1077,0,897,46,27.2,0.0,22.6,1.2,178929,1354,96,7.09,11.8,False,3,3,0.76,3.18,True,False,False,low_access_only
06085503124,37.283606802677944,-121.87182201498389,0.961,6075,1642,644,27.0,10.6,1178,0,885,486,19.4,0.0,14.6,8.0,124229,1727,32,1.85,15.6,True,18,18,2.96,18.73,True,True,False,food_desert
06085503125,37.283260427844304,-121.87753325906998,0.454,4082,992,238,24.3,5.8,1775,0,1457,63,43.5,0.0,35.7,1.5,160833,1482,69,4.66,9.5,False,1,1,0.24,2.2,True,False,False,low_access_only
06085512055,37.2697737851634,-121.83575682222671,0.414,3595,661,836,18.4,23.3,323,0,260,108,9.0,0.0,7.2,3.0,124398,864,14,1.62,6.3,True,14,14,3.89,33.82,False,False,False,low_income_only
06085509002,37.39049034803342,-122.01821828112712,0.412,4097,808,374,19.7,9.1,693,0,512,27,16.9,0.0,12.5,0.7,175625,1434,21,1.46,6.2,False,5,5,1.22,12.14,True,False,False,low_access_only
06085509001,37.39365524096183,-122.02438880951564,0.529,3031,574,394,18.9,13.0,775,38,658,0,25.6,1.3,21.7,0.0,162981,1093,23,2.1,7.6,False,13,13,4.29,24.57,False,False,False,adequate
06085508306,37.34713270850982,-122.03673470423745,0.532,2980,539,648,18.1,21.7,1077,0,1003,0,36.1,0.0,33.7,0.0,250001,1156,59,5.1,1.8,False,4,4,1.34,7.52,True,False,False,low_access_only
06085502704,37.25502029939473,-121.94001498162194,0.996,4265,1019,747,23.9,17.5,1597,0,1095,14,37.4,0.0,25.7,0.3,183214,1552,69,4.45,2.6,False,12,12,2.81,12.05,True,False,False,low_access_only
06085503325,37.32067671148415,-121.78884182457159,0.696,4478,1137,655,25.4,14.6,421,22,279,0,9.4,0.5,6.2,0.0,145991,1130,9,0.8,14.8,False,24,24,5.36,34.48,False,False,False,adequate
06085503602,37.344543143545124,-121.85232963532832,0.749,4876,1269,862,26.0,17.7,285,0,263,5,5.8,0.0,5.4,0.1,98611,1270,173,13.62,7.9,True,18,18,3.69,24.03,False,False,False,low_income_only
06085503703,37.34563720895452,-121.83939902869197,0.401,3858,849,447,22.0,11.6,165,0,155,5,4.3,0.0,4.0,0.1,105455,862,20,2.32,6.7,True,21,21,5.44,52.37,False,False,False,low_income_only
06085503712,37.362286538761886,-121.84664322081939,0.407,3770,691,1030,18.3,27.3,213,0,195,8,5.6,0.0,5.2,0.2,50612,1288,194,15.06,27.0,True,10,10,2.65,24.57,True,True,True,severe_food_desert
06085503708,37.369448840675105,-121.85462516266286,0.747,2530,445,434,17.6,17.2,212,0,188,0,8.4,0.0,7.4,0.0,103446,686,66,9.62,11.9,True,25,25,9.88,33.47,False,False,False,low_income_only
06085503401,37.33307298990502,-121.84079419828664,0.552,4073,767,631,18.8,15.5,255,0,221,27,6.3,0.0,5.4,0.7,111576,903,28,3.1,13.9,True,15,15,3.68,27.17,False,False,False,low_income_only
06085503402,37.32420176378207,-121.83293775185432,0.446,4279,972,648,22.7,15.1,307,0,190,5,7.2,0.0,4.4,0.1,79306,1000,122,12.2,14.0,True,14,14,3.27,31.39,False,False,False,low_income_only
06085503507,37.34018509648557,-121.83194034891962,0.238,2290,461,348,20.1,15.2,50,0,46,0,2.2,0.0,2.0,0.0,168716,418,0,0.0,4.2,False,7,7,3.06,29.41,False,False,False,adequate
06085508004,37.3163797440838,-122.001206297422,0.885,6131,1421,572,23.2,9.3,1349,0,1047,0,22.0,0.0,17.1,0.0,250001,2116,123,5.81,1.3,False,5,5,0.82,5.65,True,False,False,low_access_only
06085504411,37.41609615607371,-121.8648386055518,0.837,5553,888,828,16.0,14.9,973,0,647,62,17.5,0.0,11.7,1.1,166354,1594,32,2.01,11.9,False,4,4,0.72,4.78,True,False,False,low_access_only
06085503322,37.34134565146461,-121.7977325199569,0.884,4506,699,796,15.5,17.7,555,19,432,61,12.3,0.4,9.6,1.4,151250,1132,18,1.59,4.5,False,1,1,0.22,1.13,True,False,False,low_access_only
06085503508,37.35451232552757,-121.81140999658092,0.617,5979,1402,786,23.4,13.1,619,18,533,230,10.4,0.3,8.9,3.8,125469,1219,38,3.12,10.3,True,6,6,1.0,9.72,True,True,False,food_desert
06085503709,37.36454867438957,-121.86204227915212,0.542,5862,1175,1295,20.0,22.1,342,0,314,234,5.8,0.0,5.4,4.0,78089,2163,305,14.1,18.4,True,11,11,1.88,20.3,True,True,True,severe_food_desert
06085503804,37.37592329330406,-121.84487611881286,0.925,6231,926,1071,14.9,17.2,698,110,466,131,11.2,1.8,7.5,2.1,141289,1871,153,8.18,6.3,False,45,45,7.22,48.65,False,False,False,adequate
06085503212,37.304622003019254,-121.82891459263712,1.022,4226,678,780,16.0,18.5,273,0,249,6,6.5,0.0,5.9,0.1,128750,1015,63,6.21,6.3,True,16,16,3.79,15.66,False,False,False,low_income_only
06085503213,37.30167245766874,-121.83736789952864,0.672,4920,1263,645,25.7,13.1,244,0,160,23,5.0,0.0,3.3,0.5,72174,1282,96,7.49,15.9,True,11,11,2.24,16.37,True,True,False,food_desert
06085503217,37.28675013701334,-121.83031838326056,0.368,3669,979,397,26.7,10.8,340,0,115,14,9.3,0.0,3.1,0.4,81786,954,52,5.45,5.5,True,12,12,3.27,32.61,False,False,False,low_income_only
06085504001,37.358625108698824,-121.82721522529927,0.696,4873,852,782,17.5,16.0,530,0,222,37,10.9,0.0,4.6,0.8,87364,1494,92,6.16,11.2,True,22,22,4.51,31.61,False,False,False,low_income_only
06085504002,37.354675452132184,-121.83402769572255,0.628,6376,1454,666,22.8,10.4,749,0,604,17,11.7,0.0,9.5,0.3,92091,1391,56,4.03,11.3,True,21,21,3.29,33.44,False,False,False,low_income_only
06085504101,37.36934400005686,-121.82037229789856,0.608,3628,670,768,18.5,21.2,608,0,405,29,16.8,0.0,11.2,0.8,144167,1006,14,1.39,8.2,False,7,7,1.93,11.51,True,False,False,low_access_only
06085503218,37.28048722394149,-121.82995687392082,0.361,4227,1102,518,26.1,12.3,280,0,112,78,6.6,0.0,2.6,1.8,53036,1022,201,19.67,11.8,True,19,19,4.49,52.63,False,False,False,low_income_only
06085503304,37.31261005895978,-121.8212222372953,0.91,6566,1223,1592,18.6,24.2,513,0,394,126,7.8,0.0,6.0,1.9,101039,1755,96,5.47,9.4,True,65,65,9.9,71.43,False,False,False,low_income_only
06085503305,37.319873759592284,-121.81468001086775,1.421,5874,1155,1230,19.7,20.9,352,0,196,0,6.0,0.0,3.3,0.0,103000,1482,214,14.44,13.6,True,105,105,17.88,73.89,False,False,False,low_income_only
06085503306,37.331408053465886,-121.82213563429707,1.02,3852,641,554,16.6,14.4,232,0,143,1,6.0,0.0,3.7,0.0,119091,822,65,7.91,10.4,True,17,17,4.41,16.67,False,False,False,low_income_only
06085504102,37.36408031090712,-121.81493566784309,0.822,5273,1011,929,19.2,17.6,459,0,324,0,8.7,0.0,6.1,0.0,156450,1279,47,3.67,8.8,False,17,17,3.22,20.68,False,False,False,adequate
06085503313,37.331283917232554,-121.77646964233514,0.983,4449,940,920,21.1,20.7,636,0,498,60,14.3,0.0,11.2,1.3,250001,1270,15,1.18,12.1,False,1,1,0.22,1.02,True,False,False,low_access_only
06085503315,37.31840327325196,-121.8013312635424,1.007,7822,1511,1144,19.3,14.6,1003,0,827,0,12.8,0.0,10.6,0.0,152083,2144,138,6.44,6.9,False,21,21,2.68,20.85,True,False,False,low_access_only
06085503323,37.33369930817253,-121.7916429814233,0.692,3809,741,637,19.5,16.7,351,0,171,25,9.2,0.0,4.5,0.7,169484,1008,48,4.76,5.0,False,1,1,0.26,1.45,True,False,False,low_access_only
06085503321,37.33267075372407,-121.8066640029038,1.224,4351,607,982,14.0,22.6,333,0,300,4,7.7,0.0,6.9,0.1,152238,1089,123,11.29,2.5,False,15,15,3.45,12.25,False,False,False,adequate
06085504311,37.37752470154995,-121.88458804614694,1.333,8850,1184,1224,13.4,13.8,891,0,706,156,10.1,0.0,8.0,1.8,173106,3282,130,3.96,4.1,False,29,28,3.28,21.76,False,False,False,adequate
06085504314,37.40182437217754,-121.85482544294102,0.904,4425,849,930,19.2,21.0,290,0,220,172,6.6,0.0,5.0,3.9,210357,1334,26,1.95,2.4,False,7,7,1.58,7.74,True,False,False,low_access_only
06085504315,37.40932695469196,-121.85968813221332,0.973,6475,1075,891,16.6,13.8,1031,0,867,71,15.9,0.0,13.4,1.1,182784,1823,19,1.04,7.9,False,1,1,0.15,1.03,True,False,False,low_access_only
06085504700,37.41628046045501,-122.05047414669028,4.116,845,381,3,45.1,0.4,398,0,301,0,47.1,0.0,35.6,0.0,194917,223,0,0.0,1.7,False,0,0,0.0,0.0,True,False,False,low_access_only
06085511608,37.428869577808136,-122.17754995703498,1.579,3316,34,0,1.0,0.0,1380,10,1114,77,41.6,0.3,33.6,2.3,42824,235,112,47.66,35.8,True,43,43,12.97,27.23,False,False,False,low_income_only
06085503329,37.311514599986104,-121.77927905314796,0.712,3294,717,573,21.8,17.4,557,0,413,7,16.9,0.0,12.5,0.2,217369,1023,42,4.11,7.4,False,4,4,1.21,5.62,True,False,False,low_access_only
06085512032,37.23292640631605,-121.78250928001677,1.811,3754,883,579,23.5,15.4,1248,0,1002,0,33.2,0.0,26.7,0.0,173750,1366,30,2.2,12.3,False,19,19,5.06,10.49,False,False,False,adequate
06085511916,37.236723532898125,-121.89666998910518,1.122,4483,1079,691,24.1,15.4,1833,0,1417,30,40.9,0.0,31.6,0.7,191735,1548,49,3.17,3.8,False,2,2,0.45,1.78,True,False,False,low_access_only
06085503333,37.30112585160939,-121.78863962053634,1.273,4590,679,734,14.8,16.0,860,239,381,75,18.7,5.2,8.3,1.6,213003,1379,30,2.18,4.1,False,2,2,0.44,1.57,True,False,False,low_access_only
06085503506,37.34364831742058,-121.82723828848987,0.612,6220,1730,1019,27.8,16.4,290,0,280,12,4.7,0.0,4.5,0.2,101146,1203,39,3.24,5.8,True,6,6,0.96,9.8,True,True,True,severe_food_desert
06085512001,37.256860043504695,-121.76809987943749,12.24,6102,1257,833,20.6,13.7,1349,0,1116,90,22.1,0.0,18.3,1.5,205750,1846,39,2.11,1.7,False,14,14,2.29,1.14,True,False,False,low_access_only
06085510300,37.377402887846074,-122.11166617438187,1.432,4649,1198,959,25.8,20.6,2342,19,1625,0,50.4,0.4,35.0,0.0,250001,1721,58,3.37,3.2,False,72,72,15.49,50.28,False,False,False,adequate
06085504602,37.438783134275255,-121.99172666135092,39.159,1542,255,207,16.5,13.4,372,0,266,0,24.1,0.0,17.3,0.0,121953,521,9,1.73,7.5,True,129,128,83.66,3.29,False,False,False,low_income_only
06085507002,37.20956530038409,-121.9492297937516,8.324,3325,740,676,22.3,20.3,2546,0,2029,0,76.6,0.0,61.0,0.0,250001,1131,0,0.0,12.2,False,1,1,0.3,0.12,True,False,False,low_access_only
06085512307,37.09972896839055,-121.63671337903595,3.324,6529,1221,1783,18.7,27.3,3197,0,2371,14,49.0,0.0,36.3,0.2,148064,2347,97,4.13,3.4,False,27,27,4.14,8.12,False,False,False,adequate
06085511910,37.21298672327689,-121.86939814516563,1.384,2992,594,677,19.9,22.6,1689,0,1102,0,56.5,0.0,36.8,0.0,250001,1087,8,0.74,5.9,False,9,9,3.01,6.5,False,False,False,adequate
06085505700,37.34302715189596,-121.944383015926,0.989,5636,605,656,10.7,11.6,2239,48,1619,0,39.7,0.9,28.7,0.0,125740,2605,133,5.11,18.4,True,18,18,3.19,18.2,False,False,False,low_income_only
06085506900,37.22764085883098,-121.932186646081,5.729,8160,2066,1853,25.3,22.7,5764,0,4098,46,70.6,0.0,50.2,0.6,222166,2781,162,5.83,3.2,False,25,25,3.06,4.36,False,False,False,adequate
06085507301,37.258868067692916,-122.00793770585877,5.153,6387,1234,1808,19.3,28.3,2601,18,2167,0,40.7,0.3,33.9,0.0,244207,2384,24,1.01,5.4,False,12,12,1.88,2.33,True,False,False,low_access_only
06085501700,37.32315800719086,-121.8864264200258,0.682,4871,1158,287,23.8,5.9,988,0,857,19,20.3,0.0,17.6,0.4,94736,1497,80,5.34,13.1,True,42,42,8.62,61.58,False,False,False,low_income_only
06085503116,37.27744830103254,-121.85373199662382,0.697,6396,1107,1175,17.3,18.4,2174,0,1775,368,34.0,0.0,27.8,5.8,109509,2349,170,7.24,7.9,True,12,12,1.88,17.22,True,True,True,severe_food_desert
06085507701,37.320275876629765,-122.0494631990259,1.617,3788,686,846,18.1,22.3,720,0,526,0,19.0,0.0,13.9,0.0,234886,1319,0,0.0,1.7,False,44,43,11.62,27.21,False,False,False,adequate
06085502908,37.25932283177835,-121.90870218154062,1.27,6561,1535,844,23.4,12.9,2904,0,2179,0,44.3,0.0,33.2,0.0,166382,2235,58,2.6,3.7,False,21,21,3.2,16.54,False,False,False,adequate
06085502909,37.25650560673108,-121.88745756265708,0.788,4812,1168,699,24.3,14.5,2432,0,1861,16,50.5,0.0,38.7,0.3,101607,2012,52,2.58,5.8,True,18,18,3.74,22.84,False,False,False,low_income_only
06085509107,37.379767267940345,-122.05655743787774,0.286,5107,1311,156,25.7,3.1,1154,0,1054,40,22.6,0.0,20.6,0.8,143611,2070,204,9.86,4.6,False,6,6,1.17,20.98,True,False,False,low_access_only
06085511701,37.37826106890519,-122.13190788597296,5.63,4368,976,969,22.3,22.2,2732,0,1957,0,62.5,0.0,44.8,0.0,250001,1489,7,0.47,3.5,False,6,6,1.37,1.07,True,False,False,low_access_only
06085511907,37.219759276185286,-121.85425001744566,1.061,4096,945,707,23.1,17.3,1469,44,1061,0,35.9,1.1,25.9,0.0,250001,1255,34,2.71,0.9,False,5,5,1.22,4.71,True,False,False,low_access_only
06085511912,37.2057328208336,-121.83417447518308,1.493,5286,1191,962,22.5,18.2,1854,0,1543,0,35.1,0.0,29.2,0.0,232214,1726,18,1.04,2.1,False,1,1,0.19,0.67,True,False,False,low_access_only
06085503207,37.29447900499659,-121.81547313067863,0.788,3446,523,823,15.2,23.9,396,0,251,15,11.5,0.0,7.3,0.4,145278,934,19,2.03,9.4,False,0,0,0.0,0.0,True,False,False,low_access_only
06085502910,37.25148171231723,-121.88404300135589,0.725,3785,1007,462,26.6,12.2,1486,0,1216,10,39.3,0.0,32.1,0.3,110091,1450,100,6.9,11.7,True,43,43,11.36,59.31,False,False,False,low_income_only
06085503001,37.28404327819511,-121.89195040614383,1.056,4430,1137,1047,25.7,23.6,3099,50,2183,0,70.0,1.1,49.3,0.0,148750,1642,0,0.0,3.2,False,8,8,1.81,7.58,True,False,False,low_access_only
06085503208,37.28062765135477,-121.81572768060956,0.687,3182,694,423,21.8,13.3,539,0,261,14,16.9,0.0,8.2,0.4,163558,709,10,1.41,17.0,False,3,3,0.94,4.37,True,False,False,low_access_only
06085500100,37.35848468546847,-121.89276002418848,1.177,8285,1595,929,19.3,11.2,1235,17,983,150,14.9,0.2,11.9,1.8,163061,2987,145,4.85,6.0,False,36,32,4.35,30.59,False,False,False,adequate
06085500200,37.349908787023374,-121.90216989093669,1.028,5439,647,343,11.9,6.3,1745,0,1279,153,32.1,0.0,23.5,2.8,115541,1854,171,9.22,15.4,True,20,20,3.68,19.46,False,False,False,low_income_only
06085500300,37.33959649877538,-121.90807414688572,1.764,4195,432,450,10.3,10.7,1736,0,1200,120,41.4,0.0,28.6,2.9,107431,1872,51,2.72,9.6,True,96,96,22.88,54.42,False,False,False,low_income_only
06085500400,37.34015218620309,-121.92202475799554,0.615,2678,505,318,18.9,11.9,1101,0,829,94,41.1,0.0,31.0,3.5,152973,1034,84,8.12,2.4,False,6,6,2.24,9.76,True,False,False,low_access_only
06085500600,37.33342247783057,-121.91456247472435,0.82,5748,1280,609,22.3,10.6,1596,0,1331,59,27.8,0.0,23.2,1.0,140045,2263,259,11.44,9.0,False,27,27,4.7,32.93,False,False,False,adequate
06085500901,37.33518020662885,-121.88409642715153,0.441,4298,257,513,6.0,11.9,1276,0,999,17,29.7,0.0,23.2,0.4,72112,2266,518,22.86,35.8,True,104,103,24.2,235.83,False,False,False,low_income_only
06085500902,37.333015022778234,-121.87963979697687,0.148,5377,313,24,5.8,0.4,1210,7,953,268,22.5,0.1,17.7,5.0,42955,580,65,11.21,51.0,True,26,26,4.84,175.68,False,False,False,low_income_only
06085501000,37.34164213889247,-121.88807145145226,0.491,4928,652,714,13.2,14.5,1518,0,1090,142,30.8,0.0,22.1,2.9,58775,2518,681,27.05,19.4,True,35,35,7.1,71.28,False,False,False,low_income_only
06085503210,37.29045053390158,-121.82286222772535,0.975,4067,601,525,14.8,12.9,357,0,265,174,8.8,0.0,6.5,4.3,120729,947,19,2.01,3.0,True,6,6,1.48,6.15,True,True,False,food_desert
06085503211,37.31180866922532,-121.83243476919205,0.648,4651,943,802,20.3,17.2,480,0,417,80,10.3,0.0,9.0,1.7,104677,1180,26,2.2,8.6,True,3,3,0.65,4.63,True,True,True,severe_food_desert
06085503002,37.27682300500207,-121.88729945532707,0.827,3635,663,940,18.2,25.9,1742,0,1348,0,47.9,0.0,37.1,0.0,139863,1304,134,10.28,4.4,False,18,18,4.95,21.77,False,False,False,adequate
06085503003,37.26748103570242,-121.88503940465023,1.184,5027,1025,648,20.4,12.9,2691,3,1929,0,53.5,0.1,38.4,0.0,207000,1788,35,1.96,2.6,False,7,7,1.39,5.91,True,False,False,low_access_only
06085511800,37.15998727814613,-121.92297701792705,85.76,4289,887,632,20.7,14.7,3335,0,2316,0,77.8,0.0,54.0,0.0,196786,1634,27,1.65,4.0,False,8,8,1.87,0.09,True,False,False,low_access_only
06085512305,37.12294011667237,-121.67700601076993,10.21,4029,875,672,21.7,16.7,2042,0,1448,10,50.7,0.0,35.9,0.2,247321,1301,7,0.54,1.8,False,2,2,0.5,0.2,True,False,False,low_access_only
06085511914,37.23058155906681,-121.87708117245108,1.694,6287,1553,1224,24.7,19.5,2978,9,2346,10,47.4,0.1,37.3,0.2,250001,2080,49,2.36,1.9,False,16,16,2.54,9.45,True,False,False,low_access_only
06085507302,37.23837782800959,-122.02925684819364,7.245,2654,424,764,16.0,28.8,1395,0,1071,2,52.6,0.0,40.4,0.1,250001,932,0,0.0,4.7,False,36,36,13.56,4.97,False,False,False,adequate
06085504307,37.39076332087466,-121.85253812952833,1.036,5716,1169,982,20.5,17.2,745,0,551,13,13.0,0.0,9.6,0.2,154801,1873,115,6.14,4.3,False,22,22,3.85,21.24,False,False,False,adequate
06085503504,37.335827260912005,-121.83416396964958,0.686,5526,1050,581,19.0,10.5,116,0,104,59,2.1,0.0,1.9,1.1,139180,1129,44,3.9,6.5,False,19,19,3.44,27.7,False,False,False,adequate
06085504318,37.376831519066315,-121.8956871672758,2.673,7989,1659,948,20.8,11.9,832,0,438,121,10.4,0.0,5.5,1.5,106535,2130,45,2.11,14.6,True,55,55,6.88,20.58,False,False,False,low_income_only
06085507500,37.274400187956495,-122.02397245077016,2.255,5955,1161,1529,19.5,25.7,1512,0,935,0,25.4,0.0,15.7,0.0,214375,2130,10,0.47,1.3,False,15,15,2.52,6.65,True,False,False,low_access_only
06085512200,37.049956636439696,-121.7071851543246,160.719,5146,1180,1074,22.9,20.9,2910,0,2093,16,56.5,0.0,40.7,0.3,250001,1671,40,2.39,2.9,False,13,13,2.53,0.08,True,False,False,low_access_only
06085507203,37.25136130305478,-121.96445331792314,1.104,3097,885,432,28.6,13.9,1542,0,1257,25,49.8,0.0,40.6,0.8,224464,1119,40,3.57,5.5,False,5,5,1.61,4.53,True,False,False,low_access_only
06085503802,37.38428801364773,-121.83551479419779,1.026,7647,1884,1278,24.6,16.7,766,0,653,57,10.0,0.0,8.5,0.7,114023,2053,117,5.7,8.9,True,9,9,1.18,8.77,True,True,True,severe_food_desert
06085512602,37.01009209325942,-121.51653562049894,58.971,3124,563,596,18.0,19.1,995,0,789,16,31.9,0.0,25.3,0.5,140556,840,8,0.95,9.0,False,79,79,25.29,1.34,False,False,False,adequate
06085512402,37.09615847476844,-121.57172566942677,30.399,5696,1068,1167,18.8,20.5,2593,0,1934,0,45.5,0.0,34.0,0.0,148833,1634,55,3.37,5.7,False,2,2,0.35,0.07,True,False,False,low_access_only
06085506604,37.2808227802004,-121.98670967878867,1.501,6855,1860,1031,27.1,15.0,2428,0,1832,2,35.4,0.0,26.7,0.0,191843,2417,15,0.62,2.7,False,28,27,4.08,18.65,False,False,False,adequate
06085512308,37.15222082882442,-121.62577309344142,9.078,8550,2336,1189,27.3,13.9,4818,0,3474,119,56.4,0.0,40.6,1.4,248750,2724,16,0.59,3.0,False,27,27,3.16,2.97,False,False,False,adequate
06085501200,37.34656010515615,-121.87874701528455,0.509,4163,609,378,14.6,9.1,1331,0,1116,18,32.0,0.0,26.8,0.4,108913,1466,29,1.98,13.5,True,4,4,0.96,7.86,True,True,False,food_desert
06085501300,37.33871460511891,-121.87454247754326,0.457,3932,367,524,9.3,13.3,2144,3,1790,118,54.5,0.1,45.5,3.0,145260,1185,155,13.08,13.5,False,17,17,4.32,37.2,False,False,False,adequate
06085501401,37.35148741447678,-121.86976015432212,0.611,2902,787,494,27.1,17.0,542,18,414,43,18.7,0.6,14.3,1.5,80216,828,118,14.25,7.9,True,26,26,8.96,42.55,False,False,False,low_income_only
06085501800,37.31636961752042,-121.89655226704863,0.874,4786,1057,665,22.1,13.9,2195,0,1585,19,45.9,0.0,33.1,0.4,142235,1733,56,3.23,6.8,False,15,15,3.13,17.16,False,False,False,adequate
06085503105,37.32619797243857,-121.85875827790021,1.075,2012,383,391,19.0,19.4,309,0,237,1,15.4,0.0,11.8,0.0,61838,713,113,15.85,19.9,True,95,95,47.22,88.37,False,False,False,low_income_only
06085507401,37.288224582301034,-122.0182495509803,1.972,5800,1109,1535,19.1,26.5,1494,0,1136,0,25.8,0.0,19.6,0.0,244046,1893,19,1.0,2.3,False,10,10,1.72,5.07,True,False,False,low_access_only
06085507100,37.23622611568786,-121.974902873215,1.088,2820,560,392,19.9,13.9,2265,0,1741,0,80.3,0.0,61.7,0.0,159821,1339,31,2.32,3.8,False,26,26,9.22,23.9,False,False,False,adequate
06085507805,37.33330708421623,-122.05199481499848,1.284,4888,987,531,20.2,10.9,1465,0,1142,35,30.0,0.0,23.4,0.7,201939,1916,65,3.39,7.1,False,33,33,6.75,25.7,False,False,False,adequate
06085507702,37.29889016451195,-122.05969726674049,4.814,6464,1590,1235,24.6,19.1,1069,0,803,0,16.5,0.0,12.4,0.0,250001,2191,18,0.82,5.3,False,7,7,1.08,1.45,True,False,False,low_access_only
06085505303,37.358302460588384,-121.96396184127354,0.664,5877,872,701,14.8,11.9,1567,47,1267,137,26.7,0.8,21.6,2.3,124491,2231,45,2.02,4.8,True,31,31,5.27,46.69,False,False,False,low_income_only
06085503707,37.35789737519626,-121.85381293184902,0.462,4665,751,632,16.1,13.5,396,0,151,66,8.5,0.0,3.2,1.4,109000,1344,92,6.85,6.4,True,9,9,1.93,19.48,True,True,False,food_desert
06085502001,37.322457731270234,-121.9330737557831,0.816,4956,1308,586,26.4,11.8,1697,6,1156,72,34.2,0.1,23.3,1.5,94794,1945,240,12.34,13.4,True,34,34,6.86,41.67,False,False,False,low_income_only
06085502002,37.31940295879712,-121.92092682404662,0.55,4985,1189,307,23.9,6.2,1202,0,930,81,24.1,0.0,18.7,1.6,117969,1804,148,8.2,12.8,True,8,8,1.6,14.55,True,True,False,food_desert
06085501501,37.341616925499,-121.85831450211573,0.382,4403,1061,589,24.1,13.4,392,0,253,69,8.9,0.0,5.7,1.6,81859,1322,78,5.9,8.9,True,4,4,0.91,10.47,True,True,False,food_desert
06085501502,37.337497296271295,-121.86440265702645,0.544,4350,836,512,19.2,11.8,968,0,916,7,22.3,0.0,21.1,0.2,111089,1235,117,9.47,11.7,True,7,7,1.61,12.87,True,True,False,food_desert
06085502101,37.30594565990033,-121.93602632078358,1.17,5361,935,1225,17.4,22.9,2422,0,1849,5,45.2,0.0,34.5,0.1,144038,2070,112,5.41,11.3,False,10,10,1.87,8.55,True,False,False,low_access_only
06085502202,37.29804681302516,-121.920587167708,0.682,3150,387,564,12.3,17.9,1665,7,1170,36,52.9,0.2,37.1,1.1,113958,1434,69,4.81,9.8,True,24,24,7.62,35.19,False,False,False,low_income_only
06085502701,37.27095266377971,-121.93768527975413,1.066,5691,1521,619,26.7,10.9,2471,0,1628,48,43.4,0.0,28.6,0.8,133658,2123,72,3.39,7.4,False,56,56,9.84,52.53,False,False,False,adequate
06085502800,37.2557280640264,-121.92303057509744,1.072,4236,932,630,22.0,14.9,1927,0,1187,0,45.5,0.0,28.0,0.0,185962,1434,26,1.81,8.6,False,7,7,1.65,6.53,True,False,False,low_access_only
06085502903,37.27793411647418,-121.90505256075559,1.15,5318,1282,910,24.1,17.1,2921,0,2176,0,54.9,0.0,40.9,0.0,250001,1913,38,1.99,2.4,False,1,1,0.19,0.87,True,False,False,low_access_only
06085502906,37.24781290326449,-121.90141337016304,0.943,5021,1188,618,23.7,12.3,2516,81,2029,51,50.1,1.6,40.4,1.0,126438,1657,43,2.6,6.7,True,10,9,1.99,10.6,True,True,False,food_desert
06085503110,37.33307642483013,-121.84982960731757,0.468,3617,1175,224,32.5,6.2,169,0,78,21,4.7,0.0,2.2,0.6,77353,926,41,4.43,14.2,True,12,12,3.32,25.64,False,False,False,low_income_only
06085502400,37.30469494068518,-121.89261012844044,1.638,7107,1505,1385,21.2,19.5,4604,0,3214,2,64.8,0.0,45.2,0.0,222311,2677,57,2.13,6.8,False,45,45,6.33,27.47,False,False,False,adequate
06085510200,37.37205952743345,-122.1017316895267,1.645,4565,1141,996,25.0,21.8,2564,0,2038,0,56.2,0.0,44.6,0.0,250001,1574,35,2.22,0.9,False,11,11,2.41,6.69,True,False,False,low_access_only
06085512309,37.13001270618251,-121.60876807706043,5.56,5110,1192,1026,23.3,20.1,2656,37,1985,0,52.0,0.7,38.8,0.0,210212,1682,75,4.46,1.1,False,11,11,2.15,1.98,True,False,False,low_access_only
06085504601,37.44487839347864,-122.08623922354312,17.051,1212,170,300,14.0,24.8,429,0,243,13,35.4,0.0,20.0,1.1,74250,542,19,3.51,10.1,True,101,101,83.33,5.92,False,False,False,low_income_only
06085510001,37.35842047018463,-122.07971282194447,2.152,5852,1412,967,24.1,16.5,3130,0,2709,13,53.5,0.0,46.3,0.2,250001,1959,74,3.78,2.2,False,10,10,1.71,4.65,True,False,False,low_access_only
06085500500,37.329956508667784,-121.9278953625473,1.303,5185,777,887,15.0,17.1,3042,158,2108,27,58.7,3.0,40.7,0.5,166514,2108,243,11.53,3.5,False,24,24,4.63,18.42,False,False,False,adequate
06085512100,37.1762460927138,-121.72581436658025,34.898,1710,421,252,24.6,14.7,433,0,252,10,25.3,0.0,14.7,0.6,121563,453,4,0.88,6.9,True,14,14,8.19,0.4,False,False,False,low_income_only
06085507402,37.281628784606966,-121.99958825859613,1.477,3922,719,1113,18.3,28.4,1478,0,1168,0,37.7,0.0,29.8,0.0,243720,1561,50,3.2,3.0,False,16,16,4.08,10.83,False,False,False,adequate
06085502907,37.26332470606518,-121.89728214034028,0.764,3822,815,678,21.3,17.7,1997,0,1535,7,52.3,0.0,40.2,0.2,213056,1338,11,0.82,5.8,False,12,12,3.14,15.71,False,False,False,adequate
06085503336,37.30674985211275,-121.80437653214547,0.554,2861,429,502,15.0,17.5,143,0,106,62,5.0,0.0,3.7,2.2,190000,810,45,5.56,7.0,False,5,5,1.75,9.03,True,False,False,low_access_only
06085501402,37.34533406853035,-121.8665167219426,0.32,2703,414,518,15.3,19.2,878,0,731,11,32.5,0.0,27.0,0.4,94491,823,50,6.08,15.4,True,13,13,4.81,40.62,False,False,False,low_income_only
06085504505,37.40892803506346,-121.90198882814968,1.183,11610,2121,951,18.3,8.2,1159,0,986,170,10.0,0.0,8.5,1.5,229572,4392,225,5.12,2.5,False,15,15,1.29,12.68,True,False,False,low_access_only
06085503903,37.36845796708548,-121.83554291954339,0.568,2911,453,490,15.6,16.8,399,0,302,97,13.7,0.0,10.4,3.3,131806,817,53,6.49,9.0,True,13,12,4.47,22.89,False,False,False,low_income_only
06085508102,37.33036342419502,-122.0048874671081,1.666,3693,912,386,24.7,10.5,897,0,693,66,24.3,0.0,18.8,1.8,216094,1353,103,7.61,0.5,False,54,54,14.62,32.41,False,False,False,adequate
06085506606,37.29025661140206,-121.9687320293343,0.733,4976,1252,856,25.2,17.2,1711,0,1421,61,34.4,0.0,28.6,1.2,133700,1844,81,4.39,8.7,False,27,27,5.43,36.83,False,False,False,adequate
06085504506,37.450316839146055,-121.9162074505871,1.106,7188,1598,866,22.2,12.0,918,36,517,0,12.8,0.5,7.2,0.0,164879,2301,213,9.26,6.3,False,31,31,4.31,28.03,False,False,False,adequate
06085504507,37.43584311959921,-121.91285520033692,1.086,6052,1417,855,23.4,14.1,770,0,335,128,12.7,0.0,5.5,2.1,163724,1664,183,11.0,6.4,False,39,39,6.44,35.91,False,False,False,adequate
06085506701,37.27065282957964,-121.97933022784866,0.977,4620,1105,693,23.9,15.0,1956,0,1543,34,42.3,0.0,33.4,0.7,228173,1421,29,2.04,4.3,False,2,2,0.43,2.05,True,False,False,low_access_only
06085508203,37.34510335672525,-122.02682654040771,0.957,5511,1647,866,29.9,15.7,2265,0,1836,34,41.1,0.0,33.3,0.6,250001,1781,29,1.63,3.4,False,6,6,1.09,6.27,True,False,False,low_access_only
06085506702,37.27432942273283,-121.96255926251733,1.033,5755,1365,908,23.7,15.8,2385,0,1922,97,41.4,0.0,33.4,1.7,122050,1945,29,1.49,5.6,True,4,4,0.7,3.87,True,True,True,severe_food_desert
06085506703,37.264699269104156,-121.9669403351277,0.827,3870,657,718,17.0,18.6,2030,0,1669,7,52.5,0.0,43.1,0.2,154149,1450,65,4.48,5.1,False,10,10,2.58,12.09,True,False,False,low_access_only
06085504805,37.40317010299284,-122.00330653961612,0.878,7409,1028,1284,13.9,17.3,2781,0,1972,0,37.5,0.0,26.6,0.0,149207,3138,93,2.96,8.7,False,9,9,1.21,10.25,True,False,False,low_access_only
06085504806,37.3959386218947,-122.00171694909419,0.508,2753,359,520,13.0,18.9,666,0,588,0,24.2,0.0,21.4,0.0,158750,826,121,14.65,3.5,False,9,9,3.27,17.72,False,False,False,adequate
06085505007,37.38516439124806,-121.94807784810297,1.868,4223,780,762,18.5,18.0,1055,11,770,53,25.0,0.3,18.2,1.3,164115,1005,5,0.5,7.0,False,36,36,8.52,19.27,False,False,False,adequate
06085505203,37.34671771666902,-121.9327889639191,0.879,5725,329,257,5.7,4.5,2794,0,2336,45,48.8,0.0,40.8,0.8,139028,1519,141,9.28,27.8,True,44,44,7.69,50.06,False,False,False,low_income_only
06085508204,37.34454813952481,-122.01787868070173,0.624,4725,1307,528,27.7,11.2,986,0,762,0,20.9,0.0,16.1,0.0,250001,1617,96,5.94,4.7,False,4,4,0.85,6.41,True,False,False,low_access_only
06085508505,37.358862929074455,-122.00978171288784,0.711,4833,864,755,17.9,15.6,1505,0,1214,12,31.1,0.0,25.1,0.2,205625,2042,93,4.55,8.0,False,10,10,2.07,14.06,True,False,False,low_access_only
06085504802,37.40039075105189,-121.9911750818843,1.122,4506,604,727,13.4,16.1,1211,0,1004,10,26.9,0.0,22.3,0.2,116525,1694,123,7.26,8.3,True,16,16,3.55,14.26,False,False,False,low_income_only
06085505301,37.36783143410795,-121.98459872260047,0.554,5414,813,516,15.0,9.5,967,0,816,16,17.9,0.0,15.1,0.3,200781,2055,132,6.42,5.7,False,9,9,1.66,16.25,True,False,False,low_access_only
06085505302,37.3606846566044,-121.9724090294047,0.881,4958,1088,612,21.9,12.3,1631,10,1328,3,32.9,0.2,26.8,0.1,213365,1679,110,6.55,6.3,False,18,18,3.63,20.43,False,False,False,adequate
06085505304,37.35962740905384,-121.98154013322812,0.626,3499,590,539,16.9,15.4,1068,10,947,4,30.5,0.3,27.1,0.1,226731,1182,18,1.52,5.7,False,7,7,2.0,11.18,True,False,False,low_access_only
06085505305,37.359016270264455,-121.99058603823116,0.936,5672,1067,744,18.8,13.1,2092,0,1634,0,36.9,0.0,28.8,0.0,205550,2205,88,3.99,6.3,False,21,21,3.7,22.44,False,False,False,adequate
06085505401,37.34900211130734,-121.98722522737258,0.716,6607,569,700,8.6,10.6,1472,0,1058,66,22.3,0.0,16.0,1.0,162000,2908,94,3.23,14.4,False,43,43,6.51,60.06,False,False,False,adequate
06085505402,37.34611265208006,-121.97349970174685,0.652,3051,492,463,16.1,15.2,876,0,736,1,28.7,0.0,24.1,0.0,167457,1207,154,12.76,10.5,False,15,15,4.92,23.01,False,False,False,adequate
06085508601,37.37593238431127,-122.0410018543967,0.81,3914,841,565,21.5,14.4,1372,5,956,0,35.1,0.1,24.4,0.0,195804,1560,75,4.81,4.3,False,12,12,3.07,14.81,False,False,False,adequate
06085505403,37.34183508969573,-121.98622133820132,0.853,8136,1667,585,20.5,7.2,1856,39,1308,32,22.8,0.5,16.1,0.4,182500,3660,214,5.85,6.1,False,22,22,2.7,25.79,True,False,False,low_access_only
06085505500,37.34716282874322,-121.96214047719819,0.835,4771,1060,545,22.2,11.4,2016,0,1603,0,42.3,0.0,33.6,0.0,171855,1695,36,2.12,3.9,False,21,20,4.4,25.15,False,False,False,adequate
06085505600,37.351254548768196,-121.94556351454078,0.634,4808,464,536,9.7,11.1,2466,10,1982,116,51.3,0.2,41.2,2.4,140263,1462,156,10.67,20.1,True,40,40,8.32,63.09,False,False,False,low_income_only
06085505800,37.331597498553066,-121.94398004893024,1.032,3683,741,513,20.1,13.9,2122,0,1815,0,57.6,0.0,49.3,0.0,169722,1524,9,0.59,4.2,False,73,73,19.82,70.74,False,False,False,adequate
06085506803,37.24282187214156,-121.91432449385245,1.398,7056,1970,765,27.9,10.8,3098,20,2711,42,43.9,0.3,38.4,0.6,194219,2274,30,1.32,6.7,False,13,13,1.84,9.3,True,False,False,low_access_only
06085507806,37.3285223518772,-122.04085280207765,1.153,5657,1465,439,25.9,7.8,721,16,500,70,12.7,0.3,8.8,1.2,200887,2110,39,1.85,7.3,False,30,30,5.3,26.02,False,False,False,adequate
06085507807,37.31241311051158,-122.04055357828832,0.61,3115,752,432,24.1,13.9,468,0,294,1,15.0,0.0,9.4,0.0,250001,1027,9,0.88,1.0,False,13,13,4.17,21.31,False,False,False,adequate
06085508301,37.34482694538836,-122.05709074746841,1.208,4461,960,1092,21.5,24.5,1956,0,1540,0,43.8,0.0,34.5,0.0,250001,1550,35,2.26,1.1,False,5,5,1.12,4.14,True,False,False,low_access_only
06085508303,37.3448826824218,-122.0458423099977,0.755,2647,489,720,18.5,27.2,903,0,555,0,34.1,0.0,21.0,0.0,219081,941,46,4.89,2.3,False,23,23,8.69,30.46,False,False,False,adequate
06085506000,37.33790856197175,-121.96218721864453,0.819,4988,837,759,16.8,15.2,2055,15,1384,0,41.2,0.3,27.7,0.0,197202,1809,8,0.44,3.0,False,12,12,2.41,14.65,True,False,False,low_access_only
06085506101,37.33415114774385,-121.98454099954506,0.921,4643,1088,810,23.4,17.4,1755,11,1399,21,37.8,0.2,30.1,0.5,190750,1604,70,4.36,4.4,False,13,13,2.8,14.12,True,False,False,low_access_only
06085506102,37.331467670949884,-121.97143254874824,0.696,4434,790,770,17.8,17.4,1456,0,994,55,32.8,0.0,22.4,1.2,189439,1806,24,1.33,5.5,False,16,16,3.61,22.99,False,False,False,adequate
06085507808,37.30228514431332,-122.03792870239091,1.04,5720,1482,629,25.9,11.0,658,0,570,0,11.5,0.0,10.0,0.0,250001,1890,74,3.92,3.3,False,20,20,3.5,19.23,False,False,False,adequate
06085506103,37.32680929919907,-121.98582986131389,0.94,5187,1131,872,21.8,16.8,1160,0,843,0,22.4,0.0,16.3,0.0,231563,1758,134,7.62,6.2,False,19,19,3.66,20.21,False,False,False,adequate
06085506203,37.32065220110256,-121.98293002394463,0.675,6717,1661,451,24.7,6.7,763,0,686,40,11.4,0.0,10.2,0.6,142791,2384,111,4.66,7.2,False,40,40,5.96,59.26,False,False,False,adequate
06085506204,37.31359487625496,-121.98638138027968,1.098,5860,1246,891,21.3,15.2,1222,0,993,150,20.9,0.0,16.9,2.6,200288,2049,20,0.98,6.3,False,37,37,6.31,33.7,False,False,False,adequate
06085506301,37.31965528922837,-121.96151743851865,0.916,4994,723,908,14.5,18.2,1902,0,1435,46,38.1,0.0,28.7,0.9,138411,2147,114,5.31,9.6,False,34,34,6.81,37.12,False,False,False,adequate
06085507903,37.30261994371467,-122.01020429451076,0.919,5037,1263,938,25.1,18.6,833,0,653,0,16.5,0.0,13.0,0.0,223571,1794,64,3.57,2.5,False,14,14,2.78,15.23,True,False,False,low_access_only
06085508401,37.36257727126658,-122.05621465023698,1.524,8061,2310,873,28.7,10.8,2555,0,2047,31,31.7,0.0,25.4,0.4,198816,2474,37,1.5,1.7,False,24,24,2.98,15.75,True,False,False,low_access_only
06085508404,37.364610049101664,-122.04164195225431,1.142,6312,1532,900,24.3,14.3,2855,0,2359,0,45.2,0.0,37.4,0.0,213393,2305,40,1.74,5.1,False,35,35,5.54,30.65,False,False,False,adequate
06085508503,37.357303237456286,-122.02605330133316,0.899,6020,1270,674,21.1,11.2,1313,0,946,5,21.8,0.0,15.7,0.1,167763,2643,262,9.91,8.0,False,42,42,6.98,46.72,False,False,False,adequate
06085507904,37.30190674731976,-122.0019029924209,0.781,2963,648,592,21.9,20.0,493,0,418,0,16.6,0.0,14.1,0.0,250001,1064,14,1.32,1.5,False,4,4,1.35,5.12,True,False,False,low_access_only
06085504412,37.43945467974418,-121.8817695148686,0.595,4928,1166,526,23.7,10.7,278,0,235,22,5.6,0.0,4.8,0.4,149659,1395,99,7.1,7.7,False,12,12,2.44,20.17,True,False,False,low_access_only
06085504413,37.437339608513895,-121.90465619277995,0.388,1963,385,551,19.6,28.1,178,0,155,0,9.1,0.0,7.9,0.0,155982,741,118,15.92,7.2,False,12,12,6.11,30.93,False,False,False,adequate
06085504414,37.4404254573615,-121.8966446634745,1.076,5141,1116,1271,21.7,24.7,488,0,409,0,9.5,0.0,8.0,0.0,165761,1750,123,7.03,11.2,False,19,19,3.7,17.66,False,False,False,adequate
06085504415,37.42603782122668,-121.86941987233249,0.74,4885,1014,951,20.8,19.5,678,0,461,16,13.9,0.0,9.4,0.3,213654,1486,36,2.42,4.7,False,3,3,0.61,4.05,True,False,False,low_access_only
06085504416,37.42070971421511,-121.87608642629806,0.688,3791,1005,425,26.5,11.2,634,0,567,0,16.7,0.0,15.0,0.0,190981,1174,17,1.45,5.8,False,39,39,10.29,56.69,False,False,False,adequate
06085504418,37.4320219321621,-121.88062846939778,0.635,3951,728,740,18.4,18.7,434,0,334,0,11.0,0.0,8.5,0.0,116310,1138,45,3.95,6.3,True,20,20,5.06,31.5,False,False,False,low_income_only
06085504421,37.45140971323525,-121.90093552203311,0.979,5422,1216,1062,22.4,19.6,559,0,399,3,10.3,0.0,7.4,0.1,172500,1516,34,2.24,5.4,False,18,18,3.32,18.39,False,False,False,adequate
06085507905,37.30260900035019,-122.02812000162598,0.893,6596,2008,640,30.4,9.7,966,0,858,0,14.6,0.0,13.0,0.0,141429,2040,289,14.17,3.8,False,25,25,3.79,28.0,False,False,False,adequate
06085504422,37.45857801997938,-121.9069469023413,0.533,3440,709,582,20.6,16.9,184,0,173,2,5.3,0.0,5.0,0.1,141111,916,54,5.9,9.7,False,30,30,8.72,56.29,False,False,False,adequate
06085506304,37.3122608118702,-121.97035760595517,0.66,5956,1589,629,26.7,10.6,1569,0,1451,82,26.3,0.0,24.4,1.4,113893,2273,153,6.73,11.8,True,11,11,1.85,16.67,True,True,False,food_desert
06085506305,37.30452771447359,-121.97164329153237,0.668,5235,1223,664,23.4,12.7,1502,0,956,155,28.7,0.0,18.3,3.0,96150,2098,308,14.68,12.7,True,18,18,3.44,26.95,False,False,False,low_income_only
06085506401,37.31636928233038,-121.94522585537169,0.822,4758,832,265,17.5,5.6,1918,0,1425,285,40.3,0.0,29.9,6.0,172134,2194,166,7.57,6.8,False,57,56,11.98,69.34,False,False,False,adequate
06085506402,37.301660272381355,-121.94505282681283,0.881,5257,962,1005,18.3,19.1,2159,0,1762,62,41.1,0.0,33.5,1.2,121413,2180,157,7.2,8.6,True,13,13,2.47,14.76,True,True,True,severe_food_desert
06085506503,37.2857454173825,-121.95474737641621,1.093,6623,1361,1658,20.5,25.0,2987,0,1980,41,45.1,0.0,29.9,0.6,111225,2775,546,19.68,5.9,True,41,41,6.19,37.51,False,False,False,low_income_only
06085507906,37.30198942340631,-122.01922797352596,0.872,4499,997,724,22.2,16.1,677,0,595,0,15.0,0.0,13.2,0.0,250001,1382,17,1.23,3.0,False,1,1,0.22,1.15,True,False,False,low_access_only
06085506601,37.29285285052729,-121.98238012231177,0.958,3825,777,582,20.3,15.2,1517,0,1147,11,39.7,0.0,30.0,0.3,133194,1486,98,6.59,4.5,True,31,31,8.1,32.36,False,False,False,low_income_only
06085506603,37.282230152882605,-121.96934258990277,0.782,4295,1040,510,24.2,11.9,1728,5,1155,7,40.2,0.1,26.9,0.2,250001,1519,82,5.4,6.2,False,3,3,0.7,3.84,True,False,False,low_access_only
06085506605,37.29741311309002,-121.96939671405511,0.611,4275,748,686,17.5,16.0,1427,0,961,12,33.4,0.0,22.5,0.3,139265,1560,80,5.13,8.0,False,13,13,3.04,21.28,False,False,False,adequate
06085508101,37.33027924934875,-122.02329647924213,1.622,6679,1702,799,25.5,12.0,1842,0,1714,0,27.6,0.0,25.7,0.0,250001,2418,34,1.41,0.8,False,84,84,12.58,51.79,False,False,False,adequate
06085510400,37.39131401099621,-122.10762649124761,1.049,3495,771,539,22.1,15.4,1491,0,1303,28,42.7,0.0,37.3,0.8,250001,1286,8,0.62,1.7,False,16,16,4.58,15.25,False,False,False,adequate
06085510700,37.41742017076147,-122.12816198633297,0.885,4740,747,777,15.8,16.4,1796,0,1381,0,37.9,0.0,29.1,0.0,182266,2267,138,6.09,3.3,False,23,23,4.85,25.99,False,False,False,adequate
06085509106,37.378605112336224,-122.05046583554571,0.604,4123,590,463,14.3,11.2,1578,0,1253,11,38.3,0.0,30.4,0.3,159951,1985,165,8.31,6.2,False,33,33,8.0,54.64,False,False,False,adequate
06085509108,37.40041746519327,-122.05718503069545,1.408,4617,653,593,14.1,12.8,1205,0,1039,271,26.1,0.0,22.5,5.9,219063,1869,134,7.17,4.0,False,24,24,5.2,17.05,False,False,False,adequate
06085510801,37.42702740729582,-122.10977814275915,1.346,5244,1283,1204,24.5,23.0,1705,0,1344,140,32.5,0.0,25.6,2.7,250001,1893,70,3.7,1.6,False,8,8,1.53,5.94,True,False,False,low_access_only
06085510802,37.4144228431958,-122.11039218459598,0.573,2014,533,406,26.5,20.2,1088,0,868,0,54.0,0.0,43.1,0.0,250001,686,17,2.48,2.1,False,11,11,5.46,19.2,False,False,False,adequate
06085510803,37.42055859030902,-122.11844855622948,0.62,3406,866,563,25.4,16.5,1398,0,1149,0,41.0,0.0,33.7,0.0,250001,1214,124,10.21,7.0,False,8,8,2.35,12.9,True,False,False,low_access_only
06085510900,37.42769647750628,-122.12967880508417,1.014,4431,899,855,20.3,19.3,1965,0,1417,0,44.3,0.0,32.0,0.0,183536,1863,255,13.69,2.1,False,8,8,1.81,7.89,True,False,False,low_access_only
06085511000,37.437563712765865,-122.12184905671714,1.219,7180,2079,1046,29.0,14.6,2611,14,2239,0,36.4,0.2,31.2,0.0,250001,2348,99,4.22,1.8,False,12,12,1.67,9.84,True,False,False,low_access_only
06085511100,37.4457469550019,-122.13252417856505,1.346,5379,1089,1218,20.2,22.6,2481,0,1812,0,46.1,0.0,33.7,0.0,250001,1999,21,1.05,2.9,False,12,12,2.23,8.92,True,False,False,low_access_only
06085511400,37.43594964725536,-122.14359466269588,0.943,3608,869,737,24.1,20.4,1959,12,1310,4,54.3,0.3,36.3,0.1,250001,1384,54,3.9,1.4,False,1,1,0.28,1.06,True,False,False,low_access_only
06085512024,37.26049810230191,-121.8669643622402,0.976,5288,1141,809,21.6,15.3,2192,0,1853,20,41.5,0.0,35.0,0.4,136168,1813,157,8.66,8.8,False,41,41,7.75,42.01,False,False,False,adequate
06085512025,37.26089211161245,-121.85258360992974,0.762,3062,616,666,20.1,21.8,1274,0,785,74,41.6,0.0,25.6,2.4,220962,984,56,5.69,1.1,False,1,1,0.33,1.31,True,False,False,low_access_only
06085512026,37.25845668626691,-121.83796693730496,1.347,3734,815,368,21.8,9.9,1025,0,797,0,27.5,0.0,21.3,0.0,160156,1245,18,1.45,3.4,False,20,20,5.36,14.85,False,False,False,adequate
06085509109,37.39145888144668,-122.05969475418466,1.285,7153,1788,263,25.0,3.7,2083,0,1811,0,29.1,0.0,25.3,0.0,250001,2589,114,4.4,4.3,False,13,13,1.82,10.12,True,False,False,low_access_only
06085509201,37.401151631387215,-122.07437421491151,0.962,5287,792,651,15.0,12.3,2530,0,1946,11,47.9,0.0,36.8,0.2,182611,2681,301,11.23,1.8,False,13,13,2.46,13.51,True,False,False,low_access_only
06085512027,37.252952923282976,-121.85871111700162,1.064,3908,742,882,19.0,22.6,1525,0,1209,27,39.0,0.0,30.9,0.7,106406,1547,141,9.11,7.2,True,64,64,16.38,60.15,False,False,False,low_income_only
06085513500,37.24003800346715,-121.51678456534539,939.067,1009,123,249,12.2,24.7,678,0,509,5,67.2,0.0,50.4,0.5,102750,281,0,0.0,15.3,True,9,9,8.92,0.01,False,False,False,low_income_only
06085509202,37.4059125113007,-122.08387885036247,0.959,4222,859,541,20.3,12.8,1682,12,1249,145,39.8,0.3,29.6,3.4,228462,1636,120,7.33,10.4,False,18,18,4.26,18.77,False,False,False,adequate
06085509302,37.40923459086881,-122.10064457423056,0.646,3508,800,639,22.8,18.2,1528,0,1194,327,43.6,0.0,34.0,9.3,169896,1222,114,9.33,5.2,False,13,13,3.71,20.12,False,False,False,adequate
06085509303,37.40602972565638,-122.09227761792764,0.352,3565,629,814,17.6,22.8,1445,0,1227,52,40.5,0.0,34.4,1.5,175288,1651,236,14.29,5.4,False,1,1,0.28,2.84,True,False,False,low_access_only
06085512029,37.247681096621235,-121.81606671674936,1.162,8115,1637,1102,20.2,13.6,3839,0,2567,27,47.3,0.0,31.6,0.3,180725,2529,17,0.67,1.7,False,34,34,4.19,29.26,False,False,False,adequate
06085512030,37.232704602405725,-121.82419159751502,0.727,2898,773,503,26.7,17.4,1265,7,860,21,43.7,0.2,29.7,0.7,181326,899,36,4.0,4.0,False,1,1,0.35,1.38,True,False,False,low_access_only
06085512034,37.22933963207609,-121.77074281525731,0.636,2997,682,491,22.8,16.4,1143,0,835,4,38.1,0.0,27.9,0.1,157569,997,3,0.3,2.0,False,19,19,6.34,29.87,False,False,False,adequate
06085509304,37.41741524814703,-122.09520806324296,0.956,3175,582,237,18.3,7.5,1148,0,907,9,36.2,0.0,28.6,0.3,207381,1156,7,0.61,1.8,False,42,42,13.23,43.93,False,False,False,adequate
06085511702,37.35340491157098,-122.09754195688525,1.609,2859,698,594,24.4,20.8,1529,0,1234,0,53.5,0.0,43.2,0.0,250001,966,6,0.62,3.8,False,6,6,2.1,3.73,True,False,False,low_access_only
06085511905,37.21472222608721,-121.85830858092476,0.771,3084,780,548,25.3,17.8,1389,0,1184,0,45.0,0.0,38.4,0.0,250001,1075,19,1.77,0.7,False,14,14,4.54,18.16,False,False,False,adequate
06085512505,37.02457339741529,-121.59250028418202,1.612,7683,2105,734,27.4,9.6,2304,0,1945,26,30.0,0.0,25.3,0.3,99742,2296,82,3.57,7.2,True,21,21,2.73,13.03,True,True,False,food_desert
06085509401,37.406980125515275,-122.11446342925922,0.408,4746,593,518,12.5,10.9,1914,0,1547,11,40.3,0.0,32.6,0.2,149258,2409,314,13.03,7.7,False,16,16,3.37,39.22,False,False,False,adequate
06085509403,37.398113664065164,-122.09683186044221,0.323,4115,696,168,16.9,4.1,1431,0,1069,0,34.8,0.0,26.0,0.0,177847,2003,126,6.29,8.7,False,17,17,4.13,52.63,False,False,False,adequate
06085509404,37.40188588094014,-122.10557336047417,0.643,6256,1060,760,16.9,12.1,2023,0,1788,9,32.3,0.0,28.6,0.1,203864,3208,239,7.45,3.7,False,40,39,6.39,62.21,False,False,False,adequate
06085509500,37.394448574910975,-122.08965892494697,0.602,5617,913,409,16.3,7.3,1750,0,1229,91,31.2,0.0,21.9,1.6,178892,2555,364,14.25,7.9,False,9,9,1.6,14.95,True,False,False,low_access_only
06085512005,37.270018547086025,-121.86557920719957,1.479,6650,1605,1032,24.1,15.5,3329,0,2408,0,50.1,0.0,36.2,0.0,198012,2148,12,0.56,3.2,False,13,13,1.95,8.79,True,False,False,low_access_only
06085509600,37.390818399685116,-122.08045661881039,0.643,3724,726,302,19.5,8.1,1802,0,1299,2,48.4,0.0,34.9,0.1,188676,1712,96,5.61,14.7,False,97,97,26.05,150.86,False,False,False,adequate
06085509700,37.38536026221767,-122.07319277741668,0.642,3064,704,408,23.0,13.3,1599,0,1097,29,52.2,0.0,35.8,0.9,209607,1375,89,6.47,4.6,False,9,9,2.94,14.02,True,False,False,low_access_only
06085509802,37.378766404769195,-122.08232775101659,0.569,3090,729,473,23.6,15.3,1062,0,758,59,34.4,0.0,24.5,1.9,220694,1119,37,3.31,7.6,False,6,6,1.94,10.54,True,False,False,low_access_only
06085509901,37.36946377434851,-122.08638127444556,0.853,2602,824,428,31.7,16.4,1527,0,1388,4,58.7,0.0,53.3,0.2,250001,775,9,1.16,1.6,False,22,22,8.46,25.79,False,False,False,adequate
06085508602,37.37277927649864,-122.02891633101859,0.821,6074,928,895,15.3,14.7,2546,0,1726,117,41.9,0.0,28.4,1.9,180959,2711,465,17.15,7.9,False,81,80,13.34,98.66,False,False,False,adequate
06085509902,37.37000897411901,-122.07188556029601,1.365,5161,1170,1081,22.7,20.9,2458,0,1851,30,47.6,0.0,35.9,0.6,222955,1834,191,10.41,10.9,False,33,33,6.39,24.18,False,False,False,adequate
06085508403,37.35563967474457,-122.04153782415634,0.779,3176,900,676,28.3,21.3,1568,0,1237,0,49.4,0.0,38.9,0.0,250001,1003,16,1.6,2.2,False,9,9,2.83,11.55,True,False,False,low_access_only
06085506804,37.23975108907497,-121.93394412746767,0.941,4377,1085,723,24.8,16.5,2686,0,2133,0,61.4,0.0,48.7,0.0,221071,1536,0,0.0,2.5,False,6,5,1.37,6.38,True,False,False,low_access_only
06085503326,37.324922767835,-121.76415620649375,2.606,6829,1511,1056,22.1,15.5,895,0,841,10,13.1,0.0,12.3,0.1,235673,1887,25,1.32,1.9,False,2,2,0.29,0.77,True,False,False,low_access_only
06085512603,37.00172602984697,-121.56267144685164,1.267,4877,1365,423,28.0,8.7,769,0,582,0,15.8,0.0,11.9,0.0,90139,1203,69,5.74,14.8,True,66,66,13.53,52.09,False,False,False,low_income_only
06085512042,37.26610487927321,-121.81450903997995,0.405,2830,625,414,22.1,14.6,251,0,209,74,8.9,0.0,7.4,2.6,111875,777,65,8.37,9.6,True,8,8,2.83,19.75,True,True,False,food_desert
06085511301,37.443168085860336,-122.1532784853379,0.599,4163,685,854,16.5,20.5,2381,0,2076,55,57.2,0.0,49.9,1.3,238750,1670,124,7.43,3.4,False,9,9,2.16,15.03,True,False,False,low_access_only
06085512312,37.133076501388636,-121.6430655305638,0.849,4066,1230,434,30.3,10.7,1679,0,1165,89,41.3,0.0,28.7,2.2,206208,1261,0,0.0,0.7,False,7,7,1.72,8.24,True,False,False,low_access_only
06085503327,37.30802687125838,-121.78871598847815,0.881,4434,1000,962,22.6,21.7,508,0,386,4,11.5,0.0,8.7,0.1,172381,1376,239,17.37,7.6,False,20,20,4.51,22.7,False,False,False,adequate
06085512039,37.248850757164796,-121.7864281125455,0.85,5717,1459,465,25.5,8.1,835,0,685,135,14.6,0.0,12.0,2.4,134158,1435,52,3.62,11.9,False,15,15,2.62,17.65,True,False,False,low_access_only
06085508900,37.391061320911106,-122.00638636542917,0.56,4428,931,435,21.0,9.8,790,0,609,8,17.8,0.0,13.8,0.2,156726,1601,33,2.06,8.0,False,21,21,4.74,37.5,False,False,False,adequate
06085512019,37.27074590652535,-121.84580334164727,0.659,4380,991,769,22.6,17.6,1784,0,1185,19,40.7,0.0,27.1,0.4,122813,1517,43,2.83,14.3,True,8,8,1.83,12.14,True,True,True,severe_food_desert
06085512021,37.26378673230674,-121.823829217746,0.983,5782,1083,972,18.7,16.8,1742,0,1414,71,30.1,0.0,24.5,1.2,148548,1986,107,5.39,8.5,False,3,3,0.52,3.05,True,False,False,low_access_only
06085512022,37.25519558704027,-121.81092596796263,0.627,6275,1376,1048,21.9,16.7,1023,0,610,136,16.3,0.0,9.7,2.2,94495,1880,117,6.22,17.9,True,6,6,0.96,9.57,True,True,True,severe_food_desert
06085509102,37.391553218826964,-122.03854040900444,1.919,4704,799,447,17.0,9.5,1324,0,896,23,28.1,0.0,19.0,0.5,229505,2229,129,5.79,5.5,False,29,28,6.16,15.11,False,False,False,adequate
06085510002,37.34654250883412,-122.07186552174964,1.172,4131,1113,690,26.9,16.7,1939,10,1577,0,46.9,0.2,38.2,0.0,250001,1340,15,1.12,1.5,False,2,2,0.48,1.71,True,False,False,low_access_only
06085510100,37.34074979899698,-122.07982416358631,1.239,2792,619,860,22.2,30.8,1474,0,1193,0,52.8,0.0,42.7,0.0,250001,1045,0,0.0,9.8,False,1,1,0.36,0.81,True,False,False,low_access_only
06085503312,37.34885386623575,-121.76294717792551,9.222,3550,906,619,25.5,17.4,751,0,234,174,21.2,0.0,6.6,4.9,176607,1099,29,2.64,3.7,False,1,1,0.28,0.11,True,False,False,low_access_only
06085505100,37.362814293302705,-121.92399346713314,4.265,3993,568,521,14.2,13.0,781,0,580,40,19.6,0.0,14.5,1.0,115395,2050,332,16.2,14.5,True,108,108,27.05,25.32,False,False,False,low_income_only
06085507205,37.257612750932786,-121.98121807745403,2.062,4459,989,888,22.2,19.9,2690,0,2048,15,60.3,0.0,45.9,0.3,244521,1748,0,0.0,4.0,False,15,15,3.36,7.27,False,False,False,adequate
06085508800,37.38514610322031,-122.02478052590693,0.426,3619,433,322,12.0,8.9,533,0,414,113,14.7,0.0,11.4,3.1,143333,1400,73,5.21,7.8,False,18,18,4.97,42.25,False,False,False,adequate
06085512023,37.255046817650275,-121.82435604273711,0.579,5346,1197,566,22.4,10.6,1326,0,916,94,24.8,0.0,17.1,1.8,106684,1892,85,4.49,5.6,True,8,8,1.5,13.82,True,True,False,food_desert
06085503710,37.35470016256109,-121.84696524603184,0.368,3046,662,633,21.7,20.8,257,0,244,0,8.4,0.0,8.0,0.0,43125,1062,238,22.41,19.5,True,18,18,5.91,48.91,False,False,False,low_income_only
06085503711,37.349867764631036,-121.84436552997389,0.591,4023,1052,453,26.1,11.3,273,0,273,0,6.8,0.0,6.8,0.0,109167,990,17,1.72,16.5,True,10,10,2.49,16.92,True,True,False,food_desert
06085503332,37.28152102785694,-121.73835376808367,4.796,5897,492,2916,8.3,49.4,2814,0,1928,0,47.7,0.0,32.7,0.0,132969,2819,43,1.53,3.8,True,3,3,0.51,0.63,True,True,True,severe_food_desert
06085503330,37.30899400327728,-121.73979326991892,10.89,6550,1542,1135,23.5,17.3,475,35,386,0,7.3,0.5,5.9,0.0,250001,1963,18,0.92,1.7,False,16,16,2.44,1.47,True,False,False,low_access_only
06085504423,37.43359648012218,-121.8706784535632,0.342,2101,443,355,21.1,16.9,387,0,279,23,18.4,0.0,13.3,1.1,181250,588,8,1.36,3.2,False,0,0,0.0,0.0,True,False,False,low_access_only
06085511707,37.29846864174481,-122.12076572042379,69.267,3047,458,1203,15.0,39.5,1712,8,1215,37,56.2,0.3,39.9,1.2,203068,1169,118,10.09,5.9,False,7,7,2.3,0.1,True,False,False,low_access_only
06085511704,37.361055813596934,-122.14066392678166,9.425,4480,804,1661,17.9,37.1,1795,0,1213,0,40.1,0.0,27.1,0.0,250001,1682,25,1.49,10.8,False,5,5,1.12,0.53,True,False,False,low_access_only
06085511609,37.43854570937564,-122.17441216188928,0.943,3441,604,840,17.6,24.4,1603,11,1105,54,46.6,0.3,32.1,1.6,148365,1664,181,10.88,6.0,False,87,86,25.28,92.26,False,False,False,adequate
06085512510,36.977561211348835,-121.5863572451637,14.037,7673,1734,1711,22.6,22.3,3183,0,2759,39,41.5,0.0,36.0,0.5,117083,2670,226,8.46,3.7,True,23,23,3.0,1.64,False,False,False,low_income_only
06085512509,36.98791031450151,-121.57149328849154,2.939,7855,2522,809,32.1,10.3,1801,185,1252,277,22.9,2.4,15.9,3.5,184500,1954,27,1.38,2.4,False,13,13,1.65,4.42,True,False,False,low_access_only
06085512310,37.11703304744922,-121.6337609019817,2.416,5234,1650,644,31.5,12.3,1771,0,1473,233,33.8,0.0,28.1,4.5,100506,1793,181,10.09,8.3,True,36,36,6.88,14.9,False,False,False,low_income_only
06085503331,37.294890967786735,-121.75880087211459,0.835,3481,499,1477,14.3,42.4,1052,0,755,16,30.2,0.0,21.7,0.5,126324,1384,87,6.29,5.7,True,4,3,1.15,4.79,True,True,True,severe_food_desert
06085510600,37.408771706319314,-122.13026275477411,1.27,6602,1744,1278,26.4,19.4,2623,0,1993,30,39.7,0.0,30.2,0.5,198068,2302,64,2.78,18.8,False,22,22,3.33,17.32,False,False,False,adequate
06085511705,37.4057027774222,-122.16191437598135,7.689,2145,480,540,22.4,25.2,1278,0,1098,26,59.6,0.0,51.2,1.2,250001,642,15,2.34,2.3,False,40,40,18.65,5.2,False,False,False,adequate
06085513000,37.428864432862596,-122.1617975819869,1.692,12324,587,17,4.8,0.1,5542,0,4437,232,45.0,0.0,36.0,1.9,53696,2335,1020,43.68,21.9,True,68,68,5.52,40.19,False,False,False,low_income_only
06085512053,37.24363283567285,-121.8534638629884,0.667,4815,881,729,18.3,15.1,1591,0,1084,284,33.0,0.0,22.5,5.9,117292,1643,52,3.16,6.3,True,7,7,1.45,10.49,True,True,True,severe_food_desert
06085503123,37.297730084117816,-121.87783578409815,0.421,3872,841,511,21.7,13.2,818,0,536,247,21.1,0.0,13.8,6.4,65525,1635,207,12.66,12.7,True,5,5,1.29,11.88,True,True,True,severe_food_desert
