tract,geoid,population,ces_score,ces_percentile,ces_decile,ozone,pm25,diesel_pm,pesticide_use,traffic_density,lead_risk,asthma_rate,low_birth_weight_pct,cardiovascular_rate,low_education_pct,poverty_pct,unemployment_pct,housing_burden_pct,PopCharScore,PopCharP,Hispanic,hispanic_pct,African.American,black_pct,Asian.American,asian_pct
6085509201,06085509201,5524,12.7888255827358,19.9193141704488,2.0,0.03716809,8.232423284,0.630583254,0.0,1646.140233,21.88573569,19.22,3.97,8.52,2.5,14.7,4.1,14.2,2.25363809859683,9.54362077660111,396,7.17,447,8.09,1573,28.48
6085510500,06085510500,4541,4.1223717327786,1.71457387796268,1.0,0.036244,8.095510822,0.186003546,0.0,1016.700101,29.8937247,7.95,3.16,4.43,2.9,7.4,4.2,10.3,1.08434852224654,1.15985879979829,99,2.18,10,0.22,1381,30.41
6085509401,06085509401,3806,10.4812218075586,14.0443772062532,2.0,0.036244,8.181223218,0.453354745,0.0,1293.124956,41.26270523,12.05,3.83,6.26,7.9,11.8,4.8,12.3,2.35646914271709,10.6026222894604,575,15.11,131,3.44,1650,43.35
6085509303,06085509303,3563,14.221995086266,23.5627836611195,3.0,0.036244,8.31767473,0.453915579,0.0,912.1027985,32.2890771,19.77,2.72,8.77,11.0,20.3,2.2,21.3,3.00867732003232,18.5577407967726,545,15.3,152,4.27,1266,35.53
6085503306,06085503306,4373,23.715223560774,45.9783156833081,5.0,0.04125212,8.835373744,0.111488412,0.0,1584.22377,47.27126574,57.49,5.88,12.25,40.0,26.2,7.7,27.4,7.1412606443126,78.618255168936,2604,59.55,50,1.14,1544,35.31
6085503211,06085503211,4592,23.614421673322,45.6883509833585,5.0,0.04125212,8.768682185,0.284704674,0.0,3469.802729,39.04451705,39.81,5.15,10.14,28.2,18.7,8.7,17.7,5.68843646776485,57.3877962682804,1295,28.2,66,1.44,2602,56.66
6085503504,06085503504,6346,22.6470049311569,43.5829551185073,5.0,0.04125212,9.033810417,0.133902213,0.0,1022.327414,84.2104689,71.58,4.07,15.02,36.2,21.4,4.8,16.8,5.84631188330861,60.0857286938981,4740,74.69,46,0.72,1529,24.1
6085503601,06085503601,3383,47.9328320219145,85.3630862329803,9.0,0.03975537,8.930079122,0.549273618,0.0,2340.271121,85.1982003,64.26,6.09,12.94,29.3,46.9,3.3,20.1,7.02518553157351,76.9415027735754,1798,53.15,31,0.92,674,19.92
6085512022,06085512022,5523,21.0351576384612,40.0403429147756,5.0,0.04259906,8.182767947,0.247246621,0.0,1010.408703,47.58629277,43.65,6.38,9.96,14.0,18.0,4.8,16.4,5.13957625960155,49.5713565305093,1846,33.42,164,2.97,1797,32.54
6085512017,06085512017,7565,30.3631020082528,59.3671205244579,6.0,0.04192559,8.322774198,0.223725569,0.326818792,1609.982121,51.47691827,65.99,4.99,13.69,20.4,18.7,7.4,21.7,6.5158611425112,69.9193141704488,3696,48.86,196,2.59,1667,22.04
6085512026,06085512026,4120,17.2772474525095,31.0136157337368,4.0,0.04192559,8.223217546,0.083270795,1.043259917,1982.929553,38.59953345,42.92,5.74,9.88,7.6,17.8,7.4,8.3,4.54959831186182,40.9480584972264,1667,40.46,302,7.33,1032,25.05
6085512020,06085512020,7825,18.6556752705381,34.3797276853253,4.0,0.04125212,8.33417411,0.172824208,1.781989229,1147.600991,34.14328672,33.57,5.4,8.86,9.7,21.8,,23.7,4.47825655200466,39.8638426626324,2676,34.2,107,1.37,2421,30.94
6085512023,06085512023,5553,16.4131030663778,28.8325769036813,3.0,0.04192559,8.19534888,0.075118338,0.097912803,802.8667025,45.21777691,36.21,6.33,8.52,18.7,22.8,2.8,20.7,4.84186866994471,45.29752899647,2442,43.98,384,6.92,1083,19.5
6085512024,06085512024,5187,12.0623061056845,18.1417044881493,2.0,0.04125212,8.25168349,0.357114015,0.0,2022.168276,29.73019506,30.06,3.96,8.26,10.7,24.4,4.2,11.6,3.20466205346912,21.2682803832577,1336,25.76,312,6.02,1085,20.92
6085509106,06085509106,4473,11.2856613694738,16.1497730711044,2.0,0.03809217,8.054414204,0.15819496,0.0,894.3998028,50.18210745,15.01,3.96,6.56,8.5,10.2,5.0,14.0,2.5068602472016,12.3045890065557,1247,27.88,36,0.8,1678,37.51
6085509109,06085509109,4978,7.8658336876902,8.24508320726173,1.0,0.03716809,8.139694665,0.390000341,0.0,1284.610625,23.37884562,18.18,3.96,8.04,1.7,7.6,3.0,7.1,1.50496378789028,3.40393343419062,429,8.62,19,0.38,1822,36.6
6085509102,06085509102,5051,13.6741010444105,22.125567322239,3.0,0.03809217,8.174442805,0.412894253,0.0,1994.136344,11.75848974,12.85,6.95,5.3,1.4,9.8,3.8,10.7,2.60396648706371,13.4140191628845,406,8.04,126,2.49,2967,58.74
6085510002,06085510002,3616,4.20307753044178,1.85325264750378,1.0,0.03809217,7.978463731,0.10609816,0.0,526.9776593,50.67220899,7.52,3.82,5.66,2.8,2.9,2.7,7.7,1.14821853429393,1.42460917801311,304,8.41,16,0.44,1253,34.65
6085509500,06085509500,5729,16.4532889386459,28.9460413514876,3.0,0.036244,8.196407601,0.352203864,0.0,1113.940009,46.60590677,14.86,4.31,6.42,12.7,24.2,3.2,17.8,3.10865319820214,19.8940998487141,1847,32.24,212,3.7,1447,25.25
6085509600,06085509600,3686,12.7458682351084,19.7680282400403,2.0,0.03716809,8.15302657,0.403800219,0.0,1273.726749,27.92109803,18.91,5.0,7.85,4.9,22.1,2.3,12.6,2.46428117376017,11.8507312153303,589,15.98,47,1.28,1060,28.76
6085509801,06085509801,5606,9.98333448256924,12.8719112455875,2.0,0.03716809,8.038929382,0.144475851,0.0,1028.586112,47.12964679,14.14,4.04,7.74,5.2,7.9,2.5,15.5,2.10735427368944,8.20726172465961,626,11.17,55,0.98,1463,26.1
6085509802,06085509802,3167,6.78501619154741,6.34140191628845,1.0,0.03716809,8.042797054,0.147297783,0.0,1287.594262,57.2156271,18.96,2.66,10.21,4.8,7.7,1.1,8.1,1.46955204811891,3.13918305597579,191,6.03,14,0.44,1224,38.64
6085509901,06085509901,1938,4.65702181350402,2.48361069087242,1.0,0.03809217,7.969410414,0.191555893,0.0,496.7983973,52.0146681,12.69,3.23,7.21,1.6,4.7,5.7,8.3,1.29870767416144,2.1684316691881,98,5.06,0,0.0,559,28.84
6085510200,06085510200,4624,7.35089947062614,7.40040342914776,1.0,0.03716809,8.003910477,0.095822657,0.0,343.0293396,47.33285575,7.0,6.47,4.84,1.4,6.2,3.6,5.9,1.92403365497311,6.35400907715582,201,4.35,55,1.19,1240,26.82
6085503315,06085503315,8637,22.7364439312402,43.8603126575895,5.0,0.04125212,8.60691594,0.160895144,0.0,1364.522404,39.39322396,32.48,7.03,8.59,23.8,27.1,10.5,16.0,5.84010067511243,60.0100857286939,3605,41.74,101,1.17,4298,49.76
6085503322,06085503322,4495,9.20767127849517,11.0690872415532,2.0,0.04125212,8.410308596,0.047845684,0.002507302,425.6793723,25.9720111,41.77,5.78,11.01,17.4,17.1,6.5,11.8,4.88506027271605,45.8774583963691,1715,38.15,196,4.36,2100,46.72
6085503321,06085503321,4690,16.1838836413161,28.3787191124559,3.0,0.04125212,8.69086754,0.082715144,0.0,1397.812063,12.58612185,41.77,5.87,11.01,14.8,11.6,6.8,21.9,5.54777248705664,55.244578920827,542,11.56,44,0.94,3802,81.07
6085503511,06085503511,3620,15.8587197688339,27.471003530005,3.0,0.04125212,8.685259578,0.251441418,0.0,1417.901914,39.77305369,30.93,6.97,8.03,25.1,18.4,6.6,14.8,5.23450740024398,51.0968229954614,1635,45.17,72,1.99,1564,43.2
6085511907,06085511907,4223,4.48148638667486,2.26928895612708,1.0,0.04192559,7.8929415,0.111629826,0.0,617.4037139,32.72183217,18.02,3.07,8.39,5.8,5.1,1.3,9.6,1.59634020058703,4.00907715582451,392,9.28,150,3.55,1888,44.71
6085512025,06085512025,3124,16.5374995277829,29.2107917297025,3.0,0.04125212,8.26511597,0.136048853,0.0,1939.778686,42.26246355,41.51,8.78,11.86,9.0,8.3,2.7,24.3,5.11300383102172,49.1048915784165,837,26.79,231,7.39,758,24.26
6085512027,06085512027,4830,15.0227509134452,25.6051437216339,3.0,0.04192559,8.158805573,0.246972456,0.0,2049.218142,33.15964129,34.1,5.12,8.02,11.0,18.5,3.3,17.8,3.60897938152621,27.1180030257186,1252,25.92,188,3.89,1507,31.2
6085512030,06085512030,3350,5.44912779547466,3.74432677760968,1.0,0.04259906,8.037899411,0.032997073,0.0,540.6859701,31.24016963,50.4,4.09,11.39,9.9,5.3,2.7,9.5,3.08883880612589,19.6797781139687,861,25.7,63,1.88,672,20.06
6085512031,06085512031,4661,11.1400350248073,15.7715582450832,2.0,0.04259906,8.002269096,0.034314913,0.0,671.6801271,41.49989718,41.14,7.61,9.93,6.7,6.7,3.3,11.3,3.99593747786331,33.119011598588,1204,25.83,68,1.46,803,17.22
6085512034,06085512034,3082,9.96103703627615,12.821482602118,2.0,0.04259906,7.949568758,0.14432394,0.084305211,578.5730718,18.57540486,27.05,5.11,7.22,7.4,6.4,3.2,9.8,2.65560046476821,14.0569843671205,667,21.64,11,0.36,802,26.02
6085509105,06085509105,7166,15.7524297530933,27.231467473525,3.0,0.03809217,8.147464677,0.42157365,0.0,1839.369511,33.59080069,12.34,6.07,5.96,3.3,8.8,7.9,11.3,2.92122408641186,17.4104891578417,1216,16.97,50,0.7,2945,41.1
6085501900,06085501900,5401,20.3882444906131,38.4392334846193,4.0,0.03975537,8.73229098,0.488292946,0.0,1577.4673,25.8920863,44.52,4.24,11.23,6.4,14.0,3.1,14.2,3.80610758110925,29.9420070600101,1307,24.2,434,8.04,1192,22.07
6085511702,06085511702,2635,7.0560481823254,6.8709026727181,1.0,0.03809217,7.852113087,0.132945432,0.0,879.3816311,37.50363732,8.53,6.06,6.47,0.5,2.7,3.6,5.8,1.98739458784078,6.95915279878971,121,4.59,5,0.19,615,23.34
6085509108,06085509108,4428,13.6478404507034,22.0625315179022,3.0,0.03716809,8.227616683,0.351380164,0.0,2153.517104,52.6500259,19.77,4.86,8.77,4.7,12.9,3.2,10.9,2.30953874695755,10.0857286938981,733,16.55,63,1.42,1582,35.73
6085509107,06085509107,4957,16.8340993272065,30.0176500252143,4.0,0.03809217,8.15410049,0.312940896,0.0,1024.09549,46.59538873,13.33,5.8,5.89,6.9,20.2,4.3,17.7,3.43717607444492,24.5335350479072,1243,25.08,110,2.22,2128,42.93
6085508003,06085508003,2480,11.7177746470426,17.1205244578921,2.0,0.03892377,8.16831862,0.151988448,0.0,803.9582808,40.52533035,10.91,4.35,7.09,5.7,13.9,5.7,14.5,2.72392197991435,15.0403429147756,120,4.84,106,4.27,1367,55.12
6085509304,06085509304,3607,23.3201012268929,45.196671709531,5.0,0.036244,8.337555646,0.519252422,0.0,2386.472485,26.95781168,19.76,9.04,8.76,14.7,18.0,0.9,14.2,3.92580652062227,31.8835098335855,1214,33.66,13,0.36,940,26.06
6085509404,06085509404,7129,22.7038097841537,43.7594553706505,5.0,0.036244,8.183735022,0.412986847,0.0,1205.72618,38.4382778,18.92,5.49,10.19,13.6,28.2,2.8,17.4,4.37007014902948,38.363590519415,2027,28.43,36,0.5,2512,35.24
6085509700,06085509700,3135,5.79080448019217,4.27382753403933,1.0,0.03716809,8.088003994,0.624959832,0.0,1937.663649,43.97672866,14.77,3.47,6.39,1.7,14.1,2.3,11.9,1.16647376281877,1.51285930408472,417,13.3,32,1.02,621,19.81
6085503110,06085503110,4917,41.3466196793588,77.1684316691881,8.0,0.04050375,9.057390764,0.756341519,0.0,4780.572058,56.59263537,71.35,5.05,14.97,50.5,55.2,7.2,26.6,7.93572908500632,88.6535552193646,3267,66.44,61,1.24,1401,28.49
6085503113,06085503113,5052,35.1105011207027,67.7508825012607,7.0,0.03975537,8.776691353,0.336510743,0.0,1453.702342,79.4163551,47.72,4.9,8.51,41.6,50.6,6.0,31.7,6.08792815083398,63.464447806354,3892,77.04,71,1.41,485,9.6
6085503602,06085503602,5602,40.411259269276,75.7060010085729,8.0,0.04050375,9.273947034,0.696742554,0.0,2809.592955,67.56677224,86.48,4.72,16.0,40.5,41.5,7.6,26.6,7.83204845909668,87.279374684821,3755,67.03,151,2.7,1340,23.92
6085503506,06085503506,6816,22.8825790391,44.1754916792738,5.0,0.04125212,8.880436544,0.151428552,0.0,1305.376999,60.79088642,65.89,3.58,13.9,32.7,34.2,8.8,28.6,6.66329423022218,71.7725668179526,4301,63.1,101,1.48,2062,30.25
6085503105,06085503105,2460,42.709264218633,78.9712556732224,8.0,0.04050375,9.072356839,0.379293205,0.0,2395.507618,30.26987171,54.38,5.13,11.19,36.1,40.1,8.1,25.4,7.00488940403531,76.6137165910237,763,31.02,0,0.0,1549,62.97
6085503712,06085503712,4484,40.4506447594146,75.7690368129097,8.0,0.03975537,8.856507559,0.459167669,0.0,3020.454171,54.8879309,86.6,7.47,16.02,32.7,37.2,5.9,34.4,8.50936639596346,94.5158850226929,2132,47.55,20,0.45,1833,40.88
6085504307,06085504307,5532,16.7665231704447,29.8537569339385,3.0,0.03975537,8.49868585,0.164005505,0.0,1366.863246,23.55894881,28.28,6.26,9.39,8.9,15.8,7.9,19.6,5.13148987046391,49.3822491174987,997,18.02,51,0.92,3712,67.1
6085502910,06085502910,3733,15.517314780094,26.7776096822995,3.0,0.04125212,8.159472133,0.217681365,0.0,2130.711365,26.4440676,38.77,4.4,11.12,8.8,16.8,4.1,14.5,4.10099877452517,34.8335854765507,949,25.42,78,2.09,590,15.8
6085512029,06085512029,6698,20.2370309312893,38.0610186585981,4.0,0.04259906,8.114208033,0.309795254,0.0,1481.627857,31.20808675,51.89,5.53,11.68,6.2,7.2,7.9,7.7,4.45902029210465,39.6369137670197,2120,31.65,152,2.27,1114,16.63
6085512602,06085512602,2404,42.2117472659338,78.3282904689864,8.0,0.04255413,6.173595689,0.092908087,4503.963461,837.5408527,53.392336,56.99,3.79,16.53,23.0,26.1,7.0,16.2,5.88861345732026,60.6530509329299,991,41.22,9,0.37,290,12.06
6085503304,06085503304,7213,26.4900934408147,51.928895612708,6.0,0.04125212,8.675988777,0.410088376,0.0,3037.000936,48.9242947,35.96,5.32,8.87,29.0,30.0,3.4,26.8,5.46044451327628,54.261220373172,2606,36.13,197,2.73,3712,51.46
6085512035,06085512035,4924,10.332598218895,13.7544125063036,2.0,0.04259906,7.67058354,0.108819644,8.061154583,422.845856,29.49045138,39.4,3.88,7.73,12.5,11.9,,11.6,3.14962987907862,20.4866364094806,1489,30.24,84,1.71,1049,21.3
6085512100,06085512100,1527,19.0004408997894,35.1865859808371,4.0,0.04320513,7.169968897,0.045413795,959.8151144,1249.530886,37.49216321,29.98,3.6,11.23,21.2,21.4,,12.3,3.93731287432341,32.1230458900656,777,50.88,0,0.0,226,14.8
6085512200,06085512200,3859,8.37100015880823,9.36712052445789,1.0,0.04185444,6.303895888,0.002268263,38.02142627,284.3818294,17.7521231,34.77,4.81,10.42,2.4,9.7,2.6,13.2,2.66359457635538,14.1956631366616,645,16.71,51,1.32,427,11.07
6085512305,06085512305,5039,11.9981991768411,17.9273827534039,2.0,0.0438112,6.800127657,0.036721275,18.41188589,325.309539,19.72794777,37.05,4.05,13.75,9.2,10.0,4.9,12.3,3.86640323642229,30.9379727685325,1310,26.0,50,0.99,1063,21.1
6085512308,06085512308,8784,11.5633236315255,16.7549167927383,2.0,0.0438112,7.032722306,0.105730005,598.3824557,1792.208932,23.48690353,32.89,3.18,12.55,2.9,9.0,3.2,8.2,2.22669226699123,9.37972768532526,1999,22.76,191,2.17,1306,14.87
6085509902,06085509902,5125,14.5339591290851,24.4452849218356,3.0,0.03809217,8.064919218,0.353669039,0.0,1802.564028,27.97345988,14.08,6.15,7.66,7.1,13.9,3.2,11.7,3.19481551264284,21.1169944528492,623,12.16,26,0.51,1665,32.49
6085510001,06085510001,6564,6.89952175510872,6.58093797276853,1.0,0.03809217,7.932141476,0.06022757,0.0,723.088813,43.74677662,8.3,5.58,5.86,2.0,4.6,2.3,6.2,1.68612667726659,4.50075642965204,265,4.04,10,0.15,2291,34.9
6085508704,06085508704,7587,19.2747482049444,35.7791225416036,4.0,0.03809217,8.248912225,0.460344495,0.0,1706.04248,38.7291482,22.01,4.47,8.9,9.3,13.6,4.9,14.2,3.35730929494232,23.4745335350479,1491,19.65,303,3.99,3590,47.32
6085511909,06085511909,7737,7.14875123433664,7.06001008572869,1.0,0.04192559,7.345519702,0.017569307,0.031463773,531.9093103,9.993908432,16.88,5.02,7.83,2.2,4.4,4.0,6.9,2.09100505569105,8.03076147251639,346,4.47,0,0.0,3632,46.94
6085511701,06085511701,4392,4.68067452628962,2.50882501260716,1.0,0.03716809,7.912685677,0.105725458,0.763189261,1619.849817,32.97749111,8.58,3.36,5.1,2.6,8.9,2.2,8.9,0.931967646695731,0.794251134644478,258,5.87,52,1.18,1362,31.01
6085500100,06085500100,8306,37.3708776053635,71.1926374180535,8.0,0.03975537,9.023901659,0.495794351,0.000560473,1686.076558,63.11825815,57.89,5.06,11.52,20.9,23.1,3.0,12.6,5.17504144650865,50.1638930912758,4595,55.32,231,2.78,1996,24.03
6085511800,06085511800,4335,6.06590262741198,4.82854261220373,1.0,0.04120218,6.826727369,0.008489512,0.187653144,1656.504704,47.91329329,29.78,2.3,6.7,0.9,8.9,4.6,7.8,1.3092001983801,2.20625315179022,192,4.43,3,0.07,172,3.97
6085507002,06085507002,3050,4.80408979271229,2.74836106908724,1.0,0.04125212,7.282084523,0.028588877,0.12314055,147.6689744,34.66093117,10.97,3.9,4.37,1.3,11.9,7.1,11.6,1.55586865430492,3.75693393847705,99,3.25,8,0.26,322,10.56
6085507001,06085507001,7095,5.88969308168006,4.48814926878467,1.0,0.04050375,7.376700849,0.087984138,0.010576678,1627.153731,36.71052632,15.14,4.08,5.91,1.5,6.6,4.3,10.5,1.3805129245897,2.66011094301563,470,6.62,63,0.89,591,8.33
6085511911,06085511911,4934,10.5928529771743,14.3847705496722,2.0,0.04192559,7.47079225,0.018435008,0.544001799,454.1674039,25.09071657,20.56,6.67,6.64,5.9,13.0,1.8,14.0,3.21436707114254,21.4069591527988,327,6.63,430,8.72,1266,25.66
6085506900,06085506900,7939,4.19275937922629,1.84064548663641,1.0,0.04125212,7.604221667,0.0353301,0.472549942,408.085798,28.42864372,19.56,3.54,7.19,1.4,3.4,1.5,8.0,0.985104617567141,0.932929904185577,623,7.85,105,1.32,1521,19.16
6085508004,06085508004,6221,16.2100552240472,28.4291477559254,3.0,0.03975537,8.247851306,0.245955109,0.0,1852.046016,47.05080892,10.12,5.93,6.44,3.7,13.7,6.3,11.3,3.29775872252005,22.3903177004539,402,6.46,392,6.3,3978,63.94
6085508507,06085508507,2926,11.0115208735238,15.5068078668684,2.0,0.03809217,8.235539254,0.248226585,0.0,2358.297542,39.25634928,14.83,5.85,5.74,3.0,11.8,0.9,14.0,2.71304329480554,14.8638426626324,286,9.77,100,3.42,1700,58.1
6085508508,06085508508,5576,14.2812247184678,23.7644982349975,3.0,0.03809217,8.180802457,0.128376273,0.0,2001.076485,40.6812956,11.53,5.64,4.86,5.2,10.7,6.3,17.0,3.31471125043016,22.6802824004034,777,13.93,32,0.57,2681,48.08
6085505009,06085505009,11332,23.034061157964,44.6041351487645,5.0,0.03809217,8.391030424,0.388324552,0.0,2102.545161,26.72766202,17.05,6.59,7.9,9.7,16.6,2.9,14.2,3.64160315790445,27.5844679778114,2462,21.73,929,8.2,5179,45.7
6085509403,06085509403,5779,20.0076228936794,37.5315179021684,4.0,0.036244,8.170045261,0.419729125,0.0,1157.40654,57.30624753,12.23,6.06,6.13,9.2,38.0,1.5,16.0,3.85297706265949,30.6732223903177,1980,34.26,138,2.39,1815,31.41
6085510700,06085510700,5240,10.4045804406334,13.8174483106404,2.0,0.03521715,8.282703683,0.271509452,0.0,1248.124251,39.9149397,14.28,4.75,6.57,3.2,14.4,2.3,14.3,2.01099463570722,7.18608169440242,140,2.67,212,4.05,2382,45.46
6085510801,06085510801,5954,15.4970669794771,26.6389309127584,3.0,0.036244,8.364358978,0.355184065,0.0,1752.468687,42.43738583,52.06,3.91,9.4,2.3,10.5,2.5,6.9,2.86923936257248,16.8053454362078,111,1.86,80,1.34,2505,42.07
6085510802,06085510802,2038,5.72675751211241,4.12254160363086,1.0,0.036244,8.159247263,0.201644519,0.0,942.3665318,54.6575075,16.37,3.85,6.3,2.4,8.8,2.2,3.3,1.35291017822789,2.48361069087242,178,8.73,37,1.82,620,30.42
6085510803,06085510803,2700,6.43339303885277,5.58497226424609,1.0,0.036244,8.268726954,0.135414084,0.0,539.4349019,42.89368063,16.08,4.72,6.47,5.9,15.9,1.0,10.9,2.24745115943768,9.49319213313162,304,11.26,62,2.3,1161,43.0
6085503707,06085503707,6087,30.7915458063822,60.249621785174,7.0,0.03975537,8.997822303,0.297085311,0.0,1062.125414,61.57363294,86.6,5.91,16.02,31.0,22.9,1.9,15.2,6.69526338578618,72.2894604135149,3301,54.23,292,4.8,2200,36.14
6085503708,06085503708,2955,24.2458329769498,47.2768532526475,5.0,0.03975537,8.778459598,0.43899204,0.0,2626.587639,26.81460374,36.42,6.85,9.37,26.6,34.8,5.7,9.9,5.6719950273233,57.1482602118003,565,19.12,45,1.52,2098,71.0
6085503709,06085503709,6457,36.4739586978171,69.8436712052446,7.0,0.03975537,8.884056059,0.378375152,0.0,1112.406625,46.81682565,35.52,6.2,8.88,40.6,65.0,12.5,20.7,6.90613471387591,75.201714573878,2342,36.27,29,0.45,3842,59.5
6085503802,06085503802,8810,14.102695611039,23.3232476046394,3.0,0.03975537,8.403735691,0.047256428,0.0,493.1398293,58.80500972,49.95,6.5,13.03,18.5,21.4,4.2,9.1,5.50930209178416,54.904185577408,3953,44.87,192,2.18,3132,35.55
6085503803,06085503803,4704,17.8007959680729,32.2365103378719,4.0,0.03975537,8.615563132,0.144241209,0.0,1263.944371,33.02462532,32.76,6.75,9.58,17.5,23.4,5.2,20.3,5.6401789960045,56.6565809379728,975,20.73,105,2.23,3013,64.05
6085504002,06085504002,6772,24.364941243848,47.5542107917297,5.0,0.04050375,8.787448701,0.534124415,0.0,2027.8443,57.9154658,52.18,4.14,10.3,29.5,25.6,9.3,18.3,5.78878840995679,59.1275844679778,4261,62.92,94,1.39,2013,29.73
6085504901,06085504901,9956,14.7577099120661,24.9117498739284,3.0,0.03809217,8.411564486,0.850410611,0.0,2522.287189,13.85628198,21.77,4.61,8.76,3.0,12.2,2.3,12.2,2.48571235289048,12.0146243066062,527,5.29,110,1.1,6618,66.47
6085505202,06085505202,6936,30.4172561704972,59.5310136157337,6.0,0.03892377,8.490723434,0.329578867,0.000134348,1726.271274,53.61938112,31.91,5.08,12.2,15.2,20.4,1.8,29.2,4.34245871800389,37.922339889057,2400,34.6,181,2.61,2038,29.38
6085505007,06085505007,4239,20.4934041230881,38.7922339889057,4.0,0.03809217,8.541206682,0.409753588,0.0,2344.5212,45.5388688,22.69,4.13,8.98,14.3,15.0,5.1,11.2,3.01102422877653,18.6207766011094,832,19.63,230,5.43,2010,47.42
6085506601,06085506601,4568,14.4737376592487,24.2435703479576,3.0,0.03975537,8.17408632,0.07451803,0.0,813.241779,62.56677625,19.1,5.45,5.74,10.9,15.0,5.7,18.8,3.67819940645044,28.0005042864347,988,21.63,124,2.71,1499,32.82
6085505203,06085505203,5964,23.8932670410347,46.4952092788704,5.0,0.03975537,8.660806275,0.475501894,0.018285719,1425.010586,29.01465208,30.97,4.96,9.91,7.1,26.8,3.2,25.9,4.24736118228052,36.6490166414523,1269,21.28,182,3.05,1328,22.27
6085505302,06085505302,4168,25.5850506030979,50.0630358043369,6.0,0.03809217,8.359074555,0.325820598,0.0,1381.652585,53.23029788,26.51,6.55,9.88,10.0,19.5,2.6,15.8,4.28274104938141,37.1028744326778,842,20.2,214,5.13,1589,38.12
6085505008,06085505008,7769,13.2765213745158,21.2178517397882,3.0,0.03809217,8.381512306,0.287032149,0.0,1031.676374,11.33509235,22.8,5.0,11.01,1.1,9.6,3.7,9.5,3.09250249598732,19.7428139183056,546,7.03,378,4.87,4717,60.72
6085505006,06085505006,11441,20.7357385107253,39.3595562279375,4.0,0.03892377,8.562807426,0.385816106,0.0,2230.972441,6.502575764,21.85,6.59,9.96,1.1,6.5,3.2,10.5,3.23516993298869,21.6969238527484,487,4.26,249,2.18,7732,67.58
6085504423,06085504423,2551,8.47081517109176,9.60665658093797,1.0,0.03975537,8.366196853,0.038991361,2.7814752,238.5363686,33.42104863,29.3,6.15,11.57,17.1,13.9,2.1,12.8,4.28821818615774,37.1533030761473,578,22.66,154,6.04,1157,45.36
6085512032,06085512032,2997,22.0619569114312,42.2465960665658,5.0,0.04259906,7.999113111,0.132102169,0.0,788.3769432,44.65140392,42.14,5.1,15.49,8.3,9.8,9.6,14.3,4.78571455578749,44.5284921835603,941,31.4,48,1.6,576,19.22
6085512038,06085512038,3254,21.1137649321115,40.1916288451841,5.0,0.04259906,7.835444942,0.343182057,0.068386492,1716.80666,33.2069798,33.39,4.04,11.39,15.2,24.8,8.8,21.4,4.63107670418462,42.1205244578921,862,26.49,27,0.83,1006,30.92
6085510900,06085510900,5494,3.32990750121425,0.882501260716087,1.0,0.03521715,8.251652428,0.11639595,0.0,727.2715738,48.9701417,13.72,2.92,5.17,0.0,7.6,2.1,12.1,0.76799062259472,0.37821482602118,416,7.57,78,1.42,1943,35.37
6085511100,06085511100,5543,8.61796263105051,9.82097831568331,1.0,0.03419029,8.274653362,0.159195688,0.0,1442.858316,56.05564532,45.38,3.31,8.47,1.2,6.6,4.5,9.0,2.16435635320416,8.79979828542612,273,4.93,61,1.1,1893,34.15
6085511200,06085511200,4698,5.6887964052965,4.08472012102874,1.0,0.03419029,8.178848498,0.093783048,0.0,469.0632597,49.25490584,11.04,4.71,5.92,0.6,7.3,4.0,5.9,1.71227663648335,4.7528996469995,72,1.53,59,1.26,1196,25.46
6085511400,06085511400,3505,7.28381784912909,7.24911749873928,1.0,0.03419029,8.153724224,0.161130146,0.0,625.6120415,61.614052,9.56,4.42,6.29,1.5,9.0,3.9,11.8,1.63450502131959,4.18557740796773,190,5.42,0,0.0,984,28.07
6085511000,06085511000,6833,8.66665125504037,9.84619263741805,1.0,0.03521715,8.376367751,0.231227935,0.0,1877.863932,48.45459365,40.39,3.61,7.62,2.8,5.4,2.9,9.6,2.10918055174301,8.21986888552698,335,4.9,61,0.89,2854,41.76
6085504101,06085504101,5095,16.6146240838824,29.3746848209783,3.0,0.04050375,8.506959732,0.068214999,0.0,419.944277,77.68277376,58.38,4.34,15.09,39.4,31.3,7.2,14.6,6.09599534029967,63.6157337367625,3768,73.95,45,0.88,725,14.23
6085504001,06085504001,6078,22.2681996548495,42.6752395360565,5.0,0.04050375,8.787448701,0.13677551,0.0,1223.315862,71.65958387,58.38,3.82,15.09,29.8,38.4,4.7,24.9,6.16362379820407,64.7125567322239,4363,71.78,69,1.14,1158,19.05
6085504102,06085504102,5883,18.459581174982,33.8250126071609,4.0,0.04050375,8.600512028,0.048524435,0.0,346.4057462,79.47760861,58.38,7.12,15.09,22.8,28.7,5.7,14.0,6.92441708170086,75.5547150781644,4489,76.3,34,0.58,941,16.0
6085504201,06085504201,5079,7.53824120888142,7.75340393343419,1.0,0.04050375,8.292533917,0.044240907,0.0,264.6422922,50.5593307,42.77,4.57,11.38,6.7,8.8,2.1,10.3,3.21848820300259,21.4573877962683,1724,33.94,100,1.97,814,16.03
6085504202,06085504202,4359,6.99609795835256,6.77004538577912,1.0,0.04050375,8.047037897,0.011797114,0.18650323,111.1647383,35.19360959,40.69,5.02,9.39,11.6,9.1,4.2,6.3,3.79255220269164,29.7781139687342,1087,24.94,58,1.33,1389,31.87
6085504308,06085504308,4537,7.30441020025287,7.34997478567827,1.0,0.04050375,7.96773025,0.006163953,0.0,315.6432069,26.73830558,30.77,5.04,10.71,13.1,18.4,6.9,14.8,4.6981753745742,43.2425617750882,876,19.31,78,1.72,2327,51.29
6085504422,06085504422,3849,22.6920687490492,43.709026727181,5.0,0.03975537,8.36734427,0.394423589,0.0,1363.793324,48.32478929,23.36,6.82,9.42,16.2,18.6,3.8,10.1,4.45503224258116,39.5486636409481,1036,26.92,125,3.25,2262,58.77
6085506503,06085506503,6241,13.340699533763,21.3439233484619,3.0,0.03975537,8.232930501,0.103408234,0.0,967.6378318,45.08751455,30.78,3.01,10.25,6.7,22.9,0.0,16.3,3.16408741138803,20.6379223398891,1514,24.26,244,3.91,1269,20.33
6085505304,06085505304,3266,18.1726065903547,33.1064044377206,4.0,0.03809217,8.316306738,0.182652596,0.0,819.1738326,57.39971211,26.51,8.37,9.88,9.6,6.8,3.7,9.5,4.02817372587594,33.6232980332829,638,19.53,87,2.66,1321,40.45
6085505303,06085505303,6345,29.2767556374973,57.4256177508825,6.0,0.03892377,8.370743131,0.363652483,0.0,1497.89312,52.89814182,30.47,4.59,11.65,11.1,30.7,2.3,26.3,4.65459123037283,42.5365607665154,1663,26.21,130,2.05,2547,40.14
6085505305,06085505305,5859,19.5695871817867,36.3968734241049,4.0,0.03809217,8.258559985,0.296367838,0.0,1767.581773,50.05108799,26.51,6.57,9.88,9.5,10.1,3.1,14.6,3.9170449054407,31.7070095814423,851,14.52,93,1.59,2724,46.5
6085505402,06085505402,3125,12.3762893206014,18.9485627836611,2.0,0.03892377,8.304923931,0.288325759,0.0,1242.503255,51.56537554,26.51,3.1,9.88,12.0,10.9,3.7,11.7,2.59398800007369,13.3257690368129,740,23.68,72,2.3,1071,34.27
6085505401,06085505401,7423,16.8251206289008,29.9924357034796,3.0,0.03809217,8.256708535,0.351193404,0.0,1432.33132,37.34623263,26.51,5.92,9.88,2.3,14.4,2.3,13.4,3.60787223444245,27.0549672213817,1393,18.77,53,0.71,4149,55.89
6085504420,06085504420,4694,12.4818592825541,19.1880988401412,2.0,0.03975537,7.996944016,0.062055551,0.236031568,1922.275223,17.8287404,26.93,9.13,10.7,6.5,10.0,4.1,8.7,4.20475417159775,36.0690872415532,487,10.37,0,0.0,3402,72.48
6085504417,06085504417,269,,,,0.03975537,8.064637459,0.006144252,0.382755484,245.2901965,,22.39,,8.4,6.9,7.1,,,,,10,3.72,9,3.35,145,53.9
6085504322,06085504322,5936,23.731859124292,46.0161371659102,5.0,0.03975537,8.635974586,0.45026964,0.0,1114.213711,24.45920705,26.89,6.41,10.15,9.8,18.2,2.9,6.8,4.16304178228692,35.5774079677257,441,7.43,612,10.31,4113,69.29
6085511915,06085511915,3664,11.1941934341393,15.8976298537569,2.0,0.04125212,8.053738177,0.075365082,0.0,822.0830817,42.98125928,26.65,3.65,8.04,15.4,24.3,2.7,24.2,3.6691899986989,27.8618255168936,1531,41.78,273,7.45,551,15.04
6085504323,06085504323,6005,21.6583014410958,41.4145234493192,5.0,0.03975537,8.597700047,0.40625502,0.0,1884.682919,31.35033062,18.96,6.23,6.99,11.1,21.3,4.0,17.9,4.3129834320691,37.4054462934947,747,12.44,74,1.23,4601,76.62
6085503902,06085503902,5973,20.7948209571924,39.5360564800807,4.0,0.03975537,8.517771911,0.076000093,0.0,718.5013996,79.59194369,58.38,4.79,15.09,24.9,25.1,4.2,23.7,6.37360967917906,67.9021684316692,4040,67.64,63,1.05,1234,20.66
6085503330,06085503330,7849,6.49247872391967,5.74886535552194,1.0,0.04192559,7.713064167,0.023422618,0.002115816,384.0571579,12.41942492,26.37,6.3,11.18,6.5,4.0,3.3,5.0,3.47923684323165,25.100857286939,685,8.73,0,0.0,6266,79.83
6085500400,06085500400,2657,29.4391472514479,57.6903681290973,6.0,0.03975537,8.680251509,0.487871058,0.00078482,1777.079752,74.98915749,39.77,7.22,9.75,13.9,16.8,4.4,19.2,5.17402082400017,50.1512859304085,1024,38.54,135,5.08,289,10.88
6085500600,06085500600,5884,27.4977483295687,53.9460413514877,6.0,0.03975537,8.846946085,0.338629605,0.0,627.1892495,40.15101134,48.09,6.93,12.16,5.9,23.1,5.7,9.7,5.29471891573809,51.9919314170449,1056,17.95,342,5.81,1184,20.12
6085500800,06085500800,4180,28.8657385116941,56.7070095814423,6.0,0.03975537,8.924794679,0.848542664,0.003772488,1424.329111,16.29666286,123.06,4.62,11.26,8.4,22.5,3.2,15.3,5.10458173995328,49.0418557740797,1189,28.44,284,6.79,809,19.35
6085504314,06085504314,4897,10.2851024322057,13.6913767019667,2.0,0.03975537,8.502152397,0.05504759,0.0,397.5920874,38.84497078,31.83,7.42,11.24,11.4,17.5,7.8,13.5,5.31336699640989,52.3323247604639,875,17.87,67,1.37,3275,66.88
6085504315,06085504315,6781,7.95378682170523,8.3963691376702,1.0,0.03975537,8.415186275,0.044562101,0.0,408.2827216,41.08623001,31.83,5.51,11.24,13.0,10.9,5.0,10.9,4.46136560938486,39.6747352496218,1091,16.09,34,0.5,4707,69.41
6085504316,06085504316,4760,17.4437136089179,31.3666162380232,4.0,0.03975537,8.662708796,0.504544785,0.0,2074.194598,35.81385198,21.1,4.37,7.61,12.6,14.1,6.5,18.5,3.79802243423703,29.803328290469,589,12.37,153,3.21,3430,72.06
6085504317,06085504317,4786,12.1005494092172,18.2299546142209,2.0,0.03975537,8.742932879,0.141112205,0.0,889.0321232,20.79858567,26.84,4.82,9.99,13.2,6.1,3.5,7.6,3.25763597091665,21.9868885526979,548,11.45,9,0.19,3585,74.91
6085505403,06085505403,8742,17.8455513216444,32.375189107413,4.0,0.03892377,8.256708535,0.13273374,0.0,1234.328521,48.1593502,26.51,5.96,9.88,9.6,12.4,5.3,14.7,4.12492641671295,35.047907211296,1797,20.56,50,0.57,4187,47.9
6085505600,06085505600,4557,23.0091474220326,44.5410993444276,5.0,0.03975537,8.534135413,0.540654761,0.0,578.8747753,50.23157841,32.0,3.86,12.24,4.8,34.1,3.5,32.7,4.38479071751799,38.5905194150277,930,20.41,140,3.07,949,20.83
6085507100,06085507100,3211,7.60334341075493,7.87947554210792,1.0,0.04050375,7.69869197,0.154702847,0.0,1861.177345,47.333259,16.23,2.7,6.68,3.3,11.9,3.3,16.0,1.72257302260151,4.86636409480585,529,16.47,0,0.0,282,8.78
6085507703,06085507703,8116,6.53250047912316,5.82450832072617,1.0,0.03809217,7.78648165,0.069233227,3.01e-06,1111.389349,26.0298583,8.55,4.08,5.68,3.3,8.1,2.9,8.5,1.73636360939578,4.96722138174483,242,2.98,13,0.16,4625,56.99
6085504319,06085504319,7633,34.0077669253804,65.8345940494201,7.0,0.03975537,8.777531451,0.410759194,0.0001047,1702.987845,26.216244,43.0,6.91,12.87,10.6,22.5,8.0,9.9,5.7625241868409,58.6989409984871,1428,18.71,184,2.41,5099,66.8
6085505700,06085505700,6726,23.2620283497716,45.0579929399899,5.0,0.03975537,8.479692593,0.295722567,0.0,652.4660053,54.91565007,28.12,5.0,10.53,8.9,34.8,9.3,25.5,4.99242867196333,47.528996469995,1642,24.41,358,5.32,1736,25.81
6085500300,06085500300,3788,26.0530744859716,51.0463943519919,6.0,0.03975537,8.877471673,0.503223054,0.008084078,1419.179581,45.16289671,45.67,5.08,10.79,11.5,24.6,5.5,9.4,4.25208153926171,36.7498739283913,1199,31.65,202,5.33,640,16.9
6085505800,06085505800,4279,10.8597959146506,15.1538073625819,2.0,0.03975537,8.54394094,0.294643448,0.0,1727.409496,69.47788635,29.98,4.19,9.44,2.6,9.2,5.1,7.0,2.29324012473143,9.90922844175492,1164,27.2,95,2.22,632,14.77
6085503903,06085503903,3773,25.7533260620703,50.4916792738275,6.0,0.03975537,8.636708012,0.322635888,0.0,1059.52953,65.42757416,58.38,6.67,15.09,25.2,22.7,6.5,15.9,6.99152410268211,76.5128593040847,1741,46.14,41,1.09,1622,42.99
6085503329,06085503329,4107,7.49030299175733,7.63993948562784,1.0,0.04125212,8.421847042,0.016055425,0.0,902.2671728,14.75130858,22.02,5.12,8.64,7.2,5.4,3.8,5.6,2.82477879330097,16.1749873928391,423,10.3,108,2.63,3125,76.09
6085503713,06085503713,3550,30.1583232400524,59.0519415027736,6.0,0.03975537,8.856507559,0.824968784,0.0,2927.733622,43.44271095,59.12,8.31,11.52,37.8,49.3,1.5,25.3,7.23918767736933,79.7781139687342,2090,58.87,92,2.59,1150,32.4
6085512043,06085512043,6583,33.509974234494,64.9773071104387,7.0,0.04259906,8.24371466,0.478542266,0.0,2269.16268,55.62516958,56.34,6.13,11.95,36.8,47.2,6.3,21.1,7.20100932440856,79.3998991427131,4109,62.42,248,3.77,1577,23.96
6085503337,06085503337,3455,23.8195080544272,46.3061018658598,5.0,0.04125212,8.517997752,0.349401614,0.0,2497.647264,33.65618958,46.54,5.75,12.24,24.8,21.4,4.4,8.3,5.42901675774716,53.8956127080182,673,19.48,112,3.24,2302,66.63
6085503332,06085503332,5642,3.06409572602271,0.693393847705497,1.0,0.04259906,7.78002041,0.025247617,0.578966918,502.4598547,8.773825484,21.77,2.44,9.0,3.7,7.7,3.7,16.5,1.71061040066905,4.71507816439738,401,7.11,64,1.13,1464,25.95
6085503334,06085503334,8938,6.0261926141716,4.72768532526475,1.0,0.04192559,8.040509212,0.029358762,3.456170994,1093.611496,3.924133133,22.0,3.47,6.96,3.3,5.7,4.5,6.5,1.64403251798448,4.28643469490671,757,8.47,147,1.64,5779,64.66
6085500901,06085500901,4197,33.5296699006337,65.052950075643,7.0,0.03975537,8.975747628,0.692863418,0.011827007,453.9320932,41.52783935,197.46,7.36,15.73,4.0,39.4,4.1,17.7,6.98751268587298,76.4498234997479,849,20.23,214,5.1,1621,38.62
6085500902,06085500902,5659,33.7460031497646,65.4185577407968,7.0,0.03975537,8.946428705,0.425091398,0.009587362,400.7654529,62.1355581,62.98,5.13,12.36,21.0,63.4,16.2,35.8,7.43965997466974,82.4508320726172,1796,31.74,448,7.92,1789,31.61
6085501000,06085501000,5414,33.1253418344181,64.2586989409985,7.0,0.03975537,9.005066551,0.30353298,0.013246581,382.8073196,56.87063495,79.07,4.11,12.25,30.3,50.4,7.0,30.0,7.01398057905648,76.8028240040343,2280,42.11,495,9.14,1132,20.9
6085501200,06085501200,4111,26.3181411804446,51.5002521432174,6.0,0.03975537,9.023290172,0.201234417,0.004417327,366.3888701,79.60420294,60.35,5.33,11.82,19.2,26.0,2.1,15.9,5.27127963301416,51.6011094301563,2272,55.27,109,2.65,390,9.49
6085501501,06085501501,4623,37.307322533359,71.0287443267776,8.0,0.03975537,9.082305054,0.666869562,0.0,4004.463197,69.03567747,74.8,4.17,13.95,39.4,40.0,9.0,22.2,7.19927315740181,79.3746848209783,2979,64.44,146,3.16,1238,26.78
6085501401,06085501401,3226,37.7920033221043,71.7221381744831,8.0,0.03975537,8.997151171,0.319734269,0.0,2037.877286,73.49214319,53.66,5.91,10.22,29.6,37.9,3.9,19.9,6.30645013234211,66.6918809884014,2116,65.59,266,8.25,422,13.08
6085501502,06085501502,4843,39.833707714885,74.7226424609178,8.0,0.03975537,9.082305054,0.629525225,0.0,4192.282207,78.42677433,53.07,6.19,10.1,36.5,51.2,4.9,16.6,6.56099660472829,70.4236006051437,3171,65.48,69,1.42,857,17.7
6085504320,06085504320,2931,16.9280570098716,30.2824004034292,4.0,0.03975537,8.5198217,0.400446497,0.0,1563.66894,32.90551259,31.83,8.89,11.24,15.8,10.1,4.6,14.1,5.21285187706067,50.7060010085729,221,7.54,22,0.75,2059,70.25
6085503508,06085503508,6533,22.3586126619512,42.9652042360061,5.0,0.04125212,8.487617435,0.077631024,0.128278466,549.3307208,78.63527635,58.38,5.85,15.09,37.1,31.3,2.8,25.7,6.79598973249238,73.7897125567322,4574,70.01,138,2.11,1081,16.55
6085504410,06085504410,4724,26.7356678963951,52.471003530005,6.0,0.03975537,8.47698569,0.557981379,0.0,1853.122192,38.92320511,24.24,5.03,8.7,22.0,23.1,8.3,17.8,4.89762854636685,46.041351487645,876,18.54,163,3.45,2890,61.18
6085504321,06085504321,5574,17.8974470193594,32.4508320726172,4.0,0.03975537,8.580361767,0.395459195,0.0,1821.41936,40.43526407,25.79,6.01,9.05,12.2,17.5,5.0,11.7,4.38178141461964,38.5274836106909,915,16.42,80,1.44,4010,71.94
6085504412,06085504412,4873,21.3171076746414,40.6076651538074,5.0,0.03975537,8.384310485,0.436639512,0.908752794,1378.072419,41.7225145,29.3,6.97,11.57,16.4,19.1,3.6,13.3,4.95450721606777,46.9364599092284,999,20.5,35,0.72,3035,62.28
6085506203,06085506203,6589,18.929783793396,34.947049924357,4.0,0.03975537,8.421906323,0.372010678,0.0,2833.243751,38.74227538,18.38,6.41,9.38,3.6,21.5,3.1,13.6,3.84229646200283,30.5093292990419,805,12.22,241,3.66,4168,63.26
6085505900,06085505900,7393,12.3232478631906,18.7720625315179,2.0,0.03975537,8.468311029,0.139271238,0.0,910.3089326,46.21266678,21.7,4.74,7.72,5.0,12.6,3.6,14.3,2.94464598892476,17.7382753403933,1170,15.83,180,2.43,2293,31.02
6085505500,06085505500,4365,15.5041485115845,26.7019667170953,3.0,0.03892377,8.397497432,0.249302022,0.0,895.1530184,58.99257982,26.78,5.08,10.22,6.7,10.9,3.3,14.2,3.21472111276273,21.4195663136662,1073,24.58,222,5.09,942,21.58
6085506101,06085506101,4381,10.9653132833383,15.3681290973273,2.0,0.03892377,8.354770687,0.079754514,0.0,1164.17154,46.23308862,26.51,4.31,9.88,3.9,9.4,4.5,11.9,2.71231209345353,14.8386283408976,505,11.53,47,1.07,1841,42.02
6085506000,06085506000,4752,12.3674596087894,18.9233484619264,2.0,0.03975537,8.411531643,0.125270143,0.0,895.1057692,54.93130628,29.83,4.87,11.4,7.2,16.3,3.4,10.7,3.30717297939132,22.528996469995,856,18.01,111,2.34,1275,26.83
6085512053,06085512053,4451,11.2656210225985,16.0993444276349,2.0,0.04192559,8.166039864,0.063508515,0.0,512.3882369,43.63377015,51.89,6.43,11.68,7.3,12.4,5.1,11.8,4.92496145219896,46.4447806354009,1539,34.58,205,4.61,812,18.24
6085504504,06085504504,12367,21.3480827607829,40.7085224407463,5.0,0.03892377,8.43286831,0.428333513,0.0,1551.004518,16.0749068,26.38,5.61,10.35,14.8,14.0,1.9,11.2,3.92084023900943,31.7700453857791,2135,17.26,676,5.47,7739,62.57
6085503711,06085503711,5368,33.0291342163882,64.10741301059,7.0,0.03975537,9.047428567,0.691560385,0.0,2873.974903,74.6273501,86.6,3.65,16.02,34.4,32.8,7.3,19.3,6.78672955152229,73.6006051437216,4153,77.37,83,1.55,897,16.71
6085503710,06085503710,3858,39.3476940276614,73.8527483610691,8.0,0.03975537,8.942444176,0.537396939,0.0,1588.836399,59.57172748,86.6,6.34,16.02,37.2,42.1,8.3,20.4,8.29097720291194,92.4609178013112,2655,68.82,14,0.36,794,20.58
6085503117,06085503117,3071,30.3118936258032,59.3166918809884,6.0,0.04050375,9.012285898,0.124987151,0.0,1004.951556,50.90252155,71.58,4.31,15.02,41.4,47.9,5.4,24.0,7.21344443596531,79.5259707513868,1806,58.81,34,1.11,1142,37.19
6085512047,06085512047,5808,7.93741207194593,8.37115481593545,1.0,0.04192559,8.097773032,0.052705406,0.0,578.3043677,35.65716701,51.89,5.38,11.68,12.2,13.6,5.9,8.2,4.42821949529169,39.1578416540595,1667,28.7,79,1.36,1186,20.42
6085511916,06085511916,4797,6.84763398086527,6.49268784669692,1.0,0.04125212,8.010091833,0.039306149,0.010121409,570.7344936,31.47205917,18.11,4.95,5.53,3.4,16.4,3.4,17.1,2.75685398746077,15.4059505799294,543,11.32,95,1.98,1371,28.58
6085502604,06085502604,4116,15.3631856107878,26.3489662128089,3.0,0.03975537,8.29335021,0.315311162,0.0,1988.267007,21.70410093,30.78,5.87,10.25,1.4,14.0,0.8,9.7,3.07449071075776,19.4780635400908,658,15.99,187,4.54,606,14.72
6085503118,06085503118,5286,18.7128310670827,34.5436207766011,4.0,0.04125212,8.921240743,0.227644578,0.0,1090.015857,43.45353209,50.41,4.45,10.56,25.8,24.7,2.8,22.7,5.25753506883181,51.48764498235,2238,42.34,206,3.9,2190,41.43
6085501600,06085501600,7716,47.577351064128,85.0100857286939,9.0,0.03975537,8.990585175,0.690533417,2.35e-05,1559.595971,73.61965219,63.73,7.16,11.22,19.4,48.5,6.7,33.0,7.3703265888974,81.4800806858295,3777,48.95,144,1.87,1631,21.14
6085501700,06085501700,4982,34.8408617652415,67.3222390317701,7.0,0.03975537,8.874183415,0.666067738,0.0,1765.959883,87.37763585,58.5,4.4,8.08,35.0,54.4,6.1,38.3,6.42251461114095,68.5829551185073,3893,78.14,53,1.06,135,2.71
6085501300,06085501300,3951,28.7239797494347,56.3540090771558,6.0,0.03975537,9.020396101,0.252296009,0.002378007,435.4993858,62.21712262,61.39,5.56,12.03,16.8,40.6,4.9,19.8,6.19733976544564,65.2798789712557,809,20.48,190,4.81,792,20.05
6085502001,06085502001,5093,21.5009532764427,41.137165910237,5.0,0.03975537,8.613136642,0.35441708,0.0,2297.600341,86.47111379,36.58,3.54,11.51,18.4,19.8,4.4,24.9,4.56554808232881,41.1497730711044,2254,44.26,43,0.84,681,13.37
6085502002,06085502002,6052,27.1761210086811,53.4039334341906,6.0,0.03975537,8.703949252,0.432268621,0.0,1997.450522,65.30372651,37.5,5.47,10.38,27.4,31.2,0.5,24.8,5.16131841062379,49.9243570347958,3872,63.98,216,3.57,474,7.83
6085504411,06085504411,5884,12.9995926602466,20.5118507312153,3.0,0.03975537,8.422231098,0.114724986,0.0,696.0817278,37.36157638,28.3,5.65,10.06,14.2,8.0,4.2,12.7,4.08129839023939,34.4427634896621,827,14.06,112,1.9,3882,65.98
6085504415,06085504415,5836,7.11840805580403,6.98436712052446,1.0,0.03975537,8.446855472,0.041622591,0.0,334.7746889,18.1611969,26.02,5.67,10.2,7.4,14.2,2.5,17.2,3.85077294524473,30.6354009077156,288,4.93,445,7.63,4036,69.16
6085504416,06085504416,3777,16.0619148399985,28.0509329299042,3.0,0.03975537,8.391480516,0.289489289,0.0,1613.682225,39.75199625,22.48,5.75,8.72,9.7,8.3,3.5,10.4,3.47901959392694,25.0756429652042,488,12.92,272,7.2,2440,64.6
6085504311,06085504311,7331,21.7590238363694,41.6666666666667,5.0,0.03975537,8.730505494,0.139120495,0.000696352,1165.024837,17.36793501,24.14,5.08,8.37,9.6,19.0,5.7,11.4,3.95150144340972,32.375189107413,518,7.07,18,0.25,5737,78.26
6085506301,06085506301,5443,13.3246005247151,21.2808875441251,3.0,0.03975537,8.380065306,0.394599589,0.0,2396.059182,44.84798986,25.1,4.32,7.58,8.4,16.1,1.2,16.1,2.74592779329174,15.2798789712557,1033,18.98,396,7.28,1607,29.52
6085506102,06085506102,4158,11.9921913679591,17.9147755925366,2.0,0.03975537,8.374065123,0.178312721,0.0,1205.616762,38.81701126,25.66,6.15,9.57,1.7,6.4,3.6,10.1,2.97007556078659,18.0282400403429,370,8.9,126,3.03,1977,47.54
6085506103,06085506103,5090,12.2374549915532,18.5199193141704,2.0,0.03892377,8.340440181,0.093382014,0.0,1291.551258,61.45753261,24.57,4.26,9.24,7.2,11.0,2.4,10.9,2.51773437178874,12.4684820978316,390,7.66,62,1.22,2899,56.95
6085506202,06085506202,7389,9.29185490082235,11.1699445284922,2.0,0.03975537,8.152808948,0.068648026,0.0,887.1470077,39.34922901,15.92,5.04,8.18,4.3,7.3,3.9,16.2,2.7968950910201,15.8093797276853,440,5.95,112,1.52,3536,47.85
6085506204,06085506204,5568,10.8460819592362,15.1159858799798,2.0,0.03975537,8.304379631,0.377097102,0.0,2275.862483,41.56031748,18.38,2.85,9.38,5.1,12.6,1.1,13.7,2.2916665381865,9.88401412002017,475,8.53,221,3.97,3261,58.57
6085503108,06085503108,8222,18.8512096678391,34.8335854765507,4.0,0.04125212,8.43868966,0.184061392,0.0,1925.5836,38.40723644,29.19,5.09,8.1,7.3,21.8,7.5,22.3,4.32302405073688,37.5063035804337,2419,29.42,637,7.75,2891,35.17
6085503333,06085503333,4896,8.98672335380613,10.6026222894604,2.0,0.04125212,8.419321834,0.024901034,0.0,744.6295792,17.75463077,36.08,6.13,9.9,9.5,8.8,4.2,15.3,4.35258998156178,38.0736258194655,1109,22.65,322,6.58,2274,46.45
6085503123,06085503123,3901,30.6924998336106,60.0857286938981,7.0,0.04125212,8.565997522,0.346653809,0.0,2053.002407,42.28210692,38.51,6.59,10.47,20.7,38.2,4.8,33.5,6.08090068680103,63.3509833585477,1958,50.19,92,2.36,684,17.53
6085501402,06085501402,3046,30.0299514691665,58.7367624810893,6.0,0.03975537,9.082305054,0.381125706,0.0,1207.583601,82.15554597,72.92,3.93,13.54,32.2,29.7,4.6,29.0,6.42729980728626,68.6207766011094,2135,70.09,36,1.18,252,8.27
6085502301,06085502301,3535,14.1562550877338,23.4241048915784,3.0,0.03975537,8.521343819,0.046402396,0.0,723.8502901,48.43269097,38.51,5.49,10.47,7.2,11.5,5.0,10.2,3.81456519524556,30.0680786686838,562,15.9,89,2.52,285,8.07
6085503121,06085503121,4788,33.7674316799101,65.4689863842663,7.0,0.04050375,8.738238169,0.403960422,0.0,1588.78273,53.86567571,29.64,3.67,6.39,24.0,45.8,10.6,31.7,5.05823473682608,48.4367120524458,3142,65.62,57,1.19,784,16.37
6085503122,06085503122,3602,36.0783983300511,69.2511346444781,7.0,0.04050375,8.817036264,0.340679921,0.0,927.5316135,33.86760519,41.65,5.54,8.44,31.4,55.3,2.9,30.6,6.03762335979189,62.6828038325769,1457,40.45,113,3.14,1766,49.03
6085501101,06085501101,4695,28.0910182231754,55.1815431164902,6.0,0.03975537,9.160349456,0.21300356,0.002815677,353.1317156,38.22704646,61.38,6.12,12.04,13.0,31.6,4.1,20.6,6.37481896529405,67.9147755925366,1703,36.27,253,5.39,1353,28.81
6085501102,06085501102,4305,37.4561769680528,71.3187090267272,8.0,0.03975537,8.977734506,0.209213992,6.72e-06,1185.978258,82.33112789,60.58,5.37,11.87,20.2,20.2,5.6,14.8,5.71670470257391,57.8290468986384,2389,55.49,81,1.88,391,9.08
6085502101,06085502101,5081,16.0094174786362,27.8618255168936,3.0,0.03975537,8.437412775,0.2281279,0.0,3262.477499,50.34656244,32.43,5.14,10.3,5.7,20.0,2.3,12.6,3.42382498804361,24.3318204740292,1123,22.1,186,3.66,1307,25.72
6085502102,06085502102,7726,23.7926028555665,46.2052445789208,5.0,0.03975537,8.550499684,0.177796492,0.0,1478.421168,62.05887003,32.74,6.12,10.11,25.9,30.3,0.9,26.7,5.29612903354487,52.029752899647,3960,51.26,454,5.88,950,12.3
6085502400,06085502400,6909,18.736964213706,34.5940494200706,4.0,0.04050375,8.643420678,0.11715272,0.0,1547.247452,46.83596562,35.85,4.3,9.57,6.5,12.2,6.2,11.9,3.49035178373601,25.201714573878,1120,16.21,123,1.78,838,12.13
6085502601,06085502601,2673,8.06164468187617,8.67372667675239,1.0,0.04050375,8.421973798,0.039965534,0.0,806.6145172,53.17703337,27.07,4.85,7.52,3.8,8.1,2.6,16.0,2.21159016725207,9.25365607665154,394,14.74,11,0.41,249,9.31
6085502701,06085502701,5235,11.2488633093097,16.0489157841654,2.0,0.04050375,8.204804211,0.208270474,0.0,1010.715244,46.13656356,23.06,4.43,7.33,5.3,13.4,1.9,16.2,2.44473245974552,11.636409480585,1224,23.38,257,4.91,1048,20.02
6085502800,06085502800,4363,15.2459316137451,26.1094301563288,3.0,0.04125212,8.118638424,0.250809415,0.0,1330.679286,58.48425432,30.75,6.08,9.3,6.9,6.6,2.6,11.7,3.35983895755479,23.5375693393848,818,18.75,21,0.48,857,19.64
6085506302,06085506302,6778,11.1335175663887,15.7337367624811,2.0,0.03975537,8.386676788,0.183466292,0.0,1758.033695,39.18131029,28.32,5.62,8.08,14.0,9.2,3.3,10.8,3.14810657354311,20.4614220877458,1279,18.87,235,3.47,1804,26.62
6085506401,06085506401,5017,18.1864251308635,33.1820474029249,4.0,0.03975537,8.526754269,0.694854537,0.0,2979.400948,39.67370451,38.21,4.44,12.1,7.3,20.4,0.8,18.3,3.90483262889671,31.5179021684317,1229,24.5,323,6.44,1084,21.61
6085506304,06085506304,5262,14.3717568170434,23.9788199697428,3.0,0.03975537,8.319714077,0.324206642,0.0,2170.318886,25.57721684,25.24,6.5,7.62,5.6,18.1,7.2,13.4,4.24513176275917,36.5985879979829,1357,25.79,121,2.3,2251,42.78
6085506305,06085506305,6726,13.987192748465,22.9828542612204,3.0,0.03975537,8.26864243,0.113645174,0.0,1030.69249,59.84769744,28.09,5.43,8.22,10.2,29.9,3.8,20.7,4.63948037735052,42.2592032274332,2033,30.23,1210,17.99,1253,18.63
6085506502,06085506502,3941,13.2026459592112,20.9152798789713,3.0,0.04050375,8.263991682,0.288505061,0.0,1421.790932,33.02368394,30.73,3.33,10.24,3.8,15.7,1.5,16.0,2.42823638805215,11.434694906707,731,18.55,139,3.53,445,11.29
6085506402,06085506402,5784,17.9673508326272,32.6273323247605,4.0,0.03975537,8.387334846,0.233643478,0.0,2415.65105,60.22394593,25.26,6.53,8.06,11.9,21.0,2.8,15.1,3.91973830931216,31.7448310640444,2301,39.78,283,4.89,854,14.77
6085509202,06085509202,4708,21.7744921241332,41.7297024710035,5.0,0.036244,8.31767473,0.285270066,0.0,2054.520003,35.25233408,19.77,6.91,8.77,9.2,13.8,4.0,10.1,3.86422857072798,30.9001512859304,880,18.69,129,2.74,1563,33.2
6085506605,06085506605,4387,8.88569358610407,10.4387291981846,2.0,0.03975537,8.227210843,0.121817296,0.0,1058.943558,60.74105226,20.68,4.04,5.63,6.3,19.0,2.8,15.4,2.45785047199646,11.7876954109934,666,15.18,164,3.74,1210,27.58
6085507206,06085507206,2426,3.82897028101968,1.24810892586989,1.0,0.04050375,7.624871183,0.077257747,0.0,531.7690217,30.96406883,14.09,2.53,5.8,1.6,4.2,4.3,12.4,1.15923343700311,1.4750378214826,127,5.23,4,0.16,477,19.66
6085507301,06085507301,6602,3.91193023824784,1.37418053454362,1.0,0.03975537,7.672991132,0.059559544,0.035299331,970.0616578,40.34773082,10.49,1.7,5.98,3.1,11.0,2.4,7.3,1.14608916093419,1.38678769541099,282,4.27,2,0.03,2925,44.3
6085507302,06085507302,2892,1.30567552332928,0.0504286434694907,1.0,0.03975537,7.274207443,0.043968439,0.007451576,422.8047055,40.6228809,8.94,3.26,4.74,2.8,3.4,1.7,9.0,0.486084868447153,0.0882501260716087,65,2.25,8,0.28,759,26.24
6085507401,06085507401,5858,5.72893575858727,4.13514876449824,1.0,0.03975537,8.088900664,0.136336159,0.0,1043.662172,30.0,10.29,5.15,6.06,2.4,5.2,2.7,8.1,1.91794297947521,6.32879475542108,135,2.3,3,0.05,3550,60.6
6085507402,06085507402,4013,10.5877707016934,14.3721633888048,2.0,0.03975537,7.988323818,0.08548613,0.0,1462.489512,47.54373858,11.29,5.64,5.54,4.1,12.3,5.1,18.3,2.91786554090464,17.3726676752395,188,4.68,18,0.45,1124,28.01
6085507500,06085507500,5927,5.19310532005257,3.34089762985376,1.0,0.03975537,7.913397796,0.055119264,0.012150327,988.893035,37.62612698,11.49,2.15,6.91,1.5,11.3,5.9,7.7,1.58018312723516,3.87039838628341,95,1.6,36,0.61,3817,64.4
6085500500,06085500500,5500,18.0617229850812,32.8668683812405,4.0,0.03975537,8.640851074,0.270510679,0.0,1514.17942,71.51134725,30.76,4.87,8.4,7.5,22.9,2.9,16.3,3.58860857986764,26.7776096822995,1130,20.55,189,3.44,865,15.73
6085508101,06085508101,6768,12.1081159555247,18.2551689359556,2.0,0.03809217,8.184180614,1.071239644,0.0,1580.914524,38.65141059,9.86,5.1,6.35,1.1,6.6,5.7,7.3,2.34811938509922,10.5269793242562,150,2.22,1,0.01,4797,70.88
6085507701,06085507701,3534,9.42638760445444,11.4977307110439,2.0,0.03809217,8.056594642,0.107490701,0.0,1207.240279,32.64536977,9.84,4.83,6.45,5.3,11.1,1.6,6.6,1.86875376951829,5.96318709026727,48,1.36,30,0.85,2340,66.21
6085507702,06085507702,6161,4.55936605966003,2.34493192133132,1.0,0.03892377,7.768372463,0.036768467,0.009685892,345.3702858,21.80616875,9.22,2.29,5.93,0.4,6.3,3.9,7.9,1.18884238345814,1.60110943015633,0,0.0,0,0.0,4682,76.0
6085507600,06085507600,5566,4.4978145755307,2.3071104387292,1.0,0.03892377,7.470062653,0.018752606,0.380138516,402.5627935,27.44300471,11.38,4.17,6.84,1.9,6.3,2.8,6.4,1.34942931776642,2.45839636913767,187,3.36,73,1.31,2345,42.13
6085504318,06085504318,6095,43.4214469641227,80.0554715078164,9.0,0.03975537,8.836600438,0.516287361,0.001066866,2739.121583,50.87539257,36.67,5.84,9.81,28.8,33.6,8.6,16.4,6.07306619882518,63.2753403933434,2385,39.13,40,0.66,2991,49.07
6085502302,06085502302,3000,11.8530379293341,17.523953605648,2.0,0.03975537,8.562287732,0.054040763,0.0,797.2371306,53.47249714,28.01,4.92,7.44,12.0,14.6,4.6,18.1,3.3539172062442,23.411497730711,1113,37.1,74,2.47,237,7.9
6085512506,06085512506,7227,27.7815005388266,54.4629349470499,6.0,0.04320513,6.430702689,0.241058711,107.8038772,516.415003,54.7233771,59.06,5.25,17.01,21.3,26.6,5.7,18.2,6.39434342495719,68.1921331316188,5199,71.94,38,0.53,486,6.72
6085512505,06085512505,8465,19.0946614708257,35.3883005547151,4.0,0.04320513,6.399350776,0.149718214,7.031967539,519.1975157,40.56744122,59.06,4.74,17.01,19.8,27.2,4.2,20.2,5.87189205551061,60.4009077155825,5538,65.42,67,0.79,816,9.64
6085512508,06085512508,8351,28.6795975914965,56.290973272819,6.0,0.04259906,6.260772794,0.089836852,33.80059922,412.2142515,59.36526043,59.06,4.17,17.01,26.1,38.6,5.5,27.6,6.67188150624873,71.9490670700958,5132,61.45,11,0.13,480,5.75
6085502901,06085502901,6104,13.9447684191614,22.8315683308119,3.0,0.04050375,8.284603643,0.070457838,0.0,727.2983271,56.40590383,26.16,5.72,8.03,6.2,11.2,4.4,14.5,3.38776898602808,23.8905698436712,1336,21.89,114,1.87,1086,17.79
6085502902,06085502902,7893,6.18145958919697,5.06807866868381,1.0,0.04050375,8.265033842,0.080196505,0.0,727.3568922,45.26612623,27.98,3.22,8.4,3.1,7.3,1.3,11.5,1.76201490402564,5.18154311649017,1238,15.68,59,0.75,1604,20.32
6085502906,06085502906,4542,11.2686961691606,16.1119515885023,2.0,0.04125212,8.091121736,0.160856057,0.0,1400.58055,45.83930517,26.98,5.59,7.8,4.7,17.0,3.7,15.4,3.42760752507167,24.4326777609682,889,19.57,82,1.81,1210,26.64
6085502903,06085502903,5172,5.07242409721058,3.16439737771054,1.0,0.04125212,8.306229697,0.04389458,0.0,747.4412327,42.12777205,28.58,4.14,7.95,3.8,9.3,1.7,9.0,1.77735704409938,5.30761472516389,1027,19.86,9,0.17,553,10.69
6085506501,06085506501,7421,18.0661733468789,32.8794755421079,4.0,0.03975537,8.284943636,0.105554213,0.0,1167.517607,58.87660368,21.83,5.18,6.34,16.8,34.6,8.3,28.9,5.18087400006447,50.2521432173475,3106,41.85,326,4.39,1926,25.95
6085506606,06085506606,4468,9.64033514130576,12.0902672718104,2.0,0.03975537,8.174025565,0.115998681,0.0,1035.245564,45.83192906,22.21,2.65,6.94,8.6,23.1,3.9,15.3,2.37285688930591,10.8421583459405,1048,23.46,126,2.82,1171,26.21
6085506701,06085506701,3998,10.0896723079988,13.1492687846697,2.0,0.03975537,8.034745468,0.163916066,0.0,1705.291606,25.05819838,24.99,6.64,8.22,4.5,6.0,3.2,10.0,3.20384780866274,21.2556732223903,700,17.51,0,0.0,1240,31.02
6085506703,06085506703,3564,8.43820921925638,9.49319213313162,1.0,0.04050375,8.031031924,0.309299632,0.0,1379.584118,36.50387099,21.36,0.99,7.93,5.8,13.0,2.3,11.0,1.71181597626352,4.74029248613212,447,12.54,78,2.19,1003,28.14
6085506802,06085506802,5674,8.34241076778083,9.21583459404942,1.0,0.04125212,8.006089128,0.179709977,0.0,1021.764503,49.0833498,23.04,4.03,7.21,7.5,9.1,6.5,5.9,2.2943034472212,9.92183560262229,804,14.17,54,0.95,1258,22.17
6085506803,06085506803,7344,9.32443059657388,11.232980332829,2.0,0.04125212,8.021720719,0.062846118,0.0,1023.635549,44.32100643,24.93,5.38,7.72,9.7,11.1,4.3,9.5,2.96085223745677,17.9778113968734,1023,13.93,135,1.84,2194,29.87
6085503218,06085503218,5118,36.6234171798653,70.0327786182552,8.0,0.04125212,8.386254,0.280983477,0.0,1293.636564,76.02118963,65.99,5.36,13.69,41.0,50.2,7.1,26.3,7.7286164066996,86.0438729198185,3334,65.14,48,0.94,1493,29.17
6085503204,06085503204,8105,35.1486758842658,67.8013111447302,7.0,0.04125212,8.443153808,0.258914608,0.0,1310.714365,54.12929962,65.99,6.36,13.69,31.9,31.2,4.1,19.3,7.06727089048386,77.5214321734745,4733,58.4,175,2.16,2415,29.8
6085503210,06085503210,4254,28.9976675823793,56.933938477055,6.0,0.04125212,8.413359362,0.169484321,0.0,1058.911184,53.87262319,64.56,6.05,13.42,23.9,11.8,2.4,25.8,6.23390037121076,65.8093797276853,1552,36.48,31,0.73,2224,52.28
6085503312,06085503312,4027,8.73184945125044,10.0353000504286,2.0,0.04192559,7.782892367,0.014263707,0.162625718,134.8996296,40.59604435,31.3,4.6,7.88,15.9,14.5,,17.4,4.10037490640731,34.8209783156833,1709,42.44,38,0.94,1460,36.25
6085511500,06085511500,7992,9.07024475104206,10.7539082198689,2.0,0.03521715,8.156830005,0.299237081,1.714655551,907.2681474,46.79783657,8.1,3.62,6.27,3.2,10.5,2.7,12.3,1.42305695119354,2.87443267776097,489,6.12,112,1.4,1724,21.57
6085500200,06085500200,5969,25.7654385022285,50.5042864346949,6.0,0.03975537,9.069671902,0.371399131,0.000320613,1312.396867,34.17348418,44.32,5.84,8.3,14.6,14.1,5.0,15.3,4.43102300495292,39.1956631366616,2208,36.99,405,6.79,1178,19.74
6085505301,06085505301,5197,24.5913194317632,47.9198184568835,5.0,0.03809217,8.369069304,0.259356211,0.0,1319.676596,50.35115315,23.81,7.22,8.92,8.5,21.9,3.3,18.2,4.4163355216193,38.9813414019163,958,18.43,223,4.29,2635,50.7
6085513500,06085513500,1202,15.0033567433158,25.5547150781644,3.0,0.04406658,6.593371686,0.0033152,8.167100035,848.3315975,41.16246007,23.65,9.38,7.52,3.3,10.1,1.7,14.3,2.90986426070842,17.2592032274332,472,39.27,25,2.08,119,9.9
6085504505,06085504505,9011,16.4502512442441,28.9208270297529,3.0,0.03892377,8.533192281,0.589108467,0.0,1768.305277,21.00296967,23.7,3.97,9.31,7.1,17.8,6.3,7.3,3.17519332202955,20.7892082702975,965,10.71,79,0.88,6500,72.13
6085512039,06085512039,5402,21.4085884470667,40.9102370146243,5.0,0.04259906,8.094779108,0.617162052,0.0,1680.721491,27.68689979,33.41,4.71,11.4,15.5,9.6,6.3,9.3,4.271215865567,36.9641956631367,1719,31.82,283,5.24,2569,47.56
6085513000,06085513000,9578,16.1060771180692,28.1517902168432,3.0,0.03419029,8.158203114,0.381763253,0.048916196,813.0496146,21.77580838,4.93,3.04,9.64,1.0,39.4,4.5,35.4,3.26024607571739,22.0247100353,1466,15.31,250,2.61,3254,33.97
6085511705,06085511705,1113,4.71647568322911,2.54664649520928,1.0,0.03521715,8.000211205,0.157610085,16.94445062,1428.316806,39.57995951,8.86,,5.14,8.2,6.2,0.9,,0.724973979203514,0.289964699949571,41,3.68,54,4.85,256,23.0
6085510600,06085510600,5761,8.8383209770363,10.3000504286435,2.0,0.036244,8.129610202,0.210073964,0.13499536,1395.553902,55.98207247,12.49,2.61,5.97,1.9,16.2,5.0,5.4,1.57326053249668,3.84518406454866,564,9.79,103,1.79,1758,30.52
6085503327,06085503327,4504,17.7023684684134,32.0600100857287,4.0,0.04125212,8.409346507,0.038244178,0.0,1007.977815,43.91167493,35.25,6.65,9.63,17.0,21.6,2.7,26.2,5.31789600711057,52.3953605648008,1282,28.46,85,1.89,2460,54.62
6085503336,06085503336,3580,18.8557437820555,34.8714069591528,4.0,0.04125212,8.528950029,0.154015764,0.0,1170.316694,43.56456101,46.54,8.71,12.24,21.6,17.5,3.6,12.8,5.68936979966422,57.4130105900151,1203,33.6,65,1.82,2109,58.91
6085506702,06085506702,5860,13.0583956513536,20.6757438224912,3.0,0.03975537,8.137869636,0.13754463,0.0,462.6580888,44.89008605,30.78,4.55,10.25,10.6,20.8,2.1,15.8,3.44255436882068,24.6217851739788,1155,19.71,152,2.59,1219,20.8
6085507903,06085507903,4968,3.53114488302945,1.03378719112456,1.0,0.03975537,8.161826932,0.060509084,0.0,482.6788489,26.1953241,16.56,2.86,8.49,1.1,5.2,2.0,6.6,1.3620510499935,2.57186081694402,66,1.33,41,0.83,3699,74.46
6085508001,06085508001,7487,12.1622162213264,18.3434190620272,2.0,0.03892377,8.138459917,0.074818114,0.0,979.3662358,33.00293629,10.1,4.72,6.41,1.7,6.7,7.0,18.5,2.75686406124433,15.4185577407968,158,2.11,0,0.0,5358,71.56
6085510400,06085510400,3705,3.1665950320892,0.769036812909733,1.0,0.036244,8.156226298,0.169439426,0.0,995.9812391,36.77118563,9.29,3.28,5.34,0.0,4.2,2.4,7.8,0.744678943895559,0.353000504286435,152,4.1,24,0.65,1220,32.93
6085510300,06085510300,4246,3.94069109140847,1.39939485627837,1.0,0.036244,8.01510709,0.054060603,0.0,720.082333,39.11184478,9.0,2.19,5.4,1.2,6.6,4.2,10.9,1.00710079295395,0.983358547655068,141,3.32,22,0.52,1154,27.18
6085502907,06085502907,3936,5.22619648762727,3.42914775592537,1.0,0.04125212,8.258575338,0.059721998,0.0,523.4019111,35.38819795,36.44,2.84,10.47,3.5,15.7,3.0,8.4,2.30887524604185,10.0731215330308,501,12.73,14,0.36,761,19.33
6085502908,06085502908,7294,6.68257143781917,6.089258698941,1.0,0.04125212,8.189735619,0.141025861,0.0,759.0248769,50.37972157,25.58,3.36,7.68,7.5,17.4,2.3,9.5,2.0633281315239,7.72818961169945,1940,26.6,61,0.84,1089,14.93
6085502909,06085502909,5416,9.65701016203364,12.1406959152799,2.0,0.04125212,8.214939378,0.201361509,0.0,1687.973183,33.72216332,38.77,3.05,11.12,6.2,10.1,2.3,16.1,2.7897048578245,15.7337367624811,1630,30.1,93,1.72,1061,19.59
6085503002,06085503002,3589,10.4245140438662,13.9056984367121,2.0,0.04125212,8.361235608,0.107794372,0.0,947.2803892,65.49779545,26.97,4.39,7.58,8.1,9.6,4.7,10.8,2.49372084116973,12.1280887544125,383,10.67,209,5.82,668,18.61
6085503001,06085503001,4123,10.9637680307397,15.3555219364599,2.0,0.04125212,8.393553002,0.105128163,0.0,957.6774796,47.58856275,38.51,5.14,10.47,4.1,7.7,1.1,11.8,2.87586465571091,16.9062027231467,529,12.83,75,1.82,505,12.25
6085504700,06085504700,588,21.9998101910926,42.1457387796268,5.0,0.03716809,8.374018299,0.47081,0.0,4297.588844,,13.37,6.06,5.93,2.0,19.2,,34.2,3.73456938983273,28.8703983862834,109,18.54,14,2.38,5,0.85
6085504806,06085504806,3052,22.2099072189598,42.5743822491175,5.0,0.03809217,8.320659511,0.234297899,0.0,3292.288148,80.16741265,32.86,3.75,8.83,17.0,20.3,4.6,18.2,3.88672742523245,31.2027231467474,890,29.16,14,0.46,1355,44.39
6085504803,06085504803,7021,22.7709592792859,43.9233484619264,5.0,0.03809217,8.323350274,0.807016561,0.0,3160.360783,15.08858011,36.83,7.01,9.73,7.6,10.6,2.3,13.1,4.18689679279386,35.9178013111447,1337,19.04,141,2.01,4160,59.25
6085504802,06085504802,5516,26.8087424161187,52.6475037821483,6.0,0.03809217,8.430645936,0.409801675,0.0,3022.731807,69.63196618,36.58,5.45,9.68,15.9,13.4,4.3,15.5,4.35367931170781,38.0862329803328,1511,27.39,126,2.28,2697,48.89
6085505001,06085505001,10204,22.987781693579,44.4906707009581,5.0,0.03809217,8.372198355,0.277113431,0.0,2116.898312,19.8651002,25.71,5.43,10.17,6.2,12.0,5.1,12.4,3.60891137720772,27.1053958648512,1530,14.99,691,6.77,5386,52.78
6085504805,06085504805,7286,23.2530148631716,45.0453857791225,5.0,0.03809217,8.358561701,0.329674467,0.0,2493.230665,30.04852691,38.37,6.71,10.08,9.1,16.6,3.4,12.4,4.39014048055956,38.6535552193646,1313,18.02,275,3.77,2388,32.78
6085505100,06085505100,4076,36.0285971552832,69.1754916792738,7.0,0.03892377,8.748670979,0.603393961,0.023049519,2831.5853,46.59287172,41.32,6.34,7.84,14.5,32.9,4.0,20.2,5.25422942050147,51.4372163388805,1378,33.81,257,6.31,1402,34.4
6085512312,06085512312,3624,14.7768497971145,24.9747856782653,3.0,0.0438112,7.062607659,0.516387303,2.633339669,1652.656532,33.36359133,38.04,2.82,14.42,5.8,16.0,4.1,14.1,3.32444584168694,22.8315683308119,1176,32.45,27,0.75,477,13.16
6085511301,06085511301,3888,7.50514189962284,7.66515380736258,1.0,0.03419029,8.170831243,0.185626007,0.0,510.0149433,41.643702,8.4,3.67,6.56,3.9,15.4,3.5,17.7,1.88403264192713,6.06404437720625,257,6.61,167,4.3,500,12.86
6085512042,06085512042,3020,17.3985575757088,31.2531517902168,4.0,0.04192559,8.221469391,0.239250271,0.0,827.8148315,41.42178303,65.99,4.18,13.69,24.8,23.4,3.3,26.5,5.79373913355771,59.2536560766515,1134,37.55,124,4.11,1298,42.98
6085503331,06085503331,3405,4.64563132716586,2.47100353000504,1.0,0.04192559,8.143188441,0.054410456,0.0,719.0110107,14.94686235,26.91,3.39,11.51,9.3,7.5,1.8,14.9,2.88016436450161,16.9944528492184,722,21.2,70,2.06,1212,35.59
6085512603,06085512603,4634,55.2796493658718,92.7130610186586,10.0,0.04259906,6.389798848,0.308042486,3473.646316,1411.086494,70.68685439,59.06,6.71,17.01,48.0,41.4,7.4,24.4,8.19718973538794,91.5405950579929,3977,85.82,10,0.22,171,3.69
6085502603,06085502603,2830,4.90595626223987,2.88703983862834,1.0,0.04050375,8.370782685,0.213800883,0.0,1003.306689,66.85004487,22.17,2.34,7.09,5.0,9.4,3.2,9.8,1.1355867595392,1.3363590519415,607,21.45,16,0.57,264,9.33
6085504418,06085504418,5115,23.3354949904341,45.2344931921331,5.0,0.03975537,8.430338315,0.236213471,0.510083547,1589.392456,66.66004187,29.3,4.75,11.57,15.8,19.3,5.0,20.8,4.87996826346847,45.8270297528996,1117,21.84,142,2.78,3215,62.85
6085504506,06085504506,7088,23.4330644018374,45.4488149268785,5.0,0.03975537,8.444213033,0.393161243,0.0,2454.166848,33.93183773,23.76,4.71,9.56,10.4,19.9,1.1,16.4,3.65494037696622,27.6979324256178,1026,14.48,213,3.01,4809,67.85
6085504421,06085504421,5437,20.210310998792,38.023197175996,4.0,0.03975537,8.378213453,0.353499193,0.0,1175.975147,20.51610754,29.3,6.44,11.57,8.9,7.0,3.6,12.8,4.1013512176319,34.8714069591528,340,6.25,266,4.89,3928,72.25
6085504413,06085504413,1981,22.1830940501352,42.4861321230459,5.0,0.03975537,8.325399743,0.186895079,0.0,775.0837799,7.553400703,29.3,7.26,11.57,12.7,15.5,6.0,17.8,5.60527398827419,56.1649016641452,105,5.3,12,0.61,1416,71.48
6085504414,06085504414,5221,19.7165284662405,36.7750882501261,4.0,0.03975537,8.376663902,0.290803089,0.0,1214.149103,13.1649851,29.3,8.24,11.57,9.5,11.8,3.1,8.3,4.47827618052253,39.8764498234997,207,3.96,15,0.29,4379,83.88
6085504507,06085504507,6459,26.6499568881957,52.3575390821987,6.0,0.03975537,8.372689994,0.321203276,0.0,2461.071085,51.09209191,29.3,5.23,11.57,11.1,15.7,5.4,15.3,4.59486970684795,41.6036308623298,1435,22.22,95,1.47,3962,61.34
6085503003,06085503003,5388,11.1052555881274,15.6707009581442,2.0,0.04125212,8.287800199,0.084398087,0.0,768.3433836,36.21171472,38.72,3.87,11.11,5.9,10.5,6.8,12.0,3.35163967273704,23.3610690872416,722,13.4,37,0.69,930,17.26
6085503115,06085503115,7372,17.7388623526872,32.1230458900656,4.0,0.04125212,8.459641466,0.253799209,0.0,1626.979898,14.4051801,32.62,5.05,8.33,9.0,22.6,0.7,8.7,3.34585809664647,23.2854261220373,1484,20.13,113,1.53,2731,37.04
6085503112,06085503112,4141,41.6182360201018,77.4962178517398,8.0,0.04050375,8.920972219,0.49836808,0.0,1071.243873,54.33283705,48.88,5.93,9.56,26.2,42.2,6.9,22.8,6.55010960170005,70.3353504790721,2227,53.78,313,7.56,948,22.89
6085503116,06085503116,6178,18.6301473071321,34.3166918809884,4.0,0.04125212,8.372985354,0.233595298,0.0,1394.278434,25.79925598,42.9,4.44,12.32,11.3,17.5,7.8,17.7,5.0392794545248,48.1845688350983,1714,27.74,137,2.22,2046,33.12
6085503402,06085503402,5286,33.6898754845721,65.2798789712557,7.0,0.04125212,8.871412189,0.465144028,0.0,4665.951002,66.135263,71.58,4.77,15.02,36.7,44.0,3.8,25.7,7.10748973215018,78.1265758951084,3449,65.25,22,0.42,1622,30.68
6085506603,06085506603,3923,10.7324103490723,14.750378214826,2.0,0.03975537,8.174025565,0.078218171,0.0,760.0926389,30.07591093,30.11,3.23,10.0,8.3,12.2,6.3,10.3,3.08789484757024,19.6419566313666,502,12.8,53,1.35,1100,28.04
6085502201,06085502201,7541,15.3880201439062,26.4372163388805,3.0,0.03975537,8.503960647,0.070853213,0.0,638.1091586,36.04045779,28.96,5.91,7.74,9.6,32.4,6.8,27.5,5.00622744593571,47.7937468482098,1948,25.83,489,6.48,1540,20.42
6085507805,06085507805,5465,12.4905453433916,19.2133131618759,2.0,0.03809217,8.106127601,0.456042659,0.0,1761.412526,41.18080822,8.14,5.04,5.29,4.8,14.8,1.3,9.9,2.38416116624695,10.993444276349,425,7.78,0,0.0,3329,60.91
6085507808,06085507808,5580,3.97450283057546,1.46243066061523,1.0,0.03892377,8.080219082,0.175749986,0.0,1203.734979,29.31711274,9.08,0.91,5.66,3.0,6.4,2.8,9.3,1.03527572101032,1.02118003025719,100,1.79,0,0.0,4211,75.46
6085509302,06085509302,3241,10.5229643587303,14.1830559757943,2.0,0.036244,8.278079784,0.476603007,0.0,946.1605834,57.12440446,16.73,4.04,7.44,6.4,7.8,3.1,4.9,1.88538491014356,6.089258698941,341,10.52,33,1.02,712,21.97
6085508102,06085508102,3408,12.0620038900417,18.1290973272819,2.0,0.03892377,8.26226867,0.447467552,0.0,1983.742118,56.44510111,20.08,4.06,8.36,1.8,9.2,1.5,9.0,1.98319537428593,6.90872415532022,153,4.49,0,0.0,2103,61.71
6085506604,06085506604,7753,6.48447941462881,5.72365103378719,1.0,0.03975537,8.066948524,0.088672506,0.0,1234.89916,39.74185476,23.27,4.02,6.52,3.2,10.3,1.4,8.9,1.66003264030886,4.37468482097832,847,10.92,4,0.05,2865,36.95
6085512604,06085512604,4886,41.571317248155,77.4079677256682,8.0,0.04320513,6.35758576,0.341655118,537.8869401,1747.125276,58.19355752,59.06,5.71,17.01,38.1,33.3,6.8,27.5,7.42644949994628,82.274331820474,4192,85.8,29,0.59,124,2.54
6085512310,06085512310,5050,37.9878618715496,72.1381744831064,8.0,0.0438112,6.90934692,0.35147443,15.53696348,1575.506161,29.8578229,39.03,5.58,14.13,10.0,26.4,7.0,22.7,5.80600230058712,59.505799293999,2052,40.63,127,2.51,848,16.79
6085512314,06085512314,6522,14.6054248780659,24.5713565305093,3.0,0.0438112,6.946524203,0.200614465,0.599865,491.0424575,50.4021637,38.04,4.47,14.42,11.6,16.5,2.1,16.6,4.24832066023701,36.6868381240545,2672,40.97,33,0.51,663,10.17
6085504601,06085504601,1016,25.5392583331688,49.9495713565305,5.0,0.03521715,8.318358693,0.421308907,0.0,3951.719057,18.17373922,19.87,,8.78,10.2,22.3,6.8,21.4,3.75214259537507,29.1981845688351,335,32.97,0,0.0,250,24.61
6085507205,06085507205,4853,10.9784069332612,15.4059505799294,2.0,0.04050375,7.742428267,0.158218294,0.0,1630.265604,23.59342452,12.81,6.28,5.4,1.2,7.0,7.3,12.0,2.75671952597298,15.393343419062,264,5.44,30,0.62,1014,20.89
6085512503,06085512503,9105,10.987046722926,15.4185577407968,2.0,0.04259906,6.343314455,0.030832154,16.46441026,368.4194165,8.806238183,59.06,5.46,17.01,6.4,4.5,6.0,11.9,4.84864984217989,45.3479576399395,2887,31.71,78,0.86,1157,12.71
6085512307,06085512307,6884,13.6828394830891,22.1633888048412,3.0,0.0438112,6.872261861,0.075369661,5.186309049,887.2137334,32.87448458,36.24,2.76,13.19,4.0,12.6,5.4,9.6,2.96701112916579,18.0156328794755,1548,22.49,78,1.13,905,13.14
6085512309,06085512309,5026,14.9760358286116,25.5168935955623,3.0,0.0438112,6.842119334,0.084743248,735.4346088,1717.804947,36.64120234,37.44,4.23,14.01,6.8,8.4,4.3,18.6,3.71545570282558,28.517397881997,1291,25.69,32,0.64,293,5.83
6085503208,06085503208,4631,32.4738601413332,63.262733232476,7.0,0.04125212,8.343257492,0.131238713,0.0,1850.270795,65.73814401,65.99,7.82,13.69,28.2,19.4,5.7,18.0,6.88445277110177,74.9117498739284,2880,62.19,197,4.25,1251,27.01
6085503213,06085503213,4925,26.9791286797641,52.9500756429652,6.0,0.04125212,8.522700308,0.118216985,0.0,1502.785017,48.84321756,46.33,3.97,9.95,30.1,32.2,5.7,28.4,5.74036335870811,58.2829046898638,1379,28.0,27,0.55,2994,60.79
6085502702,06085502702,8456,8.19054221829695,8.92586989409985,1.0,0.04050375,8.097403243,0.202673718,0.0,1387.573024,27.68487817,20.7,4.0,6.56,3.2,8.6,2.8,11.5,1.81063670108558,5.55975794251135,1137,13.45,212,2.51,2060,24.36
6085503217,06085503217,4834,28.9113266104815,56.7952597075139,6.0,0.04125212,8.464617057,0.175863058,0.0,1304.387077,68.92512258,65.99,4.77,13.69,25.2,38.5,3.3,24.5,6.51193342780056,69.8436712052446,3518,72.78,40,0.83,929,19.22
6085503214,06085503214,8468,40.0033474374055,74.9747856782652,8.0,0.04125212,8.599308631,0.173917815,0.0,1063.299546,52.41552989,65.99,6.37,13.69,37.6,45.2,6.3,28.3,7.96603620396062,88.9309127584468,3276,38.69,0,0.0,4829,57.03
6085502500,06085502500,6746,12.4382776876922,19.0746343923348,2.0,0.04125212,8.53471208,0.074705265,0.0,570.953281,57.11451802,38.51,5.05,10.47,5.6,6.8,5.4,9.8,3.25156047703149,21.8482097831568,1057,15.67,135,2.0,747,11.07
6085507203,06085507203,2971,3.71938878887316,1.13464447806354,1.0,0.04050375,7.900054579,0.171970041,0.0,1443.132779,40.90971607,15.56,1.39,6.37,1.6,10.8,3.7,9.1,0.770275433181753,0.390821986888553,518,17.44,16,0.54,564,18.98
6085506804,06085506804,3920,5.32388161801502,3.59304084720121,1.0,0.04125212,7.964019351,0.064573622,0.0,510.5857842,37.44133293,17.02,4.88,6.13,2.7,9.5,4.6,9.3,2.19449882808673,9.10237014624307,184,4.69,43,1.1,949,24.21
6085507806,06085507806,5971,11.9991118965232,17.9399899142713,2.0,0.03809217,8.079777015,0.262253495,0.0,1557.937819,31.46128609,10.91,5.03,7.09,2.2,12.3,2.4,16.6,2.67379510738652,14.309127584468,155,2.6,0,0.0,4826,80.82
6085508203,06085508203,5630,5.49973674066152,3.87039838628341,1.0,0.03809217,8.152884657,0.227904831,0.084029284,1247.896207,32.45453222,13.01,3.08,7.71,1.2,2.2,3.9,6.4,1.35776000547954,2.53403933434191,224,3.98,20,0.36,3336,59.25
6085508202,06085508202,7600,11.4077787651052,16.3893091275845,2.0,0.03809217,8.226540368,0.149282634,0.0,1727.824133,42.84463029,14.47,4.82,6.9,3.2,4.9,3.7,11.4,2.29476874673056,9.94704992435704,684,9.0,145,1.91,3798,49.98
6085508204,06085508204,4122,8.35377290117071,9.26626323751891,1.0,0.03809217,8.15704282,0.165112567,0.0,1159.829693,35.19769957,13.01,5.96,7.71,2.1,10.7,2.4,7.5,2.36021882306681,10.6404437720625,196,4.75,18,0.44,2154,52.26
6085508303,06085508303,2518,4.10409440151211,1.70196671709531,1.0,0.03809217,8.092489094,0.067800729,0.001463635,630.8747162,44.08641294,13.01,0.0,7.71,2.1,6.2,5.9,8.5,1.34697441205352,2.40796772566818,85,3.38,0,0.0,1039,41.26
6085506801,06085506801,5832,10.6706917972418,14.5990922844175,2.0,0.04125212,7.869403228,0.168999049,0.0,1470.75786,52.65758762,18.67,4.92,7.6,5.5,11.4,3.0,13.8,2.36943660133115,10.7539082198689,587,10.07,35,0.6,708,12.14
6085508304,06085508304,8452,9.54548136089653,11.8003025718608,2.0,0.03809217,8.077554629,0.091593783,0.09943407,1149.037056,31.55557054,11.12,3.69,6.64,2.2,25.0,6.3,14.9,2.73938280283614,15.1790216843167,990,11.71,346,4.09,4865,57.56
6085512313,06085512313,3843,17.528140814671,31.6565809379728,4.0,0.0438112,6.850124247,0.124824823,0.032012808,1029.916869,42.94485542,38.04,2.99,14.42,15.1,19.3,0.9,16.9,4.02777855168711,33.5980837115482,2027,52.75,137,3.56,413,10.74
6085512509,06085512509,5952,23.6774910706742,45.8018154311649,5.0,0.04192559,6.241075385,0.292458346,226.8686298,672.8885824,26.55675761,59.06,4.39,17.01,12.5,14.9,4.2,16.3,5.24293934783705,51.2481089258699,3192,53.63,267,4.49,733,12.32
6085512510,06085512510,7345,18.412391960487,33.6863338376198,4.0,0.04192559,6.170945937,0.06182695,1044.285613,887.7525735,27.69565258,59.06,2.69,17.01,10.1,21.5,6.8,13.5,4.7657638212966,44.3393847705497,3547,48.29,98,1.33,912,12.42
6085512311,06085512311,4211,21.6307556739819,41.338880484115,5.0,0.0438112,7.206238147,0.340778973,697.6194268,1699.232799,20.95248523,38.04,3.79,14.42,14.6,12.6,2.6,14.6,3.67756128254523,27.9752899647,1635,38.83,136,3.23,500,11.87
6085512036,06085512036,5187,17.2426133881702,30.9001512859304,4.0,0.04259906,8.077700867,0.241397696,0.0,2099.454238,18.1541733,51.89,5.92,11.68,4.9,8.2,2.9,11.5,4.34217705459291,37.9097327281896,1171,22.58,181,3.49,1645,31.71
6085503212,06085503212,4379,26.8734664528419,52.7609682299546,6.0,0.04125212,8.621614118,0.275515192,0.0,2984.868748,39.39459397,46.54,8.03,12.24,27.3,28.6,2.4,16.6,6.23212738491268,65.7715582450832,1157,26.42,252,5.75,2676,61.11
6085503111,06085503111,5132,26.6347102547693,52.2945032778618,6.0,0.04125212,8.921240743,0.379556694,0.0,4652.054001,44.51516082,71.58,5.04,15.02,32.2,28.7,5.1,17.1,6.65358195035699,71.6464952092789,2252,43.88,17,0.33,2686,52.33
6085503207,06085503207,4150,22.8953148785729,44.2007060010086,5.0,0.04125212,8.463748158,0.502305396,0.0,2748.647928,36.20048765,39.92,3.72,10.17,19.8,20.5,10.0,15.0,4.82878341580574,45.1714573877963,754,18.17,140,3.37,2928,70.55
6085503507,06085503507,2397,22.4513612398178,43.1921331316188,5.0,0.04125212,9.07822618,0.218419738,0.0,712.9790674,79.45533874,71.58,3.23,15.02,42.8,26.7,6.5,18.1,6.34156358292618,67.3348461926374,1642,68.5,0,0.0,713,29.75
6085507807,06085507807,3383,10.5078290896858,14.1452344931921,2.0,0.03809217,8.071686107,0.143725819,0.0,1374.93397,29.70394737,10.3,8.43,6.58,1.6,2.5,2.9,6.6,2.36297692156053,10.6656580937973,171,5.05,0,0.0,2608,77.09
6085507904,06085507904,3195,9.15805228506994,10.9808371154816,2.0,0.03975537,8.179545051,0.126647646,0.0,749.7329012,39.78541308,15.81,6.98,8.15,1.9,3.4,4.0,8.1,3.01149488603286,18.6333837619768,105,3.29,0,0.0,2097,65.63
6085507905,06085507905,6063,11.4704185179763,16.5279878971256,2.0,0.03892377,8.089009262,0.139226082,0.0,1021.512714,39.67151598,13.09,7.58,6.85,3.1,14.8,2.0,5.0,2.90752420107171,17.2213817448311,383,6.32,0,0.0,4321,71.27
6085507906,06085507906,4286,5.22198733459745,3.41654059505799,1.0,0.03892377,8.112506117,0.094247961,0.0,412.8401759,50.36502275,16.88,2.98,8.67,2.5,4.4,2.6,10.6,1.70062994519363,4.65204236006051,59,1.38,29,0.68,3194,74.52
6085511905,06085511905,3408,8.67019345781415,9.8714069591528,1.0,0.04259906,7.925101697,0.120690955,0.0,748.0302703,19.99493927,18.02,7.89,8.39,2.8,4.5,4.0,9.9,3.16123846561484,20.5874936964196,168,4.93,20,0.59,1498,43.96
6085511910,06085511910,3145,2.89934734687378,0.630358043368633,1.0,0.04192559,7.735202499,0.082234016,0.0,774.9170336,20.15435223,18.02,2.33,8.39,1.7,5.7,3.8,7.1,1.34598318168354,2.38275340393343,101,3.21,80,2.54,798,25.37
6085511912,06085511912,5678,5.8856236572151,4.4755421079173,1.0,0.04259906,7.736306402,0.079441576,0.09485775,178.6454483,17.29303622,18.02,7.14,8.39,2.1,6.5,4.0,8.2,2.82593579447752,16.1875945537065,422,7.43,121,2.13,2801,49.33
6085511913,06085511913,4320,4.7246012228831,2.55925365607665,1.0,0.04125212,7.899214194,0.03206716,0.040606217,494.7828974,23.01176252,17.74,5.2,8.13,3.1,4.2,1.4,5.9,1.68655510516419,4.52597075138679,525,12.15,26,0.6,1018,23.57
6085511914,06085511914,5722,5.64903022660991,4.00907715582451,1.0,0.04192559,7.93206679,0.093510273,0.0,782.6924286,18.33725417,17.94,4.83,8.31,1.6,5.9,5.1,9.4,2.06618488690088,7.74079677256682,467,8.16,277,4.84,1294,22.61
6085512001,06085512001,6868,11.7547740156171,17.2339889056984,2.0,0.04192559,7.836601991,0.087772043,9.144375852,1839.160534,15.5303804,37.34,4.29,10.12,5.9,6.2,2.6,5.8,2.51071682592492,12.3676248108926,1620,23.59,6,0.09,3266,47.55
6085510100,06085510100,2906,3.832361650878,1.26071608673727,1.0,0.03809217,7.938420711,0.183652953,0.0,1730.206602,36.90030364,8.54,2.44,6.51,0.4,4.0,4.0,9.7,0.934445121002108,0.806858295511851,103,3.54,0,0.0,910,31.31
6085508401,06085508401,7144,10.8435459981877,15.0907715582451,2.0,0.03809217,8.053095914,0.235074336,0.0,1328.944243,54.864737,13.01,5.18,7.71,2.5,9.4,5.1,9.9,2.25696602866221,9.5940494200706,448,6.27,33,0.46,2942,41.18
6085508403,06085508403,3131,4.26634429013477,2.01714573877963,1.0,0.03809217,8.029604005,0.056037663,0.104876078,727.5094997,35.42763158,13.01,3.01,7.71,3.4,5.6,3.5,5.4,1.25953524249794,1.96671709531014,152,4.85,12,0.38,1136,36.28
6085504602,06085504602,2355,34.6146518675547,66.9692385274836,7.0,0.03803052,8.368395378,0.077859822,0.0,2700.881064,49.22808531,38.01,9.15,11.26,25.1,17.3,4.4,12.1,5.15117888043123,49.7604639435199,1388,58.94,122,5.18,326,13.84
6085508301,06085508301,4667,6.15483456271564,4.99243570347958,1.0,0.03809217,8.02400443,0.196664541,0.0,1147.002042,50.20192842,12.22,4.29,7.26,3.4,5.3,3.8,7.4,1.65761126992718,4.32425617750882,193,4.14,51,1.09,2179,46.69
6085508404,06085508404,6947,9.16102501312479,10.993444276349,2.0,0.03809217,8.036146813,0.193266368,0.005200895,928.9775209,35.90225316,13.01,5.51,7.71,3.4,6.3,2.1,7.1,2.16231076067449,8.77458396369138,781,11.24,0,0.0,3025,43.54
6085512037,06085512037,3416,12.7388907925283,19.755421079173,2.0,0.04259906,8.138400661,0.140844409,0.0,1394.795179,25.7380225,51.89,5.74,11.68,6.9,10.0,4.9,6.3,4.31684701546837,37.4558749369642,871,25.5,44,1.29,682,19.96
6085512045,06085512045,5653,8.78771773604648,10.1865859808371,2.0,0.04259906,8.112129977,0.058235352,0.0,1175.423779,26.55090906,51.41,3.22,11.59,5.4,8.1,4.4,11.3,3.25122308372169,21.8356026222895,957,16.93,97,1.72,1273,22.52
6085512033,06085512033,9884,17.0187981859053,30.5093292990419,4.0,0.04259906,8.08158098,0.139600954,0.0,1322.307708,41.70481263,37.27,4.08,13.17,5.0,12.3,4.0,17.6,3.8697752781137,30.9631870902673,2680,27.11,391,3.96,2780,28.13
6085511608,06085511608,3302,,,,0.03419029,8.115385851,0.533347797,0.597024828,775.6022694,,4.93,,9.64,,21.9,7.4,,,,784,23.74,166,5.03,736,22.29
6085511609,06085511609,3407,6.7086894887401,6.15229450327786,1.0,0.03419029,8.146122661,0.462017839,0.04637346,868.8292885,26.65892691,9.7,3.76,6.07,0.9,13.3,1.0,13.6,1.31615022452967,2.25668179525971,208,6.11,53,1.56,744,21.84
6085503509,06085503509,4449,14.227879139779,23.5879979828543,3.0,0.04125212,8.461853417,0.049391573,2.600843585,310.5380604,56.98221134,37.64,4.56,9.8,31.5,24.7,6.6,19.2,5.09052395098903,48.8401412002017,2699,60.67,70,1.57,1360,30.57
6085503326,06085503326,7263,5.94497693988323,4.57639939485628,1.0,0.04192559,8.123079192,0.022631844,0.0,405.1115557,17.04760557,26.77,6.03,7.73,10.3,5.1,2.8,12.3,3.43749832816936,24.5461422087746,669,9.21,25,0.34,5814,80.05
6085503313,06085503313,4629,7.21420618904025,7.17347453353505,1.0,0.04125212,8.145119755,0.070057207,0.0,306.2225968,12.63874008,41.77,9.76,11.01,7.3,13.2,5.3,3.7,4.86242063153906,45.5874936964196,914,19.75,69,1.49,2819,60.9
6085512005,06085512005,6817,14.5468454826289,24.457892082703,3.0,0.04125212,8.346802977,0.229903176,0.0,1529.997808,33.26027769,40.86,4.7,11.73,6.1,9.6,2.0,12.5,3.35119399852665,23.3484619263742,1673,24.54,129,1.89,1182,17.34
6085502202,06085502202,2735,8.67342046217175,9.88401412002017,1.0,0.03975537,8.44659354,0.05783286,0.0,1013.913914,42.08748117,23.22,4.09,6.37,4.3,17.2,2.1,14.4,2.15970805612396,8.73676248108926,439,16.05,103,3.77,331,12.1
6085512052,06085512052,4473,15.2210278381123,26.084215834594,3.0,0.04125212,8.107015422,0.155005234,0.0,862.9983096,32.64445643,41.72,6.37,9.62,6.3,17.9,4.0,14.4,4.46409640043356,39.7125567322239,1293,28.91,43,0.96,679,15.18
6085503804,06085503804,5285,19.9219529186452,37.38023197176,4.0,0.03975537,8.639622161,0.30670306,0.0,2126.271038,34.46531198,34.31,7.43,9.93,13.4,22.3,4.3,16.9,5.4017692377103,53.5678265254665,1502,28.42,39,0.74,2787,52.73
6085508503,06085508503,6575,12.1523838595996,18.3308119011599,2.0,0.03809217,8.094557124,0.210914896,0.097534863,1124.26092,33.74957404,13.01,7.68,7.71,2.0,10.4,3.0,11.2,3.14536057210768,20.4236006051437,591,8.99,17,0.26,4058,61.72
6085508504,06085508504,8604,14.8051632280591,25.0756429652042,3.0,0.03809217,8.147095533,0.217156076,0.0,1073.523612,40.17104729,15.42,6.7,6.98,9.3,28.0,2.6,12.7,3.83360055595488,30.345436207766,1363,15.84,89,1.03,4940,57.42
6085508505,06085508505,4871,13.0405066234623,20.6127080181543,3.0,0.03809217,8.183515103,0.178677085,0.0,1373.214099,25.34414424,14.09,6.37,6.22,2.0,11.5,8.6,10.4,3.361913936186,23.613212304589,416,8.54,0,0.0,2366,48.57
6085508601,06085508601,3722,17.2570008691551,30.9379727685325,4.0,0.03809217,8.060364401,0.309177741,0.0,1073.976625,58.13600141,19.8,6.21,8.35,7.9,9.5,2.6,14.8,3.46721676881349,24.9873928391326,562,15.1,0,0.0,1580,42.45
6085508602,06085508602,5054,11.0349114452169,15.5572365103379,2.0,0.03809217,8.104246637,0.238320688,0.0,1169.266083,42.53488431,18.39,4.12,7.83,6.2,11.8,3.2,9.7,2.19919006140768,9.16540595057993,1084,21.45,47,0.93,1461,28.91
6085511302,06085511302,3998,10.9888774449583,15.4311649016641,2.0,0.03419029,8.119184631,0.263511398,0.0,670.2224277,36.25506073,8.4,3.81,6.56,3.2,18.9,5.3,12.7,2.52851882768751,12.61976802824,316,7.9,70,1.75,1057,26.44
6085511704,06085511704,4789,5.21652753595457,3.39132627332325,1.0,0.03716809,7.728685195,0.090526855,1.461787688,1136.292927,26.08299595,8.11,4.2,5.2,2.7,4.3,3.8,6.4,1.38126865589432,2.68532526475038,135,2.82,0,0.0,1699,35.48
6085511707,06085511707,2820,1.60699935415382,0.0882501260716087,1.0,0.03707046,7.216775925,0.014202975,3.167411719,795.737717,18.58283171,7.16,2.25,4.27,1.4,9.1,1.7,6.8,0.364475482719786,0.0252143217347453,131,4.65,56,1.99,665,23.58
6085512402,06085512402,5030,25.7017844040373,50.3403933434191,6.0,0.0438112,6.5847065,0.054482483,413.2598057,1139.293779,47.43636968,49.2,5.77,10.8,16.5,17.4,2.5,11.3,4.56077660518608,41.0993444276349,2173,43.2,42,0.83,438,8.71
6085512401,06085512401,4635,24.4189313219157,47.6802824004034,5.0,0.04320513,6.496720504,0.073526235,1182.487297,827.5425694,48.61073515,42.13,3.67,10.22,24.8,26.8,,16.4,4.60967021344889,41.8179525970751,2002,43.19,169,3.65,188,4.06
6085503323,06085503323,4763,11.85449172226,17.5365607665154,2.0,0.04125212,8.51163952,0.043966146,0.0,503.2112662,29.8086003,41.77,8.79,11.01,15.1,12.4,7.2,16.0,5.62379864305925,56.4296520423601,1724,36.2,251,5.27,2224,46.69
6085503325,06085503325,4722,12.2491715754017,18.6207766011094,2.0,0.04125212,8.527622897,0.040361664,0.0,936.3743799,22.4229474,33.52,6.62,9.0,17.2,11.7,3.1,11.4,4.33703693680298,37.8593040847201,839,17.77,232,4.91,3261,69.06
6085503324,06085503324,3625,12.1859619659625,18.4190620272315,2.0,0.04125212,8.437935272,0.044572022,0.0,608.8171347,19.22315277,41.77,7.17,11.01,15.0,15.5,5.0,14.6,5.39542452926414,53.4543620776601,636,17.54,102,2.81,2528,69.74
6085503401,06085503401,4468,36.3402561048038,69.6419566313666,7.0,0.04125212,8.989394654,0.296710607,0.0,3740.448542,88.84862946,71.58,7.26,15.02,35.6,25.1,7.1,25.9,7.95809683222295,88.8300554715078,3398,76.05,50,1.12,903,20.21
6085503703,06085503703,4073,28.2929531257224,55.446293494705,6.0,0.04050375,9.047428567,0.546765348,0.0,2369.086123,60.80541298,60.67,4.7,11.47,42.6,36.7,5.0,22.8,6.52284737263018,69.9949571356531,2649,65.04,170,4.17,1137,27.92
6085503510,06085503510,5826,25.373294867577,49.6091780131114,5.0,0.04125212,8.64388293,0.234403255,0.0,1565.524691,79.44684232,55.75,4.4,14.41,31.8,32.0,4.2,26.6,6.29295395096011,66.5027735753908,4117,70.67,60,1.03,1127,19.34
6085503305,06085503305,5810,24.1287238978424,47.0247100353,5.0,0.04125212,8.714887456,0.166900498,0.0,1409.706819,45.46694102,46.03,5.67,10.03,32.9,23.7,4.5,15.5,5.69223612776255,57.476046394352,2263,38.95,54,0.93,3145,54.13
6085512019,06085512019,4863,13.5579556515051,21.8608169440242,3.0,0.04125212,8.304711384,0.118450278,0.356358186,998.9724569,39.2599679,42.9,4.03,12.32,11.1,21.4,3.6,14.6,3.84570685391152,30.5597579425113,1479,30.41,314,6.46,1395,28.68
6085512021,06085512021,6491,12.8089081290987,19.9571356530509,2.0,0.04192559,8.221469391,0.183197954,1.698750312,852.5762605,36.77961795,35.98,4.76,9.94,12.9,13.6,2.5,11.4,3.58882654103622,26.8028240040343,2127,32.77,275,4.24,1748,26.93
6085501800,06085501800,4823,20.4638686952872,38.6157337367625,4.0,0.03975537,8.758676437,0.355067415,0.0,2751.553003,72.76035113,32.93,4.65,8.76,17.1,17.5,2.8,16.3,3.52206946869148,25.642965204236,2094,43.42,78,1.62,475,9.85
6085508703,06085508703,8274,17.2026336685609,30.7740796772567,4.0,0.03809217,8.226931715,0.328358969,0.0,1176.416015,16.86189151,20.32,5.4,8.55,8.3,7.3,6.1,11.8,3.38144452784396,23.8527483610691,1103,13.33,222,2.68,4616,55.79
6085508800,06085508800,3884,17.6238813272154,31.8961169944528,4.0,0.03809217,8.281128046,0.357071315,0.0,1585.462715,62.52287209,22.16,4.61,8.7,15.7,23.8,1.5,8.2,3.13719985687998,20.3101361573374,1086,27.96,49,1.26,1334,34.34
6085508900,06085508900,5184,29.4439035678999,57.7155824508321,6.0,0.03809217,8.363883126,0.373396777,0.0,2923.009737,72.12740084,25.13,5.42,9.83,18.4,20.1,4.4,19.3,4.79262280002451,44.6041351487645,1880,36.27,135,2.6,2110,40.71
6085509000,06085509000,7570,27.9188489565479,54.7907211296016,6.0,0.03809217,8.307741641,0.362765607,0.0,2228.421977,74.50843099,25.13,6.25,9.83,22.8,22.2,1.9,20.0,4.67609357257339,42.8895612708018,3230,42.67,30,0.4,2113,27.92
