geoid,name,total_population,median_household_income,poverty_rate_pct,households_no_vehicle_pct,total_food_businesses,fresh_food_businesses,limited_fresh_food_businesses,restaurant_businesses,fresh_food_share,fresh_food_per_1000_people,food_access_priority_score,limited_fresh_food_per_1000_people,restaurant_per_1000_people,fresh_food_access_raw,fresh_food_access_score,access_vulnerability_score,priority_area_flag,access_label
06085511608,Census Tract 5116.08; Santa Clara County; California,3316,42824,35.8,47.66,43,0,0,11,0.0,0.0,33.791,0.0,3.3172496984318456,0.030099009900990105,0.2,99.8,True,Highest access vulnerability
06085513000,Census Tract 5130; Santa Clara County; California,12324,53696,21.9,43.68,68,1,0,17,0.0147058823529411,0.08114248620577734,27.6078,0.0,1.379422265498215,0.08217041738441336,0.5,99.5,True,Highest access vulnerability
06085500902,Census Tract 5009.02; Santa Clara County; California,5377,42955,51.0,11.21,26,3,1,6,0.1153846153846153,0.5579319323042589,27.231966666666665,0.1859773107680863,1.1158638646085177,0.15182142478729338,1.0,99.0,True,Highest access vulnerability
06085500901,Census Tract 5009.01; Santa Clara County; California,4298,72112,35.8,22.86,104,5,1,32,0.048076923076923,1.1633317822242903,24.28292,0.23266635644485809,7.445323406235459,0.2532335046667745,27.5,72.5,False,Lower fresh-food access
06085511302,Census Tract 5113.02; Santa Clara County; California,3880,139167,18.2,34.41,114,1,1,21,0.0087719298245614,0.25773195876288657,21.0095,0.25773195876288657,5.412371134020619,0.1740288195045317,2.2,97.8,True,Highest access vulnerability
06085503122,Census Tract 5031.22; Santa Clara County; California,3345,46371,20.4,31.69,56,7,2,19,0.125,2.092675635276532,20.36707142857143,0.5979073243647235,5.680119581464873,0.37816856509071384,85.3,14.7,False,Strong fresh-food access
06085503221,Census Tract 5032.21; Santa Clara County; California,2433,49323,23.2,23.73,17,6,0,6,0.3529411764705882,2.466091245376079,18.8266,0.0,2.466091245376079,0.4411336170111055,93.4,6.6,False,Strong fresh-food access
06085501602,Census Tract 5016.02; Santa Clara County; California,2911,58466,26.0,18.8,12,3,0,3,0.25,1.0305736860185504,18.47406666666667,0.0,1.0305736860185504,0.25665909459247627,30.4,69.6,False,Lower fresh-food access
06085501000,Census Tract 5010; Santa Clara County; California,4928,58775,19.4,27.05,35,5,2,9,0.1428571428571428,1.0146103896103895,18.39462,0.40584415584415584,1.8262987012987013,0.2504135882828547,25.0,75.0,False,Lower fresh-food access
06085503712,Census Tract 5037.12; Santa Clara County; California,3770,50612,27.0,15.06,10,1,0,2,0.1,0.26525198938992045,18.175,0.0,0.5305039787798409,0.15547415666699602,1.5,98.5,True,Highest access vulnerability
06085503710,Census Tract 5037.10; Santa Clara County; California,3046,43125,19.5,22.41,18,1,2,3,0.0555555555555555,0.3282994090610637,17.227700000000002,0.6565988181221274,0.9848982271831911,0.15979675947253985,1.7,98.3,True,Highest access vulnerability
06085511915,Census Tract 5119.15; Santa Clara County; California,3754,81458,16.7,26.78,23,5,0,5,0.217391304347826,1.3319126265316996,17.038159999999998,0.0,1.3319126265316996,0.3100872492122039,69.1,30.9,False,Above-average fresh-food access
06085505203,Census Tract 5052.03; Santa Clara County; California,5725,139028,27.8,9.28,44,5,0,15,0.1136363636363636,0.8733624454148472,15.986999999999998,0.0,2.6200873362445414,0.29074342375372225,55.1,44.9,False,Moderate fresh-food access
06085503112,Census Tract 5031.12; Santa Clara County; California,3978,76156,21.7,15.91,22,4,1,4,0.1818181818181818,1.0055304172951232,15.5324,0.2513826043237808,1.0055304172951232,0.27639736079428323,42.6,57.4,False,Moderate fresh-food access
06085501101,Census Tract 5011.01; Santa Clara County; California,3929,105138,22.9,12.41,29,6,1,8,0.2068965517241379,1.5271061338763043,14.779466666666664,0.2545176889793841,2.0361415118350727,0.3657274157325965,83.3,16.7,False,Strong fresh-food access
06085503105,Census Tract 5031.05; Santa Clara County; California,2012,61838,19.9,15.85,95,7,1,15,0.0736842105263157,3.479125248508946,14.559985714285714,0.4970178926441352,7.455268389662028,0.6069263927567787,98.5,1.5,False,Strong fresh-food access
06085502204,Census Tract 5022.04; Santa Clara County; California,3394,68508,19.2,14.01,1,0,1,0,0.0,0.0,14.5435,0.2946375957572186,0.0,0.14597170637356874,0.7,99.3,True,Highest access vulnerability
06085503709,Census Tract 5037.09; Santa Clara County; California,5862,78089,18.4,14.1,11,1,1,4,0.0909090909090909,0.17059024223814398,14.3874,0.17059024223814398,0.6823609689525759,0.17500846371545592,2.5,97.5,True,Highest access vulnerability
06085501601,Census Tract 5016.01; Santa Clara County; California,3558,120770,20.6,9.66,5,1,1,0,0.2,0.2810567734682406,13.362600000000002,0.2810567734682406,0.0,0.2154739380876763,8.6,91.4,True,Highest access vulnerability
06085505600,Census Tract 5056; Santa Clara County; California,4808,140263,20.1,10.67,40,3,3,10,0.075,0.6239600665557404,13.100033333333336,0.6239600665557404,2.0798668885191347,0.27001994936299845,38.0,62.0,False,Lower fresh-food access
06085503713,Census Tract 5037.13; Santa Clara County; California,3082,68636,15.4,13.41,2,0,1,0,0.0,0.0,12.6235,0.3244646333549643,0.0,0.1548171590998302,1.2,98.8,True,Highest access vulnerability
06085503218,Census Tract 5032.18; Santa Clara County; California,4227,53036,11.8,19.67,19,3,1,3,0.1578947368421052,0.7097232079489,12.476300000000002,0.2365744026496333,0.7097232079489,0.23704077828410186,17.9,82.1,True,Highest access vulnerability
06085504808,Census Tract 5048.08; Santa Clara County; California,2111,117054,10.5,19.1,5,0,0,1,0.0,0.0,12.41,0.0,0.4737091425864519,0.17595175152435164,2.7,97.3,True,Highest access vulnerability
06085505100,Census Tract 5051; Santa Clara County; California,3993,115395,14.5,16.2,108,4,3,41,0.037037037037037,1.0017530678687703,12.39465,0.7513148009015778,10.267968945654896,0.30847649466399724,68.4,31.6,False,Above-average fresh-food access
06085508509,Census Tract 5085.09; Santa Clara County; California,4240,161270,9.2,22.5,19,3,0,6,0.1578947368421052,0.7075471698113207,12.297666666666666,0.0,1.4150943396226414,0.28820008336010194,52.0,48.0,False,Moderate fresh-food access
06085506305,Census Tract 5063.05; Santa Clara County; California,5235,96150,12.7,14.68,18,1,0,4,0.0555555555555555,0.19102196752626552,11.9,0.0,0.7640878701050621,0.19655305607911158,4.4,95.6,True,Highest access vulnerability
06085505202,Census Tract 5052.02; Santa Clara County; California,8273,164928,19.1,8.48,111,11,3,42,0.0990990990990991,1.3296264958298079,11.713418181818184,0.36262540795358394,5.076755711350176,0.3837125176720013,86.8,13.2,False,Strong fresh-food access
06085501300,Census Tract 5013; Santa Clara County; California,3932,145260,13.5,13.08,17,1,2,4,0.0588235294117647,0.254323499491353,11.4394,0.508646998982706,1.017293997965412,0.23057133847476904,14.7,85.3,True,Highest access vulnerability
06085508510,Census Tract 5085.10; Santa Clara County; California,3606,174167,14.2,13.93,36,5,2,7,0.1388888888888889,1.3865779256794233,11.40974,0.5546311702717692,1.9412090959511925,0.39412396573661224,88.5,11.5,False,Strong fresh-food access
06085503305,Census Tract 5033.05; Santa Clara County; California,5874,103000,13.6,14.44,105,18,2,20,0.1714285714285714,3.0643513789581207,11.239266666666666,0.34048348655090227,3.404834865509023,0.586264767204946,98.0,2.0,False,Strong fresh-food access
06085512022,Census Tract 5120.22; Santa Clara County; California,6275,94495,17.9,6.22,6,0,1,0,0.0,0.0,11.232,0.1593625498007968,0.0,0.17743428792871654,2.9,97.1,True,Highest access vulnerability
06085512511,Census Tract 5125.11; Santa Clara County; California,4774,124625,12.3,13.24,7,0,0,0,0.0,0.0,11.169,0.0,0.0,0.1883371841997848,3.4,96.6,True,Highest access vulnerability
06085505700,Census Tract 5057; Santa Clara County; California,5636,125740,18.4,5.11,18,0,1,6,0.0,0.0,11.0685,0.177430801987225,1.0645848119233499,0.19385449326931292,3.9,96.1,True,Highest access vulnerability
06085503123,Census Tract 5031.23; Santa Clara County; California,3872,65525,12.7,12.66,5,1,0,1,0.2,0.25826446280991733,10.9204,0.0,0.25826446280991733,0.19508205850033083,4.2,95.8,True,Highest access vulnerability
06085503402,Census Tract 5034.02; Santa Clara County; California,4279,79306,14.0,12.2,14,4,1,1,0.2857142857142857,0.9347978499649451,10.78395,0.23369946249123627,0.23369946249123627,0.29140603844188123,55.6,44.4,False,Moderate fresh-food access
06085503213,Census Tract 5032.13; Santa Clara County; California,4920,72174,15.9,7.49,11,0,3,3,0.0,0.0,10.7765,0.6097560975609756,0.6097560975609756,0.16795609627761404,2.0,98.0,True,Highest access vulnerability
06085510600,Census Tract 5106; Santa Clara County; California,6602,198068,18.8,2.78,22,1,0,7,0.0454545454545454,0.1514692517418964,10.7534,0.0,1.0602847621932747,0.25329940967499065,27.7,72.3,True,Lower fresh-food access
06085500200,Census Tract 5002; Santa Clara County; California,5439,115541,15.4,9.22,20,2,0,6,0.1,0.36771465342893916,10.7009,0.0,1.1031439602868174,0.23586255947265505,16.9,83.1,True,Highest access vulnerability
06085500800,Census Tract 5008; Santa Clara County; California,4834,151357,10.9,16.32,183,13,1,80,0.0710382513661202,2.689284236657013,10.691369230769231,0.2068680182043856,16.54944145635085,0.5604016714406072,97.3,2.7,False,Strong fresh-food access
06085502001,Census Tract 5020.01; Santa Clara County; California,4956,94794,13.4,12.34,34,4,1,10,0.1176470588235294,0.8071025020177562,10.5968,0.20177562550443906,2.017756255044391,0.28254684836489713,47.1,52.9,False,Moderate fresh-food access
06085503327,Census Tract 5033.27; Santa Clara County; California,4434,172381,7.6,17.37,20,1,1,5,0.05,0.2255299954894001,10.386300000000002,0.2255299954894001,1.1276499774470004,0.24245902318364615,19.9,80.1,True,Highest access vulnerability
06085502103,Census Tract 5021.03; Santa Clara County; California,4225,91591,17.6,3.86,8,0,0,3,0.0,0.0,10.271,0.0,0.7100591715976331,0.18157838884130922,3.2,96.8,True,Highest access vulnerability
06085511501,Census Tract 5115.01; Santa Clara County; California,4680,173470,10.3,15.5,54,6,0,14,0.1111111111111111,1.2820512820512822,10.216,0.0,2.9914529914529915,0.3841128862998272,87.0,13.0,False,Strong fresh-food access
06085507704,Census Tract 5077.04; Santa Clara County; California,3367,157014,5.9,18.54,2,0,0,0,0.0,0.0,10.143999999999998,0.0,0.0,0.20552350723658738,6.4,93.6,True,Highest access vulnerability
06085506503,Census Tract 5065.03; Santa Clara County; California,6623,111225,5.9,19.68,41,4,1,10,0.0975609756097561,0.603955911218481,9.87415,0.15098897780462026,1.5098897780462026,0.26251892406492455,35.3,64.7,False,Lower fresh-food access
06085504410,Census Tract 5044.10; Santa Clara County; California,3960,153523,10.9,11.5,20,1,2,1,0.05,0.25252525252525254,9.722,0.5050505050505051,0.25252525252525254,0.24278075091442758,20.1,79.9,True,Highest access vulnerability
06085508602,Census Tract 5086.02; Santa Clara County; California,6074,180959,7.9,17.15,81,9,0,20,0.1111111111111111,1.481725386894962,9.692477777777777,0.0,3.2927230819888047,0.4159591509771804,91.2,8.8,False,Strong fresh-food access
06085509500,Census Tract 5095; Santa Clara County; California,5617,178892,7.9,14.25,9,1,1,0,0.1111111111111111,0.17803097739006588,9.6659,0.17803097739006588,0.0,0.24514525225415107,21.3,78.7,True,Lower fresh-food access
06085505402,Census Tract 5054.02; Santa Clara County; California,3051,167457,10.5,12.76,15,2,0,4,0.1333333333333333,0.6555227794165848,9.496099999999998,0.0,1.3110455588331695,0.3020291950908879,65.9,34.1,False,Above-average fresh-food access
06085504510,Census Tract 5045.10; Santa Clara County; California,3900,159186,9.3,13.96,78,5,2,13,0.0641025641025641,1.2820512820512822,9.227000000000002,0.5128205128205128,3.3333333333333335,0.3824297177497611,86.0,14.0,False,Strong fresh-food access
06085504320,Census Tract 5043.20; Santa Clara County; California,2990,183571,13.8,5.74,0,0,0,0,,0.0,9.219,0.0,0.0,0.22955535378946537,14.5,85.5,True,Highest access vulnerability
06085503208,Census Tract 5032.08; Santa Clara County; California,3182,163558,17.0,1.41,3,0,1,1,0.0,0.0,9.1435,0.3142677561282212,0.3142677561282212,0.2226440508003994,11.3,88.7,True,Highest access vulnerability
06085502002,Census Tract 5020.02; Santa Clara County; California,4985,117969,12.8,8.2,8,2,0,0,0.25,0.4012036108324975,9.1285,0.0,0.0,0.24884167612688546,23.8,76.2,False,Lower fresh-food access
06085501402,Census Tract 5014.02; Santa Clara County; California,2703,94491,15.4,6.08,13,8,0,1,0.6153846153846154,2.959674435812061,9.125575,0.0,0.3699593044765076,0.5820106728911719,97.8,2.2,False,Strong fresh-food access
06085505013,Census Tract 5050.13; Santa Clara County; California,5637,215775,5.7,15.34,2,1,0,0,0.5,0.17739932588256166,9.0614,0.0,0.0,0.2649320810053416,36.8,63.2,False,Lower fresh-food access
06085504413,Census Tract 5044.13; Santa Clara County; California,1963,155982,7.2,15.92,12,2,0,4,0.1666666666666666,1.0188487009679064,9.008300000000002,0.0,2.0376974019358127,0.34541655834287754,79.4,20.6,False,Above-average fresh-food access
06085512054,Census Tract 5120.54; Santa Clara County; California,4457,105292,12.0,7.45,0,0,0,0,,0.0,9.0075,0.0,0.0,0.1917481615477591,3.7,96.3,True,Highest access vulnerability
06085505901,Census Tract 5059.01; Santa Clara County; California,4101,182763,4.9,18.77,24,4,1,4,0.1666666666666666,0.9753718605218239,8.97955,0.24384296513045597,0.9753718605218239,0.3510516717243379,81.1,18.9,False,Strong fresh-food access
06085503601,Census Tract 5036.01; Santa Clara County; California,3524,98021,13.9,7.35,23,5,1,6,0.217391304347826,1.4188422247446084,8.96846,0.28376844494892167,1.7026106696935301,0.37612333258016384,84.6,15.4,False,Strong fresh-food access
06085503121,Census Tract 5031.21; Santa Clara County; California,5073,92607,13.3,7.77,46,4,0,9,0.0869565217391304,0.7884880741178789,8.95815,0.0,1.7740981667652276,0.28876645104602994,52.9,47.1,False,Moderate fresh-food access
06085503708,Census Tract 5037.08; Santa Clara County; California,2530,103446,11.9,9.62,25,5,0,4,0.2,1.976284584980237,8.8232,0.0,1.5810276679841897,0.45315226908253375,94.1,5.9,False,Strong fresh-food access
06085501502,Census Tract 5015.02; Santa Clara County; California,4350,111089,11.7,9.47,7,4,1,0,0.5714285714285714,0.9195402298850575,8.796999999999999,0.22988505747126436,0.0,0.31497092197788495,70.1,29.9,False,Above-average fresh-food access
06085503126,Census Tract 5031.26; Santa Clara County; California,3964,178929,11.8,7.09,3,0,1,0,0.0,0.0,8.7915,0.2522704339051463,0.0,0.22844258962892783,14.0,86.0,True,Highest access vulnerability
06085512603,Census Tract 5126.03; Santa Clara County; California,4877,90139,14.8,5.74,66,8,3,24,0.1212121212121212,1.6403526758253024,8.790925,0.6151322534344884,4.921058027475907,0.40380207044722394,89.7,10.3,False,Strong fresh-food access
06085509600,Census Tract 5096; Santa Clara County; California,3724,188676,14.7,5.61,97,5,0,23,0.0515463917525773,1.3426423200859292,8.72746,0.0,6.176154672395274,0.4116660326417956,90.4,9.6,False,Strong fresh-food access
06085512043,Census Tract 5120.43; Santa Clara County; California,5266,81984,7.1,12.79,12,1,2,2,0.0833333333333333,0.189897455374098,8.7247,0.379794910748196,0.379794910748196,0.20461839819044228,5.6,94.4,True,Highest access vulnerability
06085503124,Census Tract 5031.24; Santa Clara County; California,6075,124229,15.6,1.85,18,0,1,6,0.0,0.0,8.6675,0.1646090534979424,0.9876543209876543,0.2055098371612314,6.1,93.9,True,Highest access vulnerability
06085506304,Census Tract 5063.04; Santa Clara County; California,5956,113893,11.8,6.73,11,0,1,2,0.0,0.0,8.665500000000002,0.16789791806581597,0.33579583613163194,0.19780642456013445,4.9,95.1,True,Highest access vulnerability
06085509902,Census Tract 5099.02; Santa Clara County; California,5161,222955,10.9,10.41,33,11,0,3,0.3333333333333333,2.1313698895562876,8.642336363636364,0.0,0.5812826971517148,0.5320842693407386,97.1,2.9,False,Strong fresh-food access
06085501401,Census Tract 5014.01; Santa Clara County; California,2902,80216,7.9,14.25,26,6,0,2,0.2307692307692307,2.067539627842867,8.639233333333333,0.0,0.6891798759476223,0.45245836780790694,93.9,6.1,False,Strong fresh-food access
06085500600,Census Tract 5006; Santa Clara County; California,5748,140045,9.0,11.44,27,2,1,9,0.074074074074074,0.34794711203897005,8.628799999999998,0.17397355601948503,1.5657620041753653,0.2530382648842331,27.2,72.8,False,Lower fresh-food access
06085508708,Census Tract 5087.08; Santa Clara County; California,6682,250001,7.3,14.66,60,7,1,16,0.1166666666666666,1.047590541753966,8.606914285714286,0.14965579167913798,2.3944926668662077,0.39712126052173957,89.2,10.8,False,Strong fresh-food access
06085503602,Census Tract 5036.02; Santa Clara County; California,4876,98611,7.9,13.62,18,4,0,4,0.2222222222222222,0.8203445447087777,8.5658,0.0,0.8203445447087777,0.2943813157566962,60.5,39.5,False,Above-average fresh-food access
06085501901,Census Tract 5019.01; Santa Clara County; California,3126,147727,9.2,12.27,16,5,0,6,0.3125,1.599488163787588,8.55954,0.0,1.9193857965451055,0.4234728399326866,92.2,7.8,False,Strong fresh-food access
06085502203,Census Tract 5022.03; Santa Clara County; California,3875,125750,12.7,5.77,10,1,0,4,0.1,0.25806451612903225,8.5095,0.0,1.032258064516129,0.23858099454730775,18.9,81.1,True,Highest access vulnerability
06085509303,Census Tract 5093.03; Santa Clara County; California,3565,175288,5.4,14.29,1,0,0,0,0.0,0.0,8.4315,0.0,0.0,0.22425141451826702,12.3,87.7,True,Highest access vulnerability
06085503711,Census Tract 5037.11; Santa Clara County; California,4023,109167,16.5,1.72,10,2,0,2,0.2,0.49714143673875216,8.4293,0.0,0.49714143673875216,0.26380712068731277,35.5,64.5,False,Lower fresh-food access
06085503117,Census Tract 5031.17; Santa Clara County; California,2602,79205,10.2,10.38,31,3,3,3,0.0967741935483871,1.1529592621060722,8.396466666666665,1.1529592621060722,1.1529592621060722,0.33213618476934426,76.2,23.8,False,Above-average fresh-food access
06085509401,Census Tract 5094.01; Santa Clara County; California,4746,149258,7.7,13.03,16,3,1,3,0.1875,0.6321112515802781,8.341899999999999,0.21070375052675938,0.6321112515802781,0.2950641601071462,61.0,39.0,False,Above-average fresh-food access
06085512057,Census Tract 5120.57; Santa Clara County; California,4385,176016,9.6,8.57,6,0,0,1,0.0,0.0,8.3195,0.0,0.22805017103762829,0.22828765174857785,13.2,86.8,True,Highest access vulnerability
06085503110,Census Tract 5031.10; Santa Clara County; California,3617,77353,14.2,4.43,12,2,1,2,0.1666666666666666,0.552944429084877,8.3022,0.2764722145424385,0.552944429084877,0.254848733255539,29.2,70.8,False,Lower fresh-food access
06085512019,Census Tract 5120.19; Santa Clara County; California,4380,122813,14.3,2.83,8,1,0,1,0.125,0.228310502283105,8.3015,0.0,0.228310502283105,0.23614918391513212,17.4,82.6,True,Highest access vulnerability
06085505401,Census Tract 5054.01; Santa Clara County; California,6607,162000,14.4,3.23,43,2,4,9,0.0465116279069767,0.3027092477675193,8.2712,0.6054184955350386,1.362191614953837,0.26406488102420916,36.0,64.0,False,Lower fresh-food access
06085512042,Census Tract 5120.42; Santa Clara County; California,2830,111875,9.6,8.37,8,0,1,2,0.0,0.0,8.2495,0.35335689045936397,0.7067137809187279,0.19774777315186154,4.7,95.3,True,Highest access vulnerability
06085501700,Census Tract 5017; Santa Clara County; California,4871,94736,13.1,5.34,42,3,0,13,0.0714285714285714,0.6158899609936358,8.088733333333332,0.0,2.6688564976390885,0.2720009291503481,40.4,59.6,False,Moderate fresh-food access
06085504414,Census Tract 5044.14; Santa Clara County; California,5141,165761,11.2,7.03,19,2,1,1,0.1052631578947368,0.3890293717175647,8.014600000000002,0.19451468585878234,0.19451468585878234,0.27589047026627295,42.4,57.6,False,Moderate fresh-food access
06085502101,Census Tract 5021.01; Santa Clara County; California,5361,144038,11.3,5.41,10,0,1,2,0.0,0.0,7.9785,0.18653236336504384,0.37306472673008767,0.21611650201836466,8.8,91.2,True,Highest access vulnerability
06085506505,Census Tract 5065.05; Santa Clara County; California,4187,115833,15.2,2.38,8,3,0,2,0.375,0.7165034631000716,7.952133333333333,0.0,0.47766897540004777,0.29781152908204356,63.7,36.3,False,Above-average fresh-food access
06085503306,Census Tract 5033.06; Santa Clara County; California,3852,119091,10.4,7.91,17,2,0,6,0.1176470588235294,0.5192107995846313,7.833700000000001,0.0,1.557632398753894,0.27066631393423374,39.2,60.8,False,Lower fresh-food access
06085502910,Census Tract 5029.10; Santa Clara County; California,3785,110091,11.7,6.9,43,8,1,9,0.1860465116279069,2.1136063408190227,7.774624999999999,0.26420079260237783,2.3778071334214004,0.4809909408601003,95.3,4.7,False,Strong fresh-food access
06085504002,Census Tract 5040.02; Santa Clara County; California,6376,92091,11.3,4.03,21,1,1,6,0.0476190476190476,0.15683814303638646,7.770700000000001,0.15683814303638646,0.9410288582183187,0.21509966910236836,8.3,91.7,True,Highest access vulnerability
06085504318,Census Tract 5043.18; Santa Clara County; California,7989,106535,14.6,2.11,55,4,1,15,0.0727272727272727,0.5006884466140944,7.70795,0.1251721116535236,1.877581674802854,0.26595936967632655,37.3,62.7,False,Lower fresh-food access
06085504319,Census Tract 5043.19; Santa Clara County; California,5980,227279,10.3,6.67,28,2,1,7,0.0714285714285714,0.33444816053511706,7.5675,0.16722408026755853,1.1705685618729098,0.30075707949176966,65.4,34.6,False,Above-average fresh-food access
06085503401,Census Tract 5034.01; Santa Clara County; California,4073,111576,13.9,3.1,15,4,0,3,0.2666666666666666,0.9820770930518046,7.543649999999999,0.0,0.7365578197888534,0.33265284296535014,76.5,23.5,False,Above-average fresh-food access
06085509202,Census Tract 5092.02; Santa Clara County; California,4222,228462,10.4,7.33,18,3,0,5,0.1666666666666666,0.7105637138796779,7.526966666666667,0.0,1.1842728564661298,0.35049265099078586,80.4,19.6,False,Strong fresh-food access
06085504001,Census Tract 5040.01; Santa Clara County; California,4873,87364,11.2,6.16,22,3,0,7,0.1363636363636363,0.615637184485943,7.520866666666667,0.0,1.4364867638005336,0.27045036912110604,39.0,61.0,False,Lower fresh-food access
06085503113,Census Tract 5031.13; Santa Clara County; California,4028,95625,4.6,13.07,13,1,0,5,0.0769230769230769,0.24826216484607747,7.450099999999999,0.0,1.2413108242303872,0.22344048199384312,11.8,88.2,True,Highest access vulnerability
06085512310,Census Tract 5123.10; Santa Clara County; California,5234,100506,8.3,10.09,36,6,1,13,0.1666666666666666,1.146350783339702,7.440966666666667,0.19105846388995032,2.4837600305693543,0.34589693541623073,79.7,20.3,False,Above-average fresh-food access
06085504322,Census Tract 5043.22; Santa Clara County; California,5285,167583,14.2,2.22,31,4,0,8,0.1290322580645161,0.7568590350047304,7.431249999999999,0.0,1.5137180700094608,0.33055105538088614,75.7,24.3,False,Above-average fresh-food access
06085510803,Census Tract 5108.03; Santa Clara County; California,3406,250001,7.0,10.21,8,1,0,4,0.125,0.29359953024075164,7.4047,0.0,1.1743981209630066,0.30532005290488295,67.6,32.4,True,Above-average fresh-food access
06085503116,Census Tract 5031.16; Santa Clara County; California,6396,109509,7.9,7.24,12,1,0,2,0.0833333333333333,0.15634771732332708,7.368200000000001,0.0,0.31269543464665417,0.22343826785856505,11.5,88.5,True,Highest access vulnerability
06085503511,Census Tract 5035.11; Santa Clara County; California,3560,125972,9.5,5.97,2,0,0,0,0.0,0.0,7.3645,0.0,0.0,0.20978578901333333,7.1,92.9,True,Highest access vulnerability
06085512024,Census Tract 5120.24; Santa Clara County; California,5288,136168,8.8,8.66,41,3,2,9,0.073170731707317,0.56732223903177,7.343533333333333,0.37821482602118,1.70196671709531,0.28699513040892116,50.7,49.3,False,Moderate fresh-food access
06085508707,Census Tract 5087.07; Santa Clara County; California,3907,173165,7.0,9.09,5,0,1,0,0.0,0.0,7.3315,0.2559508574353724,0.0,0.23096898690773676,15.0,85.0,True,Highest access vulnerability
06085503903,Census Tract 5039.03; Santa Clara County; California,2911,131806,9.0,6.49,13,0,0,2,0.0,0.0,7.3215,0.0,0.6870491240123668,0.21250077598320538,7.8,92.2,True,Highest access vulnerability
06085508005,Census Tract 5080.05; Santa Clara County; California,3835,206389,5.4,11.74,32,1,0,9,0.03125,0.2607561929595828,7.306,0.0,2.346805736636245,0.2797961440135562,45.8,54.2,False,Moderate fresh-food access
06085504802,Census Tract 5048.02; Santa Clara County; California,4506,116525,8.3,7.26,16,0,3,7,0.0,0.0,7.276,0.6657789613848203,1.5534842432312472,0.2048954852778025,5.9,94.1,True,Highest access vulnerability
06085505010,Census Tract 5050.10; Santa Clara County; California,4756,202663,9.9,7.84,213,20,1,83,0.0938967136150234,4.205214465937763,7.24656,0.21026072329688814,17.451640033641716,0.8094757858736384,99.8,0.2,False,Strong fresh-food access
06085508508,Census Tract 5085.08; Santa Clara County; California,5873,133065,10.3,4.1,11,1,1,3,0.0909090909090909,0.17027073046143368,7.2446,0.17027073046143368,0.510812191384301,0.23852267717272255,18.6,81.4,True,Highest access vulnerability
06085508503,Census Tract 5085.03; Santa Clara County; California,6020,167763,8.0,9.91,42,7,1,7,0.1666666666666666,1.1627906976744187,7.2405,0.16611295681063123,1.1627906976744187,0.3815503711269642,85.8,14.2,False,Strong fresh-food access
06085512039,Census Tract 5120.39; Santa Clara County; California,5717,134158,11.9,3.62,15,2,0,2,0.1333333333333333,0.34983382893125764,7.1937,0.0,0.34983382893125764,0.261116613481575,34.6,65.4,False,Lower fresh-food access
06085511707,Census Tract 5117.07; Santa Clara County; California,3047,203068,5.9,10.09,7,0,0,1,0.0,0.0,7.1865000000000006,0.0,0.32819166393173616,0.24548256116464184,21.6,78.4,False,Lower fresh-food access
06085504507,Census Tract 5045.07; Santa Clara County; California,6052,163724,6.4,11.0,39,3,1,9,0.0769230769230769,0.495703899537343,7.133466666666667,0.16523463317911435,1.4871116986120292,0.29047542783764013,54.4,45.6,False,Moderate fresh-food access
06085504422,Census Tract 5044.22; Santa Clara County; California,3440,141111,9.7,5.9,30,1,0,3,0.0333333333333333,0.29069767441860467,7.117999999999999,0.0,0.872093023255814,0.2560662851365048,29.4,70.6,True,Lower fresh-food access
06085507905,Census Tract 5079.05; Santa Clara County; California,6596,141429,3.8,14.17,25,3,1,6,0.12,0.45482110369921164,7.109233333333332,0.15160703456640387,0.9096422073984233,0.27269522187709916,40.9,59.1,False,Moderate fresh-food access
06085513500,Census Tract 5135; Santa Clara County; California,1009,102750,15.3,0.0,9,1,1,2,0.1111111111111111,0.9910802775024777,7.0868,0.9910802775024777,1.9821605550049555,0.333339601210273,76.7,23.3,True,Above-average fresh-food access
06085503337,Census Tract 5033.37; Santa Clara County; California,4409,159904,7.6,7.92,6,1,0,0,0.1666666666666666,0.22680880018144703,7.0738,0.0,0.0,0.25643712721658163,29.9,70.1,True,Lower fresh-food access
06085503325,Census Tract 5033.25; Santa Clara County; California,4478,145991,14.8,0.8,24,7,3,4,0.2916666666666667,1.5631978561857973,7.0679428571428575,0.6699419383653417,0.8932559178204555,0.43071563339666397,92.9,7.1,False,Strong fresh-food access
06085504411,Census Tract 5044.11; Santa Clara County; California,5553,166354,11.9,2.01,4,0,0,0,0.0,0.0,7.0585,0.0,0.0,0.23283371402726874,15.9,84.1,True,Highest access vulnerability
06085501200,Census Tract 5012; Santa Clara County; California,4163,108913,13.5,1.98,4,3,0,1,0.75,0.720634158059092,7.045533333333333,0.0,0.24021138601969733,0.29923433884567724,64.7,35.3,False,Above-average fresh-food access
06085512512,Census Tract 5125.12; Santa Clara County; California,3406,101793,12.0,1.73,3,0,0,0,0.0,0.0,7.0055000000000005,0.0,0.0,0.20206094606673497,5.1,94.9,True,Highest access vulnerability
06085504806,Census Tract 5048.06; Santa Clara County; California,2753,158750,3.5,14.65,9,2,0,1,0.2222222222222222,0.726480203414457,6.977799999999999,0.0,0.3632401017072285,0.3172962354778062,71.6,28.4,False,Above-average fresh-food access
06085501501,Census Tract 5015.01; Santa Clara County; California,4403,81859,8.9,5.9,4,1,0,1,0.25,0.2271178741766977,6.9506000000000006,0.0,0.2271178741766977,0.22047223923108358,10.0,90.0,True,Highest access vulnerability
06085504412,Census Tract 5044.12; Santa Clara County; California,4928,149659,7.7,7.1,12,0,0,5,0.0,0.0,6.95,0.0,1.0146103896103895,0.22241240341380986,10.8,89.2,True,Highest access vulnerability
06085509403,Census Tract 5094.03; Santa Clara County; California,4115,177847,8.7,6.29,17,1,2,3,0.0588235294117647,0.24301336573511542,6.9395,0.48602673147023084,0.7290400972053463,0.2685260795586468,37.5,62.5,True,Lower fresh-food access
06085503315,Census Tract 5033.15; Santa Clara County; California,7822,152083,6.9,6.44,21,1,2,6,0.0476190476190476,0.12784454103809767,6.9234,0.25568908207619534,0.767067246228586,0.24380080963938222,20.6,79.4,True,Lower fresh-food access
06085503508,Census Tract 5035.08; Santa Clara County; California,5979,125469,10.3,3.12,6,1,1,1,0.1666666666666666,0.16725204883759826,6.9228000000000005,0.16725204883759826,0.16725204883759826,0.2365051830414891,17.6,82.4,True,Highest access vulnerability
06085506402,Census Tract 5064.02; Santa Clara County; California,5257,121413,8.6,7.2,13,2,0,3,0.1538461538461538,0.38044512079132586,6.9157,0.0,0.5706676811869887,0.25811821078213704,31.4,68.6,False,Lower fresh-food access
06085503125,Census Tract 5031.25; Santa Clara County; California,4082,160833,9.5,4.66,1,0,0,0,0.0,0.0,6.906000000000001,0.0,0.0,0.2293610999618996,14.2,85.8,True,Highest access vulnerability
06085503313,Census Tract 5033.13; Santa Clara County; California,4449,250001,12.1,1.18,1,0,0,0,0.0,0.0,6.8580000000000005,0.0,0.0,0.2745538322191431,42.2,57.8,True,Moderate fresh-food access
06085509111,Census Tract 5091.11; Santa Clara County; California,4643,135398,7.6,6.89,5,0,1,2,0.0,0.0,6.8315,0.21537798836958863,0.43075597673917726,0.216167558180417,9.1,90.9,True,Highest access vulnerability
06085504506,Census Tract 5045.06; Santa Clara County; California,7188,164879,6.3,9.26,31,2,1,12,0.064516129032258,0.27824151363383415,6.7948,0.13912075681691707,1.669449081803005,0.26554068979821965,37.0,63.0,False,Lower fresh-food access
06085512056,Census Tract 5120.56; Santa Clara County; California,3807,123674,8.3,5.84,1,0,0,0,0.0,0.0,6.779,0.0,0.0,0.21132559557466735,7.6,92.4,True,Highest access vulnerability
06085510900,Census Tract 5109; Santa Clara County; California,4431,183536,2.1,13.69,8,0,0,1,0.0,0.0,6.7365,0.0,0.22568269013766645,0.2360261222169711,17.2,82.8,True,Highest access vulnerability
06085512021,Census Tract 5120.21; Santa Clara County; California,5782,148548,8.5,5.39,3,0,0,2,0.0,0.0,6.7115,0.0,0.3459010722933241,0.22387990295385773,12.0,88.0,True,Highest access vulnerability
06085506301,Census Tract 5063.01; Santa Clara County; California,4994,138411,9.6,5.31,34,2,3,8,0.0588235294117647,0.4004805766920304,6.677899999999999,0.6007208650380457,1.6019223067681216,0.2710114649362686,39.7,60.3,False,Lower fresh-food access
06085511609,Census Tract 5116.09; Santa Clara County; California,3441,148365,6.0,10.88,87,5,0,29,0.057471264367816,1.4530659691950014,6.64564,0.0,8.427782621331009,0.4132779000491554,90.9,9.1,False,Strong fresh-food access
06085512027,Census Tract 5120.27; Santa Clara County; California,3908,106406,7.2,9.11,64,5,2,14,0.078125,1.2794268167860798,6.58482,0.5117707267144319,3.5823950870010237,0.37093447515655775,83.8,16.2,False,Strong fresh-food access
06085503304,Census Tract 5033.04; Santa Clara County; California,6566,101039,9.4,5.47,65,3,4,12,0.0461538461538461,0.45689917758148035,6.582233333333334,0.6091989034419738,1.8275967103259214,0.260645391076928,33.8,66.2,False,Lower fresh-food access
06085512313,Census Tract 5123.13; Santa Clara County; California,4008,107198,11.0,3.86,32,3,1,14,0.09375,0.7485029940119761,6.5682,0.249500998003992,3.493013972055888,0.30317263435759484,66.7,33.3,False,Above-average fresh-food access
06085512032,Census Tract 5120.32; Santa Clara County; California,3754,173750,12.3,2.2,19,3,1,3,0.1578947368421052,0.7991475759190197,6.555266666666666,0.2663825253063399,0.7991475759190197,0.34303785868692827,79.2,20.8,False,Above-average fresh-food access
06085512401,Census Tract 5124.01; Santa Clara County; California,3961,197540,12.3,1.76,10,2,0,2,0.2,0.5049229992426155,6.5471,0.0,0.5049229992426155,0.3157457486034353,70.8,29.2,False,Above-average fresh-food access
06085509107,Census Tract 5091.07; Santa Clara County; California,5107,143611,4.6,9.86,6,0,0,1,0.0,0.0,6.520999999999999,0.0,0.1958096729978461,0.21984075458599844,9.6,90.4,True,Highest access vulnerability
06085503802,Census Tract 5038.02; Santa Clara County; California,7647,114023,8.9,5.7,9,3,1,0,0.3333333333333333,0.39231071008238527,6.5098,0.1307702366941284,0.0,0.25870541107184863,32.4,67.6,False,Lower fresh-food access
06085507002,Census Tract 5070.02; Santa Clara County; California,3325,250001,12.2,0.0,1,0,0,0,0.0,0.0,6.49,0.0,0.0,0.27683168316831686,43.4,56.6,True,Moderate fresh-food access
06085503222,Census Tract 5032.22; Santa Clara County; California,5434,122526,4.5,11.63,20,3,1,4,0.15,0.5520794994479205,6.457766666666666,0.1840264998159735,0.736105999263894,0.28063700670483527,46.1,53.9,False,Moderate fresh-food access
06085504805,Census Tract 5048.05; Santa Clara County; California,7409,149207,8.7,2.96,9,1,1,2,0.1111111111111111,0.13497098123903362,6.432799999999999,0.13497098123903362,0.26994196247806723,0.2471115236862788,22.8,77.2,True,Lower fresh-food access
06085502202,Census Tract 5022.02; Santa Clara County; California,3150,113958,9.8,4.81,24,2,0,5,0.0833333333333333,0.6349206349206349,6.4085,0.0,1.5873015873015872,0.29149339686493114,56.1,43.9,False,Moderate fresh-food access
06085511704,Census Tract 5117.04; Santa Clara County; California,4480,250001,10.8,1.49,5,0,0,2,0.0,0.0,6.3815,0.0,0.44642857142857145,0.27647764902381977,43.1,56.9,True,Moderate fresh-food access
06085508507,Census Tract 5085.07; Santa Clara County; California,3388,174267,10.6,3.63,13,2,1,3,0.1538461538461538,0.5903187721369539,6.3793,0.29515938606847697,0.885478158205431,0.31547709440617017,70.3,29.7,False,Above-average fresh-food access
06085504308,Census Tract 5043.08; Santa Clara County; California,4898,212941,8.0,5.0,7,0,1,0,0.0,0.0,6.35,0.2041649652919559,0.0,0.256769451059642,30.6,69.4,True,Lower fresh-food access
06085502703,Census Tract 5027.03; Santa Clara County; California,4296,145541,10.8,1.6,14,1,1,2,0.0714285714285714,0.23277467411545624,6.2792,0.23277467411545624,0.4655493482309125,0.25723331561573154,31.1,68.9,True,Lower fresh-food access
06085506605,Census Tract 5066.05; Santa Clara County; California,4275,139265,8.0,5.13,13,1,2,5,0.0769230769230769,0.23391812865497075,6.250500000000001,0.4678362573099415,1.1695906432748537,0.2524962265847127,26.7,73.3,True,Lower fresh-food access
06085505014,Census Tract 5050.14; Santa Clara County; California,6478,159833,7.8,4.94,7,0,0,5,0.0,0.0,6.239,0.0,0.7718431614695894,0.23165726277918686,15.2,84.8,True,Highest access vulnerability
06085502601,Census Tract 5026.01; Santa Clara County; California,3329,193125,3.4,12.81,15,3,0,5,0.2,0.9011715229798738,6.235433333333334,0.0,1.5019525382997898,0.3615172541391176,82.8,17.2,False,Strong fresh-food access
06085503707,Census Tract 5037.07; Santa Clara County; California,4665,109000,6.4,6.85,9,1,0,6,0.1111111111111111,0.21436227224008575,6.2105,0.0,1.2861736334405145,0.23480879133313431,16.7,83.3,True,Highest access vulnerability
06085508505,Census Tract 5085.05; Santa Clara County; California,4833,205625,8.0,4.55,10,0,1,3,0.0,0.0,6.1925,0.2069108214359611,0.6207324643078833,0.25418235904135933,28.2,71.8,True,Lower fresh-food access
06085512038,Census Tract 5120.38; Santa Clara County; California,3217,101308,8.4,4.03,1,0,0,0,0.0,0.0,6.1905,0.0,0.0,0.20412970982381912,5.4,94.6,True,Highest access vulnerability
06085505302,Census Tract 5053.02; Santa Clara County; California,4958,213365,6.3,6.55,18,1,0,3,0.0555555555555555,0.20169423154497781,6.1191,0.0,0.6050826946349335,0.2843018347014129,48.5,51.5,True,Moderate fresh-food access
06085512514,Census Tract 5125.14; Santa Clara County; California,2899,111250,7.5,4.98,2,0,1,1,0.0,0.0,6.118,0.3449465332873405,0.3449465332873405,0.2087173975004683,6.9,93.1,True,Highest access vulnerability
06085509106,Census Tract 5091.06; Santa Clara County; California,4123,159951,6.2,8.31,33,2,1,7,0.0606060606060606,0.4850836769342712,6.1108,0.2425418384671356,1.697792869269949,0.2932615318408749,58.8,41.2,False,Moderate fresh-food access
06085503336,Census Tract 5033.36; Santa Clara County; California,2861,190000,7.0,5.56,5,0,0,2,0.0,0.0,6.096,0.0,0.6990562740300594,0.24650151921217736,22.3,77.7,True,Lower fresh-food access
06085502104,Census Tract 5021.04; Santa Clara County; California,2459,102105,9.6,2.2,13,0,1,3,0.0,0.0,6.09,0.406669377795852,1.2200081333875559,0.2059778652722037,6.6,93.4,True,Highest access vulnerability
06085505011,Census Tract 5050.11; Santa Clara County; California,4828,156446,2.9,10.79,3,0,0,0,0.0,0.0,6.081499999999999,0.0,0.0,0.2274509551155011,12.7,87.3,True,Highest access vulnerability
06085510500,Census Tract 5105; Santa Clara County; California,4911,250001,5.2,7.77,19,0,0,7,0.0,0.0,6.0595,0.0,1.425371614742415,0.2743900898692471,41.9,58.1,False,Moderate fresh-food access
06085506401,Census Tract 5064.01; Santa Clara County; California,4758,172134,6.8,7.57,57,3,0,15,0.0526315789473684,0.6305170239596469,6.0267,0.0,3.1525851197982346,0.3191291510954444,72.8,27.2,False,Above-average fresh-food access
06085506103,Census Tract 5061.03; Santa Clara County; California,5187,231563,6.2,7.62,19,2,0,2,0.1052631578947368,0.385579332947754,5.9757,0.0,0.385579332947754,0.3158492761375282,71.1,28.9,False,Above-average fresh-food access
06085503002,Census Tract 5030.02; Santa Clara County; California,3635,139863,4.4,10.28,18,2,1,4,0.1111111111111111,0.5502063273727648,5.9415,0.2751031636863824,1.1004126547455295,0.2917830596550925,56.9,43.1,False,Moderate fresh-food access
06085503207,Census Tract 5032.07; Santa Clara County; California,3446,145278,9.4,2.03,0,0,0,0,,0.0,5.9405,0.0,0.0,0.22756930125787098,13.0,87.0,True,Highest access vulnerability
06085504323,Census Tract 5043.23; Santa Clara County; California,5814,161552,6.8,6.97,11,3,1,2,0.2727272727272727,0.5159958720330238,5.887099999999999,0.1719986240110079,0.3439972480220158,0.29982859217018476,65.2,34.8,False,Above-average fresh-food access
06085503212,Census Tract 5032.12; Santa Clara County; California,4226,128750,6.3,6.21,16,1,0,6,0.0625,0.23663038334122102,5.8537,0.0,1.419782300047326,0.2488870926504367,24.0,76.0,True,Lower fresh-food access
06085509302,Census Tract 5093.02; Santa Clara County; California,3508,169896,5.2,9.33,13,3,0,4,0.2307692307692307,0.855188141391106,5.839366666666667,0.0,1.1402508551881414,0.3478381585349005,79.9,20.1,False,Above-average fresh-food access
06085504601,Census Tract 5046.01; Santa Clara County; California,1212,74250,10.1,3.51,101,4,1,48,0.0396039603960396,3.3003300330033003,5.8341,0.8250825082508251,39.603960396039604,0.6340911345241327,99.3,0.7,False,Strong fresh-food access
06085500500,Census Tract 5005; Santa Clara County; California,5185,166514,3.5,11.53,24,5,1,6,0.2083333333333333,0.9643201542912246,5.8179,0.19286403085824494,1.1571841851494695,0.3596806812078691,82.4,17.6,False,Strong fresh-food access
06085503804,Census Tract 5038.04; Santa Clara County; California,6231,141289,6.3,8.18,45,11,1,8,0.2444444444444444,1.7653667148130316,5.811290909090909,0.16048788316482104,1.2839030653185683,0.45707070969389957,94.4,5.6,False,Strong fresh-food access
06085503329,Census Tract 5033.29; Santa Clara County; California,3294,217369,7.4,4.11,4,0,0,2,0.0,0.0,5.7685,0.0,0.607164541590771,0.261962266798586,34.8,65.2,True,Lower fresh-food access
06085503331,Census Tract 5033.31; Santa Clara County; California,3481,126324,5.7,6.29,4,0,0,1,0.0,0.0,5.7665,0.0,0.2872737719046251,0.2168090219417732,9.3,90.7,True,Highest access vulnerability
06085504424,Census Tract 5044.24; Santa Clara County; California,4974,153333,5.0,7.2,8,1,0,3,0.125,0.2010454362685967,5.764799999999999,0.0,0.6031363088057901,0.256448536873925,30.1,69.9,False,Lower fresh-food access
06085512036,Census Tract 5120.36; Santa Clara County; California,4768,138841,5.3,6.79,0,0,0,0,,0.0,5.7615,0.0,0.0,0.2225936971911452,11.0,89.0,True,Highest access vulnerability
06085512052,Census Tract 5120.52; Santa Clara County; California,4491,132699,5.5,8.94,32,6,0,9,0.1875,1.3360053440213762,5.753699999999999,0.0,2.004008016032064,0.39498244339486954,89.0,11.0,False,Strong fresh-food access
06085508003,Census Tract 5080.03; Santa Clara County; California,2236,198500,9.1,1.85,7,0,0,1,0.0,0.0,5.7425,0.0,0.4472271914132379,0.25423018089371785,28.4,71.6,True,Lower fresh-food access
06085506603,Census Tract 5066.03; Santa Clara County; California,4295,250001,6.2,5.4,3,0,0,1,0.0,0.0,5.68,0.0,0.23282887077997672,0.2773826153072714,44.1,55.9,True,Moderate fresh-food access
06085501102,Census Tract 5011.02; Santa Clara County; California,4273,144609,9.1,1.9,10,1,1,2,0.1,0.23402761525860052,5.614599999999999,0.23402761525860052,0.46805523051720105,0.25968938978192785,33.6,66.4,True,Lower fresh-food access
06085505403,Census Tract 5054.03; Santa Clara County; California,8136,182500,6.1,5.85,22,2,2,2,0.0909090909090909,0.24582104228121926,5.6061000000000005,0.24582104228121926,0.24582104228121926,0.27722253188577595,43.9,56.1,False,Moderate fresh-food access
06085506606,Census Tract 5066.06; Santa Clara County; California,4976,133700,8.7,4.39,27,7,1,5,0.2592592592592592,1.4067524115755627,5.593671428571428,0.20096463022508038,1.004823151125402,0.40822130932298445,90.2,9.8,False,Strong fresh-food access
06085509802,Census Tract 5098.02; Santa Clara County; California,3090,220694,7.6,3.31,6,0,2,1,0.0,0.0,5.5785,0.6472491909385113,0.32362459546925565,0.26484969151678694,36.5,63.5,True,Lower fresh-food access
06085508800,Census Tract 5088; Santa Clara County; California,3619,143333,7.8,5.21,18,3,0,5,0.1666666666666666,0.8289582757667864,5.574766666666666,0.0,1.3815971262779774,0.3349737408172555,77.0,23.0,False,Above-average fresh-food access
06085503211,Census Tract 5032.11; Santa Clara County; California,4651,104677,8.6,2.2,3,1,0,0,0.3333333333333333,0.2150075252633842,5.570200000000001,0.0,0.0,0.23820940418528447,18.1,81.9,True,Highest access vulnerability
06085503220,Census Tract 5032.20; Santa Clara County; California,4691,96705,6.6,6.43,13,3,0,2,0.2307692307692307,0.6395224898742272,5.533233333333333,0.0,0.4263483265828182,0.28672419715959724,50.2,49.8,False,Moderate fresh-food access
06085504902,Census Tract 5049.02; Santa Clara County; California,4410,196797,3.8,8.01,4,0,0,3,0.0,0.0,5.5135,0.0,0.6802721088435374,0.25097834335706765,25.7,74.3,False,Lower fresh-food access
06085502800,Census Tract 5028; Santa Clara County; California,4236,185962,8.6,1.81,7,0,1,1,0.0,0.0,5.5035,0.2360717658168083,0.2360717658168083,0.24925237764802882,24.5,75.5,True,Lower fresh-food access
06085502901,Census Tract 5029.01; Santa Clara County; California,6044,135846,8.0,4.57,25,4,0,10,0.16,0.6618133686300464,5.5017000000000005,0.0,1.6545334215751157,0.3097547016348557,68.9,31.1,False,Above-average fresh-food access
06085507004,Census Tract 5070.04; Santa Clara County; California,3844,175347,8.3,4.49,104,4,1,24,0.0384615384615384,1.0405827263267429,5.4987,0.2601456815816857,6.243496357960458,0.3795002590830163,85.5,14.5,False,Strong fresh-food access
06085504102,Census Tract 5041.02; Santa Clara County; California,5273,156450,8.8,3.67,17,5,1,2,0.2941176470588235,0.9482268158543523,5.45542,0.18964536317087047,0.37929072634174094,0.3586483729730624,82.1,17.9,False,Strong fresh-food access
06085509102,Census Tract 5091.02; Santa Clara County; California,4704,229505,5.5,5.79,29,1,0,13,0.0344827586206896,0.21258503401360543,5.4423,0.0,2.7636054421768708,0.29674050331822205,62.7,37.3,False,Above-average fresh-food access
06085510100,Census Tract 5101; Santa Clara County; California,2792,250001,9.8,0.0,1,0,0,0,0.0,0.0,5.41,0.0,0.0,0.2815841584158416,46.3,53.7,True,Moderate fresh-food access
06085503504,Census Tract 5035.04; Santa Clara County; California,5526,139180,6.5,3.9,19,1,1,4,0.0526315789473684,0.18096272167933405,5.3952,0.18096272167933405,0.7238508867173362,0.25086126813671467,25.5,74.5,True,Lower fresh-food access
06085512510,Census Tract 5125.10; Santa Clara County; California,7673,117083,3.7,8.46,23,2,1,4,0.0869565217391304,0.260654242147791,5.3933,0.1303271210738955,0.521308484295582,0.24692467004501245,22.5,77.5,False,Lower fresh-food access
06085512314,Census Tract 5123.14; Santa Clara County; California,7110,152349,7.8,4.65,67,6,1,19,0.0895522388059701,0.8438818565400844,5.374499999999999,0.14064697609001406,2.6722925457102673,0.34251412888388966,78.9,21.1,False,Above-average fresh-food access
06085503321,Census Tract 5033.21; Santa Clara County; California,4351,152238,2.5,11.29,15,3,0,3,0.2,0.689496667432774,5.366566666666666,0.0,0.689496667432774,0.3181931609085484,72.3,27.7,False,Above-average fresh-food access
06085505305,Census Tract 5053.05; Santa Clara County; California,5672,205550,6.3,3.99,21,1,1,3,0.0476190476190476,0.1763046544428773,5.365900000000001,0.1763046544428773,0.5289139633286318,0.2824753897551103,46.8,53.2,True,Moderate fresh-food access
06085505301,Census Tract 5053.01; Santa Clara County; California,5414,200781,5.7,6.42,9,2,0,2,0.2222222222222222,0.3694126339120798,5.3534,0.0,0.3694126339120798,0.30231809105990376,66.2,33.8,False,Above-average fresh-food access
06085503127,Census Tract 5031.27; Santa Clara County; California,5300,191908,7.4,2.92,2,0,0,0,0.0,0.0,5.352,0.0,0.0,0.2521696279111141,26.2,73.8,True,Lower fresh-food access
06085500300,Census Tract 5003; Santa Clara County; California,4195,107431,9.6,2.72,96,13,0,19,0.1354166666666666,3.098927294398093,5.336538461538462,0.0,4.529201430274136,0.62558031746541,99.0,1.0,False,Strong fresh-food access
06085509700,Census Tract 5097; Santa Clara County; California,3064,209607,4.6,6.47,9,0,1,1,0.0,0.0,5.3345,0.3263707571801567,0.3263707571801567,0.25880852487352757,32.6,67.4,False,Lower fresh-food access
06085506601,Census Tract 5066.01; Santa Clara County; California,3825,133194,4.5,6.59,31,0,1,7,0.0,0.0,5.3315,0.26143790849673204,1.8300653594771241,0.22187180605500031,10.3,89.7,True,Highest access vulnerability
06085503902,Census Tract 5039.02; Santa Clara County; California,6187,121083,9.5,0.0,12,0,1,2,0.0,0.0,5.275,0.16162922256343948,0.32325844512687896,0.2199521985242733,9.8,90.2,True,Highest access vulnerability
06085509201,Census Tract 5092.01; Santa Clara County; California,5287,182611,1.8,11.23,13,2,1,5,0.1538461538461538,0.3782863627766219,5.2692,0.18914318138831096,0.9457159069415547,0.2923755520458129,58.1,41.9,False,Moderate fresh-food access
06085508706,Census Tract 5087.06; Santa Clara County; California,4295,216210,4.3,6.6,4,0,0,0,0.0,0.0,5.244999999999999,0.0,0.0,0.26231694870322525,35.0,65.0,False,Lower fresh-food access
06085504505,Census Tract 5045.05; Santa Clara County; California,11610,229572,2.5,5.12,15,1,1,0,0.0666666666666666,0.08613264427217916,5.239,0.08613264427217916,0.0,0.28705763920863403,51.0,49.0,False,Moderate fresh-food access
06085505006,Census Tract 5050.06; Santa Clara County; California,11179,240086,6.6,5.68,159,11,2,48,0.0691823899371069,0.98398783433223,5.161254545454545,0.17890687896949636,4.293765095267913,0.40398183699372436,90.0,10.0,False,Strong fresh-food access
06085509110,Census Tract 5091.10; Santa Clara County; California,3317,192045,5.8,4.38,6,0,0,1,0.0,0.0,5.143,0.0,0.3014772384684956,0.2523407062686076,26.5,73.5,False,Lower fresh-food access
06085512023,Census Tract 5120.23; Santa Clara County; California,5346,106684,5.6,4.49,8,0,0,5,0.0,0.0,5.0915,0.0,0.9352787130564908,0.2113039769620111,7.4,92.6,True,Highest access vulnerability
06085505015,Census Tract 5050.15; Santa Clara County; California,5169,167422,3.5,8.52,29,2,0,13,0.0689655172413793,0.3869220352099052,5.073899999999999,0.0,2.514993228864384,0.28852908118999004,52.2,47.8,False,Moderate fresh-food access
06085503509,Census Tract 5035.09; Santa Clara County; California,3990,151786,4.5,5.78,6,0,1,0,0.0,0.0,5.048,0.2506265664160401,0.0,0.23254531357017255,15.4,84.6,True,Highest access vulnerability
06085506203,Census Tract 5062.03; Santa Clara County; California,6717,142791,7.2,4.66,40,10,2,9,0.25,1.4887598630340926,5.00534,0.2977519726068185,1.3398838767306833,0.4260779842931512,92.6,7.4,False,Strong fresh-food access
06085512505,Census Tract 5125.05; Santa Clara County; California,7683,99742,7.2,3.57,21,3,0,9,0.1428571428571428,0.3904724716907458,5.0017,0.0,1.1714174150722374,0.2593997402334145,33.3,66.7,False,Lower fresh-food access
06085503506,Census Tract 5035.06; Santa Clara County; California,6220,101146,5.8,3.24,6,1,0,1,0.1666666666666666,0.1607717041800643,4.988,0.0,0.1607717041800643,0.2325497273397194,15.7,84.3,True,Highest access vulnerability
06085502906,Census Tract 5029.06; Santa Clara County; California,5021,126438,6.7,2.6,10,1,1,0,0.1,0.19916351324437362,4.9292,0.19916351324437362,0.0,0.24949832794575677,24.8,75.2,True,Lower fresh-food access
06085504315,Census Tract 5043.15; Santa Clara County; California,6475,182784,7.9,1.04,1,0,0,0,0.0,0.0,4.9190000000000005,0.0,0.0,0.25072017277818887,25.2,74.8,True,Lower fresh-food access
06085503323,Census Tract 5033.23; Santa Clara County; California,3809,169484,5.0,4.76,1,0,0,0,0.0,0.0,4.916,0.0,0.0,0.24223782806001984,19.6,80.4,True,Highest access vulnerability
06085512053,Census Tract 5120.53; Santa Clara County; California,4815,117292,6.3,3.16,7,1,1,0,0.1428571428571428,0.20768431983385255,4.904,0.20768431983385255,0.0,0.2458505047739237,22.1,77.9,True,Lower fresh-food access
06085506803,Census Tract 5068.03; Santa Clara County; California,7056,194219,6.7,1.32,13,1,0,5,0.0769230769230769,0.1417233560090703,4.8882,0.0,0.7086167800453514,0.27715037452938995,43.6,56.4,True,Moderate fresh-food access
06085505902,Census Tract 5059.02; Santa Clara County; California,3893,107079,7.0,2.5,8,1,0,1,0.125,0.25687130747495507,4.8036,0.0,0.25687130747495507,0.24755612827291587,23.0,77.0,True,Lower fresh-food access
06085509108,Census Tract 5091.08; Santa Clara County; California,4617,219063,4.0,7.17,24,2,0,13,0.0833333333333333,0.43318171973142733,4.7712,0.0,2.8156811782542777,0.321539163542889,73.5,26.5,False,Above-average fresh-food access
06085509001,Census Tract 5090.01; Santa Clara County; California,3031,162981,7.6,2.1,13,1,1,1,0.0769230769230769,0.32992411745298583,4.7612000000000005,0.32992411745298583,0.32992411745298583,0.2840466629844265,48.3,51.7,True,Moderate fresh-food access
06085503217,Census Tract 5032.17; Santa Clara County; California,3669,81786,5.5,5.45,12,2,1,3,0.1666666666666666,0.5451076587626056,4.7494000000000005,0.2725538293813028,0.8176614881439084,0.27101863661046927,40.0,60.0,False,Lower fresh-food access
06085512402,Census Tract 5124.02; Santa Clara County; California,5696,148833,5.7,3.37,2,0,1,0,0.0,0.0,4.7445,0.175561797752809,0.0,0.2338003759566222,16.4,83.6,True,Highest access vulnerability
06085507203,Census Tract 5072.03; Santa Clara County; California,3097,224464,5.5,3.57,5,0,0,0,0.0,0.0,4.7245,0.0,0.0,0.2702822765781275,38.5,61.5,False,Lower fresh-food access
06085509801,Census Tract 5098.01; Santa Clara County; California,5969,167957,1.5,9.72,27,2,0,7,0.074074074074074,0.3350644999162339,4.6739,0.0,1.1727257497068186,0.28323299791600265,47.5,52.5,False,Moderate fresh-food access
06085501800,Census Tract 5018; Santa Clara County; California,4786,142235,6.8,3.23,15,2,0,2,0.1333333333333333,0.41788549937317176,4.6691,0.0,0.41788549937317176,0.2851143900648357,49.0,51.0,False,Moderate fresh-food access
06085508204,Census Tract 5082.04; Santa Clara County; California,4725,250001,4.7,5.94,4,2,1,0,0.5,0.42328042328042326,4.666500000000001,0.21164021164021163,0.0,0.3363309978500998,77.7,22.3,False,Above-average fresh-food access
06085511911,Census Tract 5119.11; Santa Clara County; California,4601,167639,7.0,1.47,7,0,0,0,0.0,0.0,4.6645,0.0,0.0,0.24428995251678068,20.8,79.2,True,Lower fresh-food access
06085503219,Census Tract 5032.19; Santa Clara County; California,2738,60451,5.7,4.36,12,1,0,3,0.0833333333333333,0.36523009495982467,4.6386,0.0,1.095690284879474,0.23834169207701908,18.4,81.6,True,Highest access vulnerability
06085506703,Census Tract 5067.03; Santa Clara County; California,3870,154149,5.1,4.48,10,1,1,3,0.1,0.25839793281653745,4.6370000000000005,0.25839793281653745,0.7751937984496124,0.2700897606841227,38.2,61.8,False,Lower fresh-food access
06085500100,Census Tract 5001; Santa Clara County; California,8285,163061,6.0,4.85,36,7,2,8,0.1944444444444444,0.8449004224502112,4.634214285714286,0.24140012070006034,0.9656004828002414,0.3509667343252896,80.9,19.1,False,Strong fresh-food access
06085508601,Census Tract 5086.01; Santa Clara County; California,3914,195804,4.3,4.81,12,0,0,4,0.0,0.0,4.6185,0.0,1.021972406745018,0.25622316980457616,29.7,70.3,False,Lower fresh-food access
06085510700,Census Tract 5107; Santa Clara County; California,4740,182266,3.3,6.09,23,0,2,8,0.0,0.0,4.6165,0.4219409282700422,1.6877637130801688,0.24898316837851348,24.3,75.7,False,Lower fresh-food access
06085508900,Census Tract 5089; Santa Clara County; California,4428,156726,8.0,2.06,21,3,2,4,0.1428571428571428,0.6775067750677507,4.6162,0.45167118337850043,0.9033423667570009,0.32721694414528546,74.5,25.5,False,Above-average fresh-food access
06085502701,Census Tract 5027.01; Santa Clara County; California,5691,133658,7.4,3.39,56,12,2,8,0.2142857142857142,2.1085925144965736,4.61135,0.3514320857494289,1.4057283429977157,0.5075692656665715,96.6,3.4,False,Strong fresh-food access
06085503111,Census Tract 5031.11; Santa Clara County; California,5418,133628,7.0,1.25,3,0,0,0,0.0,0.0,4.5875,0.0,0.0,0.22833515796509257,13.5,86.5,True,Highest access vulnerability
06085511301,Census Tract 5113.01; Santa Clara County; California,4163,238750,3.4,7.43,9,2,0,1,0.2222222222222222,0.48042277203939465,4.546799999999999,0.0,0.24021138601969733,0.3380582531848838,77.9,22.1,False,Above-average fresh-food access
06085507805,Census Tract 5078.05; Santa Clara County; California,4888,201939,7.1,3.39,33,6,2,11,0.1818181818181818,1.227495908346972,4.544433333333333,0.40916530278232405,2.2504091653027825,0.4222391745109795,91.7,8.3,False,Strong fresh-food access
06085504101,Census Tract 5041.01; Santa Clara County; California,3628,144167,8.2,1.39,7,2,1,1,0.2857142857142857,0.5512679162072768,4.5393,0.2756339581036384,0.2756339581036384,0.3051319511913364,67.4,32.6,False,Above-average fresh-food access
06085504321,Census Tract 5043.21; Santa Clara County; California,5556,189867,4.2,4.26,25,1,2,7,0.04,0.17998560115190784,4.4922,0.3599712023038157,1.2598992080633549,0.27899408880518906,45.3,54.7,False,Moderate fresh-food access
06085509404,Census Tract 5094.04; Santa Clara County; California,6256,203864,3.7,7.45,40,6,1,12,0.15,0.959079283887468,4.481033333333333,0.159846547314578,1.918158567774936,0.38516621797678646,87.3,12.7,False,Strong fresh-food access
06085504418,Census Tract 5044.18; Santa Clara County; California,3951,116310,6.3,3.95,20,3,1,2,0.15,0.7593014426727411,4.4809,0.2531004808909137,0.5062009617818274,0.31814587974826725,72.1,27.9,False,Above-average fresh-food access
06085506202,Census Tract 5062.02; Santa Clara County; California,8313,189032,3.8,5.51,37,2,0,6,0.054054054054054,0.24058703235895584,4.469799999999999,0.0,0.7217610970768675,0.2849370346622818,48.8,51.2,False,Moderate fresh-food access
06085504307,Census Tract 5043.07; Santa Clara County; California,5716,154801,4.3,6.14,22,3,1,6,0.1363636363636363,0.5248425472358292,4.465066666666666,0.17494751574527642,1.0496850944716585,0.30445566083279296,67.2,32.8,False,Above-average fresh-food access
06085500400,Census Tract 5004; Santa Clara County; California,2678,152973,2.4,8.12,6,1,0,1,0.1666666666666666,0.37341299477221807,4.457599999999999,0.0,0.37341299477221807,0.28274964018656046,47.3,52.7,False,Moderate fresh-food access
06085512602,Census Tract 5126.02; Santa Clara County; California,3124,140556,9.0,0.95,79,10,3,15,0.1265822784810126,3.201024327784891,4.444979999999999,0.9603072983354674,4.801536491677337,0.6602464285580131,99.5,0.5,False,Strong fresh-food access
06085506101,Census Tract 5061.01; Santa Clara County; California,4643,190750,4.4,4.36,13,1,1,3,0.0769230769230769,0.21537798836958863,4.4346000000000005,0.21537798836958863,0.6461339651087659,0.2835897531030185,47.8,52.2,False,Moderate fresh-food access
06085506504,Census Tract 5065.04; Santa Clara County; California,2136,104787,5.9,4.7,13,4,1,4,0.3076923076923077,1.8726591760299625,4.4068000000000005,0.4681647940074906,1.8726591760299625,0.46202219363567193,94.9,5.1,False,Strong fresh-food access
06085504807,Census Tract 5048.07; Santa Clara County; California,5920,230829,3.4,5.3,2,0,0,0,0.0,0.0,4.385,0.0,0.0,0.2738830663438242,41.7,58.3,False,Moderate fresh-food access
06085508305,Census Tract 5083.05; Santa Clara County; California,5284,121145,4.4,3.85,5,0,0,1,0.0,0.0,4.327500000000001,0.0,0.18925056775170326,0.22200308165257113,10.5,89.5,True,Highest access vulnerability
06085505007,Census Tract 5050.07; Santa Clara County; California,4223,164115,7.0,0.5,36,0,1,9,0.0,0.0,4.324999999999999,0.23679848448969926,2.1311863604072934,0.24462424118803916,21.1,78.9,True,Lower fresh-food access
06085504201,Census Tract 5042.01; Santa Clara County; California,6020,197750,6.7,0.8,12,0,1,4,0.0,0.0,4.295,0.16611295681063123,0.6644518272425249,0.26082375217426057,34.1,65.9,True,Lower fresh-food access
06085502400,Census Tract 5024; Santa Clara County; California,7107,222311,6.8,2.13,45,3,0,13,0.0666666666666666,0.42211903756859437,4.2793,0.0,1.8291824961305756,0.32664462387076076,74.0,26.0,False,Above-average fresh-food access
06085502603,Census Tract 5026.03; Santa Clara County; California,2816,206125,7.2,2.62,25,5,0,6,0.2,1.7755681818181819,4.26964,0.0,2.1306818181818183,0.4996259113349746,96.1,3.9,False,Strong fresh-food access
06085512311,Census Tract 5123.11; Santa Clara County; California,4119,139074,6.3,3.51,31,5,2,6,0.1612903225806451,1.2138868657441126,4.22826,0.48555474629764506,1.4566642388929352,0.3913917301632695,87.7,12.3,False,Strong fresh-food access
06085504421,Census Tract 5044.21; Santa Clara County; California,5422,172500,5.4,2.24,18,0,1,3,0.0,0.0,4.214,0.18443378827001106,0.5533013648100332,0.24818896169328386,23.5,76.5,False,Lower fresh-food access
06085512030,Census Tract 5120.30; Santa Clara County; California,2898,181326,4.0,4.0,1,0,0,0,0.0,0.0,4.2,0.0,0.0,0.2515285401498142,26.0,74.0,False,Lower fresh-food access
06085509109,Census Tract 5091.09; Santa Clara County; California,7153,250001,4.3,4.4,13,2,2,5,0.1538461538461538,0.2796029637914162,4.190300000000001,0.2796029637914162,0.6990074094785405,0.32096861698627743,73.3,26.7,False,Above-average fresh-food access
06085512604,Census Tract 5126.04; Santa Clara County; California,4637,83946,7.7,1.14,17,3,2,3,0.1764705882352941,0.6469700237222342,4.173133333333333,0.4313133491481561,0.6469700237222342,0.29049179016107873,54.7,45.3,False,Moderate fresh-food access
06085508705,Census Tract 5087.05; Santa Clara County; California,4452,189571,1.7,7.14,6,1,2,3,0.1666666666666666,0.22461814914645103,4.1544,0.44923629829290207,0.6738544474393531,0.2837809542012885,48.0,52.0,False,Moderate fresh-food access
06085503118,Census Tract 5031.18; Santa Clara County; California,4955,98527,7.0,0.0,10,0,1,1,0.0,0.0,4.15,0.20181634712411706,0.20181634712411706,0.21401538465435185,8.1,91.9,True,Highest access vulnerability
06085512035,Census Tract 5120.35; Santa Clara County; California,4519,198632,2.3,5.97,0,0,0,0,,0.0,4.124499999999999,0.0,0.0,0.25911467539101674,33.1,66.9,False,Lower fresh-food access
06085507806,Census Tract 5078.06; Santa Clara County; California,5657,200887,7.3,1.85,30,6,1,8,0.2,1.060632844263744,4.121066666666667,0.176772140710624,1.414177125684992,0.40205257876231876,89.5,10.5,False,Strong fresh-food access
06085512513,Census Tract 5125.13; Santa Clara County; California,4003,84934,5.2,4.77,44,11,1,11,0.25,2.747939045715713,4.082281818181818,0.2498126405196103,2.747939045715713,0.57177596756305,97.5,2.5,False,Strong fresh-food access
06085506702,Census Tract 5067.02; Santa Clara County; California,5755,122050,5.6,1.49,4,0,1,0,0.0,0.0,4.0415,0.1737619461337967,0.0,0.22501541008210457,12.5,87.5,True,Highest access vulnerability
06085504602,Census Tract 5046.02; Santa Clara County; California,1542,121953,7.5,1.73,129,8,1,63,0.0620155038759689,5.188067444876784,4.01905,0.648508430609598,40.856031128404666,0.9207026470430417,100.0,0.0,False,Strong fresh-food access
06085503803,Census Tract 5038.03; Santa Clara County; California,5388,190855,3.3,4.27,2,0,0,0,0.0,0.0,3.9795,0.0,0.0,0.25694761474519406,30.9,69.1,False,Lower fresh-food access
06085504415,Census Tract 5044.15; Santa Clara County; California,4885,213654,4.7,2.42,3,0,0,0,0.0,0.0,3.962,0.0,0.0,0.2690615992198079,37.7,62.3,False,Lower fresh-food access
06085503703,Census Tract 5037.03; Santa Clara County; California,3858,105455,6.7,2.32,21,6,2,6,0.2857142857142857,1.5552099533437014,3.9556,0.5184033177812338,1.5552099533437014,0.4229223338755569,91.9,8.1,False,Strong fresh-food access
06085507705,Census Tract 5077.05; Santa Clara County; California,3953,250001,6.1,0.59,2,0,0,1,0.0,0.0,3.9515,0.0,0.2529724260055654,0.2876729557135319,51.5,48.5,False,Moderate fresh-food access
06085512516,Census Tract 5125.16; Santa Clara County; California,4322,159137,5.7,1.1,3,0,0,1,0.0,0.0,3.95,0.0,0.23137436372049977,0.24353680491272262,20.3,79.7,False,Lower fresh-food access
06085506302,Census Tract 5063.02; Santa Clara County; California,6357,182908,3.9,4.43,14,2,2,2,0.1428571428571428,0.3146138115463269,3.9412,0.3146138115463269,0.3146138115463269,0.29403720266326794,59.8,40.2,False,Moderate fresh-food access
06085501902,Census Tract 5019.02; Santa Clara County; California,3619,151140,5.1,1.84,4,0,1,0,0.0,0.0,3.939,0.27631942525559544,0.0,0.2393122745585188,19.1,80.9,True,Highest access vulnerability
06085511910,Census Tract 5119.10; Santa Clara County; California,2992,250001,5.9,0.74,9,0,0,5,0.0,0.0,3.914,0.0,1.6711229946524064,0.28775426598471854,51.7,48.3,False,Moderate fresh-food access
06085506900,Census Tract 5069; Santa Clara County; California,8160,222166,3.2,5.83,25,4,2,7,0.16,0.49019607843137253,3.8885,0.24509803921568626,0.8578431372549019,0.3351253194747338,77.2,22.8,False,Above-average fresh-food access
06085512045,Census Tract 5120.45; Santa Clara County; California,5086,181528,3.9,4.99,22,3,0,5,0.1363636363636363,0.5898545025560362,3.8405666666666662,0.0,0.9830908375933937,0.3293329662833571,75.2,24.8,False,Above-average fresh-food access
06085502909,Census Tract 5029.09; Santa Clara County; California,4812,101607,5.8,2.58,18,3,2,4,0.1666666666666666,0.6234413965087282,3.8338,0.41562759767248547,0.8312551953449709,0.2965827596888889,62.3,37.7,False,Above-average fresh-food access
06085511916,Census Tract 5119.16; Santa Clara County; California,4483,191735,3.8,3.17,2,0,0,0,0.0,0.0,3.8195,0.0,0.0,0.25869028841674224,32.1,67.9,False,Lower fresh-food access
06085505304,Census Tract 5053.04; Santa Clara County; California,3499,226731,5.7,1.52,7,1,0,1,0.1428571428571428,0.2857959416976279,3.7968,0.0,0.2857959416976279,0.3138427887222095,69.9,30.1,False,Above-average fresh-food access
06085507301,Census Tract 5073.01; Santa Clara County; California,6387,244207,5.4,1.01,12,0,0,7,0.0,0.0,3.7835,0.0,1.095976201659621,0.28538120971118097,49.3,50.7,False,Moderate fresh-food access
06085504316,Census Tract 5043.16; Santa Clara County; California,5403,192188,3.5,3.41,0,0,0,0,,0.0,3.7685,0.0,0.0,0.2589994345052695,32.8,67.2,False,Lower fresh-food access
06085512055,Census Tract 5120.55; Santa Clara County; California,3595,124398,6.3,1.62,14,2,0,4,0.1428571428571428,0.5563282336578581,3.7615,0.0,1.1126564673157162,0.29955242341005134,65.0,35.0,False,Above-average fresh-food access
06085512100,Census Tract 5121; Santa Clara County; California,1710,121563,6.9,0.88,14,1,0,1,0.0714285714285714,0.5847953216374269,3.755,0.0,0.5847953216374269,0.3023894960117771,66.4,33.6,True,Above-average fresh-food access
06085502704,Census Tract 5027.04; Santa Clara County; California,4265,183214,2.6,4.45,12,0,0,4,0.0,0.0,3.7275,0.0,0.9378663540445487,0.2542679274480166,28.7,71.3,False,Lower fresh-food access
06085512058,Census Tract 5120.58; Santa Clara County; California,5561,138750,4.4,4.16,24,4,0,6,0.1666666666666666,0.7192950908110052,3.71405,0.0,1.0789426362165078,0.32690109604331297,74.3,25.7,False,Above-average fresh-food access
06085509002,Census Tract 5090.02; Santa Clara County; California,4097,175625,6.2,1.46,5,2,0,1,0.4,0.48816206980717597,3.7107,0.0,0.24408103490358798,0.3156150351449274,70.6,29.4,False,Above-average fresh-food access
06085504311,Census Tract 5043.11; Santa Clara County; California,8850,173106,4.1,3.96,29,4,0,5,0.1379310344827586,0.4519774011299435,3.6735,0.0,0.5649717514124294,0.3084298771288345,68.1,31.9,False,Above-average fresh-food access
06085507702,Census Tract 5077.02; Santa Clara County; California,6464,250001,5.3,0.82,7,0,1,0,0.0,0.0,3.672,0.1547029702970297,0.0,0.28877452915245366,53.2,46.8,False,Moderate fresh-food access
06085506701,Census Tract 5067.01; Santa Clara County; California,4620,228173,4.3,2.04,2,0,0,1,0.0,0.0,3.649,0.0,0.21645021645021645,0.27765901003663995,44.4,55.6,False,Moderate fresh-food access
06085508004,Census Tract 5080.04; Santa Clara County; California,6131,250001,1.3,5.81,5,0,0,3,0.0,0.0,3.6185,0.0,0.4893165878323275,0.2862253254280527,50.0,50.0,False,Moderate fresh-food access
06085503333,Census Tract 5033.33; Santa Clara County; California,4590,213003,4.1,2.18,2,0,0,0,0.0,0.0,3.608,0.0,0.0,0.27043906089485314,38.7,61.3,False,Lower fresh-food access
06085512059,Census Tract 5120.59; Santa Clara County; California,7000,176250,5.2,0.75,12,0,1,4,0.0,0.0,3.6025,0.14285714285714285,0.5714285714285714,0.25352135915145785,27.9,72.1,False,Lower fresh-food access
06085508306,Census Tract 5083.06; Santa Clara County; California,2980,250001,1.8,5.1,4,0,0,0,0.0,0.0,3.595,0.0,0.0,0.28672494525994774,50.5,49.5,False,Moderate fresh-food access
06085503322,Census Tract 5033.22; Santa Clara County; California,4506,151250,4.5,1.59,1,0,0,0,0.0,0.0,3.5815,0.0,0.0,0.24107803695516147,19.4,80.6,True,Highest access vulnerability
06085506204,Census Tract 5062.04; Santa Clara County; California,5860,200288,6.3,0.98,37,3,1,6,0.081081081081081,0.5119453924914675,3.5686666666666667,0.17064846416382254,1.023890784982935,0.3315374277237773,76.0,24.0,False,Above-average fresh-food access
06085512025,Census Tract 5120.25; Santa Clara County; California,3062,220962,1.1,5.69,1,0,0,0,0.0,0.0,3.4865,0.0,0.0,0.2728566312207351,41.2,58.8,False,Moderate fresh-food access
06085505303,Census Tract 5053.03; Santa Clara County; California,5877,124491,4.8,2.02,31,2,1,10,0.064516129032258,0.3403096818104475,3.4547,0.17015484090522376,1.7015484090522375,0.2725820282637657,40.7,59.3,False,Moderate fresh-food access
06085504202,Census Tract 5042.02; Santa Clara County; California,4151,229028,4.2,1.57,3,0,0,1,0.0,0.0,3.4395,0.0,0.2409058058299205,0.2792558723458726,45.6,54.4,False,Moderate fresh-food access
06085503510,Census Tract 5035.10; Santa Clara County; California,4270,135926,4.9,2.99,20,5,0,6,0.25,1.17096018735363,3.4223,0.0,1.405152224824356,0.38794371330935473,87.5,12.5,False,Strong fresh-food access
06085512307,Census Tract 5123.07; Santa Clara County; California,6529,148064,3.4,4.13,27,3,0,5,0.1111111111111111,0.45948843620768876,3.4107666666666665,0.0,0.765814060346148,0.29838549983952767,64.0,36.0,False,Above-average fresh-food access
06085506102,Census Tract 5061.02; Santa Clara County; California,4434,189439,5.5,1.33,16,2,0,4,0.125,0.4510599909788002,3.3839,0.0,0.9021199819576003,0.31893566975521026,72.5,27.5,False,Above-average fresh-food access
06085511800,Census Tract 5118; Santa Clara County; California,4289,196786,4.0,1.65,8,0,0,2,0.0,0.0,3.3775,0.0,0.4663091629750525,0.2639215179930364,35.8,64.2,False,Lower fresh-food access
06085512031,Census Tract 5120.31; Santa Clara County; California,4099,196727,4.5,0.87,8,0,1,4,0.0,0.0,3.3295,0.2439619419370578,0.9758477677482312,0.26453953344890924,36.3,63.7,False,Lower fresh-food access
06085510001,Census Tract 5100.01; Santa Clara County; California,5852,250001,2.2,3.78,10,0,0,1,0.0,0.0,3.313,0.0,0.17088174982911825,0.28870248418043654,52.7,47.3,False,Moderate fresh-food access
06085502500,Census Tract 5025; Santa Clara County; California,6748,225694,4.6,0.69,14,0,0,3,0.0,0.0,3.3115,0.0,0.44457617071724953,0.2787009532313004,44.9,55.1,False,Moderate fresh-food access
06085503312,Census Tract 5033.12; Santa Clara County; California,3550,176607,3.7,2.64,1,1,0,0,1.0,0.28169014084507044,3.299,0.0,0.0,0.29070542526681764,54.9,45.1,False,Moderate fresh-food access
06085511000,Census Tract 5110; Santa Clara County; California,7180,250001,1.8,4.22,12,0,1,5,0.0,0.0,3.287,0.1392757660167131,0.6963788300835655,0.2885713573455541,52.5,47.5,False,Moderate fresh-food access
06085504416,Census Tract 5044.16; Santa Clara County; California,3791,190981,5.8,1.45,39,5,3,9,0.1282051282051282,1.3189132155104195,3.26914,0.7913479293062516,2.374043787918755,0.43592921431637516,93.1,6.9,False,Strong fresh-food access
06085508102,Census Tract 5081.02; Santa Clara County; California,3693,216094,0.5,7.61,54,2,2,11,0.037037037037037,0.5415651232060655,3.2578,0.5415651232060655,2.9786081776333604,0.3407372071485312,78.4,21.6,False,Above-average fresh-food access
06085507402,Census Tract 5074.02; Santa Clara County; California,3922,243720,3.0,3.2,16,1,0,3,0.0625,0.25497195308516063,3.2544,0.0,0.7649158592554819,0.31970566276709506,73.0,27.0,False,Above-average fresh-food access
06085503332,Census Tract 5033.32; Santa Clara County; California,5897,132969,3.8,1.53,3,0,0,1,0.0,0.0,3.2455,0.0,0.16957775139901646,0.23376621137217876,16.2,83.8,True,Highest access vulnerability
06085507808,Census Tract 5078.08; Santa Clara County; California,5720,250001,3.3,3.92,20,3,0,6,0.15,0.5244755244755245,3.2383333333333333,0.0,1.048951048951049,0.3569953791212589,81.6,18.4,False,Strong fresh-food access
06085502604,Census Tract 5026.04; Santa Clara County; California,4112,110581,4.8,2.26,42,3,2,8,0.0714285714285714,0.7295719844357976,3.2251333333333334,0.48638132295719844,1.9455252918287937,0.3178856117625112,71.8,28.2,False,Above-average fresh-food access
06085506502,Census Tract 5065.02; Santa Clara County; California,5040,143500,5.0,1.75,63,3,1,15,0.0476190476190476,0.5952380952380952,3.1985,0.1984126984126984,2.9761904761904763,0.3163239639275149,71.3,28.7,False,Above-average fresh-food access
06085508404,Census Tract 5084.04; Santa Clara County; California,6312,213393,5.1,1.74,35,5,0,9,0.1428571428571428,0.7921419518377694,3.15648,0.0,1.4258555133079849,0.37645006660369273,84.8,15.2,False,Strong fresh-food access
06085512037,Census Tract 5120.37; Santa Clara County; California,2989,184333,2.9,2.42,4,0,0,1,0.0,0.0,3.152,0.0,0.33456005352960855,0.2584733228825085,31.6,68.4,False,Lower fresh-food access
06085502907,Census Tract 5029.07; Santa Clara County; California,3822,213056,5.8,0.82,12,3,2,5,0.25,0.7849293563579278,3.1518,0.5232862375719518,1.3082155939298796,0.37585844560854453,84.3,15.7,False,Strong fresh-food access
06085512200,Census Tract 5122; Santa Clara County; California,5146,250001,2.9,2.39,13,0,0,3,0.0,0.0,3.1415,0.0,0.582977069568597,0.2902328373836125,54.2,45.8,False,Moderate fresh-food access
06085512509,Census Tract 5125.09; Santa Clara County; California,7855,184500,2.4,1.38,13,1,2,3,0.0769230769230769,0.1273074474856779,3.1340000000000003,0.2546148949713558,0.3819223424570337,0.2789031100216445,45.1,54.9,False,Moderate fresh-food access
06085508203,Census Tract 5082.03; Santa Clara County; California,5511,250001,3.4,1.63,6,0,1,2,0.0,0.0,3.1005,0.18145527127563055,0.3629105425512611,0.2908373669930988,55.4,44.6,False,Moderate fresh-food access
06085505800,Census Tract 5058; Santa Clara County; California,3683,169722,4.2,0.59,73,0,2,15,0.0,0.0,3.0965000000000003,0.5430355688297583,4.072766766223188,0.2526863395436973,27.0,73.0,False,Lower fresh-food access
06085512309,Census Tract 5123.09; Santa Clara County; California,5110,210212,1.1,4.46,11,1,0,2,0.0909090909090909,0.19569471624266144,3.0780000000000003,0.0,0.3913894324853229,0.296652721423473,62.5,37.5,False,Above-average fresh-food access
06085503210,Census Tract 5032.10; Santa Clara County; California,4067,120729,3.0,2.01,6,0,0,0,0.0,0.0,3.0535,0.0,0.0,0.22843524420591685,13.7,86.3,True,Highest access vulnerability
06085502902,Census Tract 5029.02; Santa Clara County; California,9050,207614,2.3,3.14,25,2,1,9,0.08,0.22099447513812154,3.039,0.11049723756906077,0.994475138121547,0.29920567169436496,64.5,35.5,False,Above-average fresh-food access
06085512026,Census Tract 5120.26; Santa Clara County; California,3734,160156,3.4,1.45,20,0,2,8,0.0,0.0,3.0375,0.5356186395286556,2.1424745581146225,0.24784874187916867,23.3,76.7,False,Lower fresh-food access
06085510801,Census Tract 5108.01; Santa Clara County; California,5244,250001,1.6,3.7,8,0,0,3,0.0,0.0,3.015,0.0,0.5720823798627003,0.29005845863646373,53.9,46.1,False,Moderate fresh-food access
06085502908,Census Tract 5029.08; Santa Clara County; California,6561,166382,3.7,2.6,21,3,2,7,0.1428571428571428,0.45724737082761774,3.0124000000000004,0.30483158055174514,1.066910531931108,0.3095410189367165,68.6,31.4,False,Above-average fresh-food access
06085506802,Census Tract 5068.02; Santa Clara County; California,5761,202796,1.3,5.25,14,2,0,2,0.1428571428571428,0.3471619510501649,2.9986,0.0,0.3471619510501649,0.3114562760671823,69.4,30.6,False,Above-average fresh-food access
06085511400,Census Tract 5114; Santa Clara County; California,3608,250001,1.4,3.9,1,0,0,0,0.0,0.0,2.995,0.0,0.0,0.29003485913005905,53.7,46.3,False,Moderate fresh-food access
06085507600,Census Tract 5076; Santa Clara County; California,6144,250001,3.7,0.91,3,0,0,1,0.0,0.0,2.9835000000000003,0.0,0.16276041666666666,0.2917540083844725,56.6,43.4,False,Moderate fresh-food access
06085504903,Census Tract 5049.03; Santa Clara County; California,5228,226711,3.4,2.59,20,2,0,6,0.1,0.38255547054322875,2.9593,0.0,1.1476664116296864,0.32919780077555627,75.0,25.0,False,Above-average fresh-food access
06085511702,Census Tract 5117.02; Santa Clara County; California,2859,250001,3.8,0.62,6,0,0,4,0.0,0.0,2.927,0.0,1.3990905911157747,0.2921644652925217,57.6,42.4,False,Moderate fresh-food access
06085508303,Census Tract 5083.03; Santa Clara County; California,2647,219081,2.3,4.89,23,3,1,5,0.1304347826086956,1.1333585190782018,2.9229666666666665,0.37778617302606726,1.8889308651303363,0.4241694289096914,92.4,7.6,False,Strong fresh-food access
06085504423,Census Tract 5044.23; Santa Clara County; California,2101,181250,3.2,1.36,0,0,0,0,,0.0,2.9160000000000004,0.0,0.0,0.25861525121377316,31.9,68.1,False,Lower fresh-food access
06085504508,Census Tract 5045.08; Santa Clara County; California,3862,186083,5.6,0.0,10,2,0,2,0.2,0.5178663904712584,2.9062,0.0,0.5178663904712584,0.328922232557059,74.8,25.2,False,Above-average fresh-food access
06085507903,Census Tract 5079.03; Santa Clara County; California,5037,223571,2.5,3.57,14,2,0,4,0.1428571428571428,0.3970617431010522,2.8782,0.0,0.7941234862021044,0.3293653939231974,75.5,24.5,False,Above-average fresh-food access
06085503003,Census Tract 5030.03; Santa Clara County; California,5027,207000,2.6,1.96,7,0,0,1,0.0,0.0,2.856,0.0,0.1989258006763477,0.2709734385375822,39.5,60.5,False,Lower fresh-food access
06085511200,Census Tract 5112; Santa Clara County; California,4765,250001,2.6,1.85,2,0,0,0,0.0,0.0,2.8175,0.0,0.0,0.2919599223875388,57.1,42.9,False,Moderate fresh-food access
06085505500,Census Tract 5055; Santa Clara County; California,4771,171855,3.9,2.12,21,3,1,4,0.1428571428571428,0.6287989939216098,2.8150666666666666,0.2095996646405366,0.8383986585621463,0.33594041844917616,77.5,22.5,False,Above-average fresh-food access
06085507100,Census Tract 5071; Santa Clara County; California,2820,159821,3.8,2.32,26,2,3,3,0.0769230769230769,0.7092198581560284,2.804,1.0638297872340425,1.0638297872340425,0.34076102441713707,78.7,21.3,False,Above-average fresh-food access
06085506604,Census Tract 5066.04; Santa Clara County; California,6855,191843,2.7,0.62,28,1,1,4,0.0357142857142857,0.14587892049598833,2.8030000000000004,0.14587892049598833,0.5835156819839533,0.28595374758228187,49.5,50.5,False,Moderate fresh-food access
06085507906,Census Tract 5079.06; Santa Clara County; California,4499,250001,3.0,1.23,1,0,0,0,0.0,0.0,2.7805,0.0,0.0,0.29246872442174976,58.3,41.7,False,Moderate fresh-food access
06085502903,Census Tract 5029.03; Santa Clara County; California,5318,250001,2.4,1.99,1,0,0,0,0.0,0.0,2.7765,0.0,0.0,0.29206221461424364,57.4,42.6,False,Moderate fresh-food access
06085504314,Census Tract 5043.14; Santa Clara County; California,4425,210357,2.4,1.95,7,0,2,1,0.0,0.0,2.7625,0.4519774011299435,0.22598870056497175,0.2730108137077416,41.4,58.6,False,Moderate fresh-food access
06085511701,Census Tract 5117.01; Santa Clara County; California,4368,250001,3.5,0.47,6,0,0,2,0.0,0.0,2.7395,0.0,0.45787545787545786,0.2930732540312361,58.6,41.4,False,Moderate fresh-food access
06085510300,Census Tract 5103; Santa Clara County; California,4649,250001,3.2,3.37,72,8,2,16,0.1111111111111111,1.7208001720800172,2.7357250000000004,0.4302000430200043,3.4416003441600345,0.5197615095547793,96.8,3.2,False,Strong fresh-food access
06085512047,Census Tract 5120.47; Santa Clara County; California,5315,180909,3.4,1.9,13,2,0,2,0.1538461538461538,0.37629350893697083,2.7265,0.0,0.37629350893697083,0.30769299414505186,67.9,32.1,False,Above-average fresh-food access
06085512001,Census Tract 5120.01; Santa Clara County; California,6102,205750,1.7,2.11,14,1,0,3,0.0714285714285714,0.1638806948541462,2.7238999999999995,0.0,0.4916420845624385,0.2939491413484946,59.6,40.4,False,Moderate fresh-food access
06085507003,Census Tract 5070.03; Santa Clara County; California,2895,250001,1.2,3.37,4,0,0,1,0.0,0.0,2.7195,0.0,0.3454231433506045,0.2915429423764869,56.4,43.6,False,Moderate fresh-food access
06085508205,Census Tract 5082.05; Santa Clara County; California,4334,213981,2.9,3.65,30,7,1,5,0.2333333333333333,1.6151361329026304,2.706328571428571,0.23073373327180433,1.1536686663590217,0.4881252539118235,95.6,4.4,False,Strong fresh-food access
06085504317,Census Tract 5043.17; Santa Clara County; California,3639,180859,2.7,3.88,30,6,2,6,0.2,1.6488046166529267,2.6943,0.5496015388843088,1.6488046166529267,0.476594132821781,95.1,4.9,False,Strong fresh-food access
06085508006,Census Tract 5080.06; Santa Clara County; California,3817,240833,3.3,0.57,23,0,0,5,0.0,0.0,2.6845,0.0,1.3099292638197537,0.2888342724408359,53.4,46.6,False,Moderate fresh-food access
06085505012,Census Tract 5050.12; Santa Clara County; California,2659,218750,0.8,3.74,12,0,0,5,0.0,0.0,2.669,0.0,1.8804061677322301,0.27647448586789,42.9,57.1,False,Moderate fresh-food access
06085503324,Census Tract 5033.24; Santa Clara County; California,3333,170399,3.0,0.87,1,0,0,0,0.0,0.0,2.6545,0.0,0.0,0.2548018561378312,28.9,71.1,False,Lower fresh-food access
06085511918,Census Tract 5119.18; Santa Clara County; California,3243,250001,1.5,2.75,0,0,0,0,,0.0,2.6375,0.0,0.0,0.2922497642126781,57.8,42.2,False,Moderate fresh-food access
06085508206,Census Tract 5082.06; Santa Clara County; California,4048,250001,3.5,0.0,4,0,1,1,0.0,0.0,2.575,0.24703557312252963,0.24703557312252963,0.2940594059405941,60.0,40.0,False,Above-average fresh-food access
06085502302,Census Tract 5023.02; Santa Clara County; California,3261,127175,1.7,4.23,11,2,1,2,0.1818181818181818,0.613308800981294,2.5716,0.306654400490647,0.613308800981294,0.3122135467117897,69.6,30.4,False,Above-average fresh-food access
06085508403,Census Tract 5084.03; Santa Clara County; California,3176,250001,2.2,1.6,9,0,1,0,0.0,0.0,2.55,0.3148614609571788,0.0,0.29327655048341594,59.1,40.9,False,Moderate fresh-food access
06085506000,Census Tract 5060; Santa Clara County; California,4988,197202,3.0,0.44,12,1,1,2,0.0833333333333333,0.20048115477145148,2.5016000000000003,0.20048115477145148,0.40096230954290296,0.2956912469278211,62.0,38.0,False,Above-average fresh-food access
06085503001,Census Tract 5030.01; Santa Clara County; California,4430,148750,3.2,0.0,8,0,1,2,0.0,0.0,2.4400000000000004,0.22573363431151242,0.45146726862302483,0.24578172765364403,21.8,78.2,False,Lower fresh-food access
06085502301,Census Tract 5023.01; Santa Clara County; California,3021,177692,2.5,2.02,21,1,0,7,0.0476190476190476,0.3310162197947699,2.4362,0.0,2.3171135385633894,0.3015615721171235,65.7,34.3,False,Above-average fresh-food access
06085512308,Census Tract 5123.08; Santa Clara County; California,8550,248750,3.0,0.59,27,2,0,10,0.074074074074074,0.23391812865497075,2.4115,0.0,1.1695906432748537,0.3247691415772969,73.8,26.2,False,Above-average fresh-food access
06085507401,Census Tract 5074.01; Santa Clara County; California,5800,244046,2.3,1.0,10,0,0,4,0.0,0.0,2.385,0.0,0.6896551724137931,0.2914630941991251,55.9,44.1,False,Moderate fresh-food access
06085507302,Census Tract 5073.02; Santa Clara County; California,2654,250001,4.7,0.0,36,2,0,12,0.0555555555555555,0.7535795026375283,2.3804000000000003,0.0,4.52147701582517,0.39335988271020017,88.0,12.0,False,Strong fresh-food access
06085506801,Census Tract 5068.01; Santa Clara County; California,6216,250001,3.6,1.26,27,4,1,7,0.1481481481481481,0.6435006435006435,2.3718,0.16087516087516088,1.1261261261261262,0.3780419840676381,85.0,15.0,False,Strong fresh-food access
06085504509,Census Tract 5045.09; Santa Clara County; California,4921,181165,2.5,3.07,30,6,0,5,0.2,1.219264377159114,2.363533333333333,0.0,1.016053647632595,0.420881693801948,91.4,8.6,False,Strong fresh-food access
06085511907,Census Tract 5119.07; Santa Clara County; California,4096,250001,0.9,2.71,5,0,0,0,0.0,0.0,2.3535,0.0,0.0,0.2935218108466323,59.3,40.7,False,Moderate fresh-food access
06085503326,Census Tract 5033.26; Santa Clara County; California,6829,235673,1.9,1.32,2,0,0,0,0.0,0.0,2.317,0.0,0.0,0.2875422790454663,51.2,48.8,False,Moderate fresh-food access
06085511912,Census Tract 5119.12; Santa Clara County; California,5286,232214,2.1,1.04,1,0,0,0,0.0,0.0,2.309,0.0,0.0,0.2860641473210261,49.8,50.2,False,Moderate fresh-food access
06085508301,Census Tract 5083.01; Santa Clara County; California,4461,250001,1.1,2.26,5,0,0,0,0.0,0.0,2.286,0.0,0.0,0.29406995924099333,60.3,39.7,False,Above-average fresh-food access
06085507205,Census Tract 5072.05; Santa Clara County; California,4459,244521,4.0,0.0,15,2,0,4,0.1333333333333333,0.4485310607759587,2.2459,0.0,0.8970621215519174,0.35094227904686925,80.6,19.4,False,Strong fresh-food access
06085507904,Census Tract 5079.04; Santa Clara County; California,2963,250001,1.5,1.32,4,0,1,1,0.0,0.0,2.137,0.3374957813027337,0.3374957813027337,0.2952501838517885,61.3,38.7,False,Above-average fresh-food access
06085506804,Census Tract 5068.04; Santa Clara County; California,4377,221071,2.5,0.0,6,0,0,0,0.0,0.0,2.125,0.0,0.0,0.2820756987006423,46.6,53.4,False,Moderate fresh-food access
06085503507,Census Tract 5035.07; Santa Clara County; California,2290,168716,4.2,0.0,7,2,0,3,0.2857142857142857,0.8733624454148472,2.119,0.0,1.3100436681222707,0.3712771277306364,84.1,15.9,False,Strong fresh-food access
06085511914,Census Tract 5119.14; Santa Clara County; California,6287,250001,1.9,2.36,16,3,3,4,0.1875,0.4771751232702402,2.1001333333333334,0.4771751232702402,0.6362334976936536,0.3566588347772064,81.4,18.6,False,Strong fresh-food access
06085508401,Census Tract 5084.01; Santa Clara County; California,8061,198816,1.7,1.5,24,2,1,2,0.0833333333333333,0.24810817516437167,2.0961,0.12405408758218583,0.24810817516437167,0.30324653680099356,66.9,33.1,False,Above-average fresh-food access
06085510002,Census Tract 5100.02; Santa Clara County; California,4131,250001,1.5,1.12,2,0,0,0,0.0,0.0,2.067,0.0,0.0,0.29566982296215355,61.8,38.2,False,Above-average fresh-food access
06085503339,Census Tract 5033.39; Santa Clara County; California,3827,250001,1.0,1.61,2,0,0,1,0.0,0.0,2.0135,0.0,0.26130128037627387,0.29563180615166007,61.5,38.5,False,Above-average fresh-food access
06085512305,Census Tract 5123.05; Santa Clara County; California,4029,247321,1.8,0.54,2,0,0,0,0.0,0.0,1.999,0.0,0.0,0.2949991370904736,60.8,39.2,False,Above-average fresh-food access
06085503338,Census Tract 5033.38; Santa Clara County; California,3972,250001,1.6,2.45,11,2,0,5,0.1818181818181818,0.5035246727089627,1.9747,0.0,1.2588116817724069,0.36061926954150236,82.6,17.4,False,Strong fresh-food access
06085510802,Census Tract 5108.02; Santa Clara County; California,2014,250001,2.1,2.48,11,3,0,2,0.2727272727272727,1.4895729890764648,1.947266666666667,0.0,0.9930486593843099,0.4926087937509317,95.8,4.2,False,Strong fresh-food access
06085511100,Census Tract 5111; Santa Clara County; California,5379,250001,2.9,1.05,12,4,1,1,0.3333333333333333,0.7436326454731362,1.94145,0.18590816136828406,0.18590816136828406,0.3933790541135215,88.2,11.8,False,Strong fresh-food access
06085511705,Census Tract 5117.05; Santa Clara County; California,2145,250001,2.3,2.34,40,5,0,20,0.125,2.331002331002331,1.9398,0.0,9.324009324009324,0.6060363554835745,98.3,1.7,False,Strong fresh-food access
06085512005,Census Tract 5120.05; Santa Clara County; California,6650,198012,3.2,0.56,13,5,0,2,0.3846153846153846,0.7518796992481203,1.902,0.0,0.3007518796992481,0.3698318425112669,83.6,16.4,False,Strong fresh-food access
06085512515,Census Tract 5125.15; Santa Clara County; California,4837,176250,0.9,1.27,2,0,0,1,0.0,0.0,1.8495,0.0,0.20673971469919372,0.26094514894965715,34.3,65.7,False,Lower fresh-food access
06085504700,Census Tract 5047; Santa Clara County; California,845,194917,1.7,0.0,0,0,0,0,,0.0,1.765,0.0,0.0,0.27103586893246734,40.2,59.8,False,Moderate fresh-food access
06085511502,Census Tract 5115.02; Santa Clara County; California,3022,250001,0.8,0.93,14,0,0,0,0.0,0.0,1.6855,0.0,0.0,0.29745461873086176,63.2,36.8,False,Above-average fresh-food access
06085511917,Census Tract 5119.17; Santa Clara County; California,4379,250001,0.8,0.85,1,0,0,0,0.0,0.0,1.6575,0.0,0.0,0.2976224743750078,63.5,36.5,False,Above-average fresh-food access
06085512034,Census Tract 5120.34; Santa Clara County; California,2997,157569,2.0,0.3,19,1,0,6,0.0526315789473684,0.333667000333667,1.6044,0.0,2.002002002002002,0.29680527327846606,63.0,37.0,False,Above-average fresh-food access
06085503330,Census Tract 5033.30; Santa Clara County; California,6550,250001,1.7,0.92,16,3,0,5,0.1875,0.4580152671755725,1.5236666666666667,0.0,0.7633587786259542,0.3574911323922223,81.9,18.1,False,Strong fresh-food access
06085507206,Census Tract 5072.06; Santa Clara County; California,2826,250001,1.1,0.0,2,0,0,0,0.0,0.0,1.495,0.0,0.0,0.29881188118811886,64.2,35.8,False,Above-average fresh-food access
06085510200,Census Tract 5102; Santa Clara County; California,4565,250001,0.9,2.22,11,3,0,3,0.2727272727272727,0.6571741511500547,1.4863333333333333,0.0,0.6571741511500547,0.3832191490109479,86.3,13.7,False,Strong fresh-food access
06085507807,Census Tract 5078.07; Santa Clara County; California,3115,250001,1.0,0.88,13,1,0,1,0.0769230769230769,0.32102728731942215,1.3810000000000002,0.0,0.32102728731942215,0.3404780956460657,78.2,21.8,False,Above-average fresh-food access
06085512312,Census Tract 5123.12; Santa Clara County; California,4066,206208,0.7,0.0,7,0,1,0,0.0,0.0,1.315,0.24594195769798327,0.0,0.27846599623978674,44.6,55.4,False,Moderate fresh-food access
06085509901,Census Tract 5099.01; Santa Clara County; California,2602,250001,1.6,1.16,22,3,0,4,0.1363636363636363,1.1529592621060722,1.2994666666666668,0.0,1.5372790161414296,0.45095090377776215,93.6,6.4,False,Strong fresh-food access
06085512029,Census Tract 5120.29; Santa Clara County; California,8115,180725,1.7,0.67,34,6,0,7,0.1764705882352941,0.7393715341959335,1.27,0.0,0.862600123228589,0.36253960091814286,83.1,16.9,False,Strong fresh-food access
06085511905,Census Tract 5119.05; Santa Clara County; California,3084,250001,0.7,1.77,14,2,0,4,0.1428571428571428,0.648508430609598,1.2429,0.0,1.297016861219196,0.38339015426930856,86.5,13.5,False,Strong fresh-food access
06085510400,Census Tract 5104; Santa Clara County; California,3495,250001,1.7,0.62,16,3,0,6,0.1875,0.8583690987124464,1.215,0.0,1.7167381974248928,0.4121383317778827,90.7,9.3,False,Strong fresh-food access
06085507500,Census Tract 5075; Santa Clara County; California,5955,214375,1.3,0.47,15,3,0,2,0.2,0.5037783375314862,1.1465,0.0,0.33585222502099077,0.34820605760823464,80.1,19.9,False,Strong fresh-food access
06085509304,Census Tract 5093.04; Santa Clara County; California,3175,207381,1.8,0.61,42,8,2,13,0.1904761904761904,2.5196850393700787,1.102875,0.6299212598425197,4.094488188976378,0.6155425656079665,98.8,1.2,False,Strong fresh-food access
06085508101,Census Tract 5081.01; Santa Clara County; California,6679,250001,0.8,1.41,84,8,0,17,0.0952380952380952,1.1977840994160802,1.020475,0.0,2.5452912112591703,0.4580585044797001,94.6,5.4,False,Strong fresh-food access
06085507701,Census Tract 5077.01; Santa Clara County; California,3788,234886,1.7,0.0,44,6,1,10,0.1363636363636363,1.583949313621964,0.8912666666666667,0.26399155227032733,2.6399155227032733,0.504042429496592,96.3,3.7,False,Strong fresh-food access
06085511913,Census Tract 5119.13; Santa Clara County; California,4282,250001,0.6,0.0,10,3,0,3,0.3,0.7006071929005138,0.5554666666666668,0.0,0.7006071929005138,0.3943314057001216,88.7,11.3,False,Strong fresh-food access
