geoid,name,total_population,median_household_income,poverty_rate_pct,households_no_vehicle_pct,total_food_businesses,fresh_food_businesses,limited_fresh_food_businesses,restaurant_businesses,fresh_food_share,fresh_food_per_1000_people,food_access_priority_score
06085511608,Census Tract 5116.08; Santa Clara County; California,3316,42824,35.8,47.66,43,0,0,11,0.0,0.0,33.791
06085513000,Census Tract 5130; Santa Clara County; California,12324,53696,21.9,43.68,68,1,0,17,0.014705882352941176,0.08114248620577734,27.6078
06085500902,Census Tract 5009.02; Santa Clara County; California,5377,42955,51.0,11.21,26,3,1,6,0.11538461538461539,0.5579319323042589,27.231966666666665
06085500901,Census Tract 5009.01; Santa Clara County; California,4298,72112,35.8,22.86,104,5,1,32,0.04807692307692308,1.1633317822242903,24.282919999999997
06085511302,Census Tract 5113.02; Santa Clara County; California,3880,139167,18.2,34.41,114,1,1,21,0.008771929824561403,0.25773195876288657,21.0095
06085503122,Census Tract 5031.22; Santa Clara County; California,3345,46371,20.4,31.69,56,7,2,19,0.125,2.092675635276532,20.36707142857143
06085503221,Census Tract 5032.21; Santa Clara County; California,2433,49323,23.2,23.73,17,6,0,6,0.35294117647058826,2.466091245376079,18.8266
06085501602,Census Tract 5016.02; Santa Clara County; California,2911,58466,26.0,18.8,12,3,0,3,0.25,1.0305736860185504,18.47406666666667
06085501000,Census Tract 5010; Santa Clara County; California,4928,58775,19.4,27.05,35,5,2,9,0.14285714285714285,1.0146103896103895,18.39462
06085503712,Census Tract 5037.12; Santa Clara County; California,3770,50612,27.0,15.06,10,1,0,2,0.1,0.26525198938992045,18.175
06085503710,Census Tract 5037.10; Santa Clara County; California,3046,43125,19.5,22.41,18,1,2,3,0.05555555555555555,0.3282994090610637,17.227700000000002
06085511915,Census Tract 5119.15; Santa Clara County; California,3754,81458,16.7,26.78,23,5,0,5,0.21739130434782608,1.3319126265316996,17.038159999999998
06085505203,Census Tract 5052.03; Santa Clara County; California,5725,139028,27.8,9.28,44,5,0,15,0.11363636363636363,0.8733624454148472,15.986999999999998
06085503112,Census Tract 5031.12; Santa Clara County; California,3978,76156,21.7,15.91,22,4,1,4,0.18181818181818182,1.0055304172951232,15.5324
06085501101,Census Tract 5011.01; Santa Clara County; California,3929,105138,22.9,12.41,29,6,1,8,0.20689655172413793,1.5271061338763043,14.779466666666664
06085503105,Census Tract 5031.05; Santa Clara County; California,2012,61838,19.9,15.85,95,7,1,15,0.07368421052631578,3.479125248508946,14.559985714285714
06085502204,Census Tract 5022.04; Santa Clara County; California,3394,68508,19.2,14.01,1,0,1,0,0.0,0.0,14.5435
06085503709,Census Tract 5037.09; Santa Clara County; California,5862,78089,18.4,14.1,11,1,1,4,0.09090909090909091,0.17059024223814398,14.3874
06085501601,Census Tract 5016.01; Santa Clara County; California,3558,120770,20.6,9.66,5,1,1,0,0.2,0.2810567734682406,13.362600000000002
06085505600,Census Tract 5056; Santa Clara County; California,4808,140263,20.1,10.67,40,3,3,10,0.075,0.6239600665557404,13.100033333333336
06085503713,Census Tract 5037.13; Santa Clara County; California,3082,68636,15.4,13.41,2,0,1,0,0.0,0.0,12.6235
06085503218,Census Tract 5032.18; Santa Clara County; California,4227,53036,11.8,19.67,19,3,1,3,0.15789473684210525,0.7097232079489,12.476300000000002
06085504808,Census Tract 5048.08; Santa Clara County; California,2111,117054,10.5,19.1,5,0,0,1,0.0,0.0,12.41
06085505100,Census Tract 5051; Santa Clara County; California,3993,115395,14.5,16.2,108,4,3,41,0.037037037037037035,1.0017530678687703,12.39465
06085508509,Census Tract 5085.09; Santa Clara County; California,4240,161270,9.2,22.5,19,3,0,6,0.15789473684210525,0.7075471698113207,12.297666666666666
06085506305,Census Tract 5063.05; Santa Clara County; California,5235,96150,12.7,14.68,18,1,0,4,0.05555555555555555,0.19102196752626552,11.9
06085505202,Census Tract 5052.02; Santa Clara County; California,8273,164928,19.1,8.48,111,11,3,42,0.0990990990990991,1.3296264958298079,11.713418181818183
06085501300,Census Tract 5013; Santa Clara County; California,3932,145260,13.5,13.08,17,1,2,4,0.058823529411764705,0.254323499491353,11.4394
06085508510,Census Tract 5085.10; Santa Clara County; California,3606,174167,14.2,13.93,36,5,2,7,0.1388888888888889,1.3865779256794233,11.40974
06085503305,Census Tract 5033.05; Santa Clara County; California,5874,103000,13.6,14.44,105,18,2,20,0.17142857142857143,3.0643513789581207,11.239266666666666
06085512022,Census Tract 5120.22; Santa Clara County; California,6275,94495,17.9,6.22,6,0,1,0,0.0,0.0,11.232
06085512511,Census Tract 5125.11; Santa Clara County; California,4774,124625,12.3,13.24,7,0,0,0,0.0,0.0,11.169
06085505700,Census Tract 5057; Santa Clara County; California,5636,125740,18.4,5.11,18,0,1,6,0.0,0.0,11.0685
06085503123,Census Tract 5031.23; Santa Clara County; California,3872,65525,12.7,12.66,5,1,0,1,0.2,0.25826446280991733,10.9204
06085503402,Census Tract 5034.02; Santa Clara County; California,4279,79306,14.0,12.2,14,4,1,1,0.2857142857142857,0.9347978499649451,10.78395
06085503213,Census Tract 5032.13; Santa Clara County; California,4920,72174,15.9,7.49,11,0,3,3,0.0,0.0,10.7765
06085510600,Census Tract 5106; Santa Clara County; California,6602,198068,18.8,2.78,22,1,0,7,0.045454545454545456,0.1514692517418964,10.7534
06085500200,Census Tract 5002; Santa Clara County; California,5439,115541,15.4,9.22,20,2,0,6,0.1,0.36771465342893916,10.7009
06085500800,Census Tract 5008; Santa Clara County; California,4834,151357,10.9,16.32,183,13,1,80,0.07103825136612021,2.689284236657013,10.691369230769231
06085502001,Census Tract 5020.01; Santa Clara County; California,4956,94794,13.4,12.34,34,4,1,10,0.11764705882352941,0.8071025020177562,10.5968
06085503327,Census Tract 5033.27; Santa Clara County; California,4434,172381,7.6,17.37,20,1,1,5,0.05,0.2255299954894001,10.386300000000002
06085502103,Census Tract 5021.03; Santa Clara County; California,4225,91591,17.6,3.86,8,0,0,3,0.0,0.0,10.271
06085511501,Census Tract 5115.01; Santa Clara County; California,4680,173470,10.3,15.5,54,6,0,14,0.1111111111111111,1.2820512820512822,10.216000000000001
06085507704,Census Tract 5077.04; Santa Clara County; California,3367,157014,5.9,18.54,2,0,0,0,0.0,0.0,10.143999999999998
06085506503,Census Tract 5065.03; Santa Clara County; California,6623,111225,5.9,19.68,41,4,1,10,0.0975609756097561,0.603955911218481,9.87415
06085504410,Census Tract 5044.10; Santa Clara County; California,3960,153523,10.9,11.5,20,1,2,1,0.05,0.25252525252525254,9.722
06085508602,Census Tract 5086.02; Santa Clara County; California,6074,180959,7.9,17.15,81,9,0,20,0.1111111111111111,1.481725386894962,9.692477777777777
06085509500,Census Tract 5095; Santa Clara County; California,5617,178892,7.9,14.25,9,1,1,0,0.1111111111111111,0.17803097739006588,9.6659
06085505402,Census Tract 5054.02; Santa Clara County; California,3051,167457,10.5,12.76,15,2,0,4,0.13333333333333333,0.6555227794165848,9.496099999999998
06085504510,Census Tract 5045.10; Santa Clara County; California,3900,159186,9.3,13.96,78,5,2,13,0.0641025641025641,1.2820512820512822,9.227000000000002
06085504320,Census Tract 5043.20; Santa Clara County; California,2990,183571,13.8,5.74,0,0,0,0,,0.0,9.219000000000001
06085503208,Census Tract 5032.08; Santa Clara County; California,3182,163558,17.0,1.41,3,0,1,1,0.0,0.0,9.1435
06085502002,Census Tract 5020.02; Santa Clara County; California,4985,117969,12.8,8.2,8,2,0,0,0.25,0.4012036108324975,9.1285
06085501402,Census Tract 5014.02; Santa Clara County; California,2703,94491,15.4,6.08,13,8,0,1,0.6153846153846154,2.959674435812061,9.125575
06085505013,Census Tract 5050.13; Santa Clara County; California,5637,215775,5.7,15.34,2,1,0,0,0.5,0.17739932588256166,9.061399999999999
06085504413,Census Tract 5044.13; Santa Clara County; California,1963,155982,7.2,15.92,12,2,0,4,0.16666666666666666,1.0188487009679064,9.008300000000002
06085512054,Census Tract 5120.54; Santa Clara County; California,4457,105292,12.0,7.45,0,0,0,0,,0.0,9.0075
06085505901,Census Tract 5059.01; Santa Clara County; California,4101,182763,4.9,18.77,24,4,1,4,0.16666666666666666,0.9753718605218239,8.97955
06085503601,Census Tract 5036.01; Santa Clara County; California,3524,98021,13.9,7.35,23,5,1,6,0.21739130434782608,1.4188422247446084,8.96846
06085503121,Census Tract 5031.21; Santa Clara County; California,5073,92607,13.3,7.77,46,4,0,9,0.08695652173913043,0.7884880741178789,8.95815
06085503708,Census Tract 5037.08; Santa Clara County; California,2530,103446,11.9,9.62,25,5,0,4,0.2,1.976284584980237,8.8232
06085501502,Census Tract 5015.02; Santa Clara County; California,4350,111089,11.7,9.47,7,4,1,0,0.5714285714285714,0.9195402298850575,8.796999999999999
06085503126,Census Tract 5031.26; Santa Clara County; California,3964,178929,11.8,7.09,3,0,1,0,0.0,0.0,8.7915
06085512603,Census Tract 5126.03; Santa Clara County; California,4877,90139,14.8,5.74,66,8,3,24,0.12121212121212122,1.6403526758253024,8.790925
06085509600,Census Tract 5096; Santa Clara County; California,3724,188676,14.7,5.61,97,5,0,23,0.05154639175257732,1.3426423200859292,8.72746
06085512043,Census Tract 5120.43; Santa Clara County; California,5266,81984,7.1,12.79,12,1,2,2,0.08333333333333333,0.189897455374098,8.7247
06085503124,Census Tract 5031.24; Santa Clara County; California,6075,124229,15.6,1.85,18,0,1,6,0.0,0.0,8.6675
06085506304,Census Tract 5063.04; Santa Clara County; California,5956,113893,11.8,6.73,11,0,1,2,0.0,0.0,8.665500000000002
06085509902,Census Tract 5099.02; Santa Clara County; California,5161,222955,10.9,10.41,33,11,0,3,0.3333333333333333,2.1313698895562876,8.642336363636364
06085501401,Census Tract 5014.01; Santa Clara County; California,2902,80216,7.9,14.25,26,6,0,2,0.23076923076923078,2.067539627842867,8.639233333333333
06085500600,Census Tract 5006; Santa Clara County; California,5748,140045,9.0,11.44,27,2,1,9,0.07407407407407407,0.34794711203897005,8.628799999999998
06085508708,Census Tract 5087.08; Santa Clara County; California,6682,250001,7.3,14.66,60,7,1,16,0.11666666666666667,1.047590541753966,8.606914285714286
06085503602,Census Tract 5036.02; Santa Clara County; California,4876,98611,7.9,13.62,18,4,0,4,0.2222222222222222,0.8203445447087777,8.5658
06085501901,Census Tract 5019.01; Santa Clara County; California,3126,147727,9.2,12.27,16,5,0,6,0.3125,1.599488163787588,8.55954
06085502203,Census Tract 5022.03; Santa Clara County; California,3875,125750,12.7,5.77,10,1,0,4,0.1,0.25806451612903225,8.5095
06085509303,Census Tract 5093.03; Santa Clara County; California,3565,175288,5.4,14.29,1,0,0,0,0.0,0.0,8.4315
06085503711,Census Tract 5037.11; Santa Clara County; California,4023,109167,16.5,1.72,10,2,0,2,0.2,0.49714143673875216,8.4293
06085503117,Census Tract 5031.17; Santa Clara County; California,2602,79205,10.2,10.38,31,3,3,3,0.0967741935483871,1.1529592621060722,8.396466666666665
06085509401,Census Tract 5094.01; Santa Clara County; California,4746,149258,7.7,13.03,16,3,1,3,0.1875,0.6321112515802781,8.341899999999999
06085512057,Census Tract 5120.57; Santa Clara County; California,4385,176016,9.6,8.57,6,0,0,1,0.0,0.0,8.3195
06085503110,Census Tract 5031.10; Santa Clara County; California,3617,77353,14.2,4.43,12,2,1,2,0.16666666666666666,0.552944429084877,8.3022
06085512019,Census Tract 5120.19; Santa Clara County; California,4380,122813,14.3,2.83,8,1,0,1,0.125,0.228310502283105,8.3015
06085505401,Census Tract 5054.01; Santa Clara County; California,6607,162000,14.4,3.23,43,2,4,9,0.046511627906976744,0.3027092477675193,8.2712
06085512042,Census Tract 5120.42; Santa Clara County; California,2830,111875,9.6,8.37,8,0,1,2,0.0,0.0,8.2495
06085501700,Census Tract 5017; Santa Clara County; California,4871,94736,13.1,5.34,42,3,0,13,0.07142857142857142,0.6158899609936358,8.088733333333332
06085504414,Census Tract 5044.14; Santa Clara County; California,5141,165761,11.2,7.03,19,2,1,1,0.10526315789473684,0.3890293717175647,8.014600000000002
06085502101,Census Tract 5021.01; Santa Clara County; California,5361,144038,11.3,5.41,10,0,1,2,0.0,0.0,7.9785
06085506505,Census Tract 5065.05; Santa Clara County; California,4187,115833,15.2,2.38,8,3,0,2,0.375,0.7165034631000716,7.952133333333333
06085503306,Census Tract 5033.06; Santa Clara County; California,3852,119091,10.4,7.91,17,2,0,6,0.11764705882352941,0.5192107995846313,7.833700000000001
06085502910,Census Tract 5029.10; Santa Clara County; California,3785,110091,11.7,6.9,43,8,1,9,0.18604651162790697,2.1136063408190227,7.7746249999999995
06085504002,Census Tract 5040.02; Santa Clara County; California,6376,92091,11.3,4.03,21,1,1,6,0.047619047619047616,0.15683814303638646,7.770700000000001
06085504318,Census Tract 5043.18; Santa Clara County; California,7989,106535,14.6,2.11,55,4,1,15,0.07272727272727272,0.5006884466140944,7.70795
06085504319,Census Tract 5043.19; Santa Clara County; California,5980,227279,10.3,6.67,28,2,1,7,0.07142857142857142,0.33444816053511706,7.5675
06085503401,Census Tract 5034.01; Santa Clara County; California,4073,111576,13.9,3.1,15,4,0,3,0.26666666666666666,0.9820770930518046,7.5436499999999995
06085509202,Census Tract 5092.02; Santa Clara County; California,4222,228462,10.4,7.33,18,3,0,5,0.16666666666666666,0.7105637138796779,7.526966666666667
06085504001,Census Tract 5040.01; Santa Clara County; California,4873,87364,11.2,6.16,22,3,0,7,0.13636363636363635,0.615637184485943,7.520866666666667
06085503113,Census Tract 5031.13; Santa Clara County; California,4028,95625,4.6,13.07,13,1,0,5,0.07692307692307693,0.24826216484607747,7.450099999999999
06085512310,Census Tract 5123.10; Santa Clara County; California,5234,100506,8.3,10.09,36,6,1,13,0.16666666666666666,1.146350783339702,7.440966666666667
06085504322,Census Tract 5043.22; Santa Clara County; California,5285,167583,14.2,2.22,31,4,0,8,0.12903225806451613,0.7568590350047304,7.4312499999999995
06085510803,Census Tract 5108.03; Santa Clara County; California,3406,250001,7.0,10.21,8,1,0,4,0.125,0.29359953024075164,7.4047
06085503116,Census Tract 5031.16; Santa Clara County; California,6396,109509,7.9,7.24,12,1,0,2,0.08333333333333333,0.15634771732332708,7.368200000000001
06085503511,Census Tract 5035.11; Santa Clara County; California,3560,125972,9.5,5.97,2,0,0,0,0.0,0.0,7.3645
06085512024,Census Tract 5120.24; Santa Clara County; California,5288,136168,8.8,8.66,41,3,2,9,0.07317073170731707,0.56732223903177,7.343533333333333
06085508707,Census Tract 5087.07; Santa Clara County; California,3907,173165,7.0,9.09,5,0,1,0,0.0,0.0,7.3315
06085503903,Census Tract 5039.03; Santa Clara County; California,2911,131806,9.0,6.49,13,0,0,2,0.0,0.0,7.3215
06085508005,Census Tract 5080.05; Santa Clara County; California,3835,206389,5.4,11.74,32,1,0,9,0.03125,0.2607561929595828,7.306
06085504802,Census Tract 5048.02; Santa Clara County; California,4506,116525,8.3,7.26,16,0,3,7,0.0,0.0,7.276
06085505010,Census Tract 5050.10; Santa Clara County; California,4756,202663,9.9,7.84,213,20,1,83,0.09389671361502347,4.205214465937763,7.24656
06085508508,Census Tract 5085.08; Santa Clara County; California,5873,133065,10.3,4.1,11,1,1,3,0.09090909090909091,0.17027073046143368,7.2446
06085508503,Census Tract 5085.03; Santa Clara County; California,6020,167763,8.0,9.91,42,7,1,7,0.16666666666666666,1.1627906976744187,7.2405
06085512039,Census Tract 5120.39; Santa Clara County; California,5717,134158,11.9,3.62,15,2,0,2,0.13333333333333333,0.34983382893125764,7.1937
06085511707,Census Tract 5117.07; Santa Clara County; California,3047,203068,5.9,10.09,7,0,0,1,0.0,0.0,7.1865000000000006
06085504507,Census Tract 5045.07; Santa Clara County; California,6052,163724,6.4,11.0,39,3,1,9,0.07692307692307693,0.495703899537343,7.133466666666667
06085504422,Census Tract 5044.22; Santa Clara County; California,3440,141111,9.7,5.9,30,1,0,3,0.03333333333333333,0.29069767441860467,7.117999999999999
06085507905,Census Tract 5079.05; Santa Clara County; California,6596,141429,3.8,14.17,25,3,1,6,0.12,0.45482110369921164,7.109233333333332
06085513500,Census Tract 5135; Santa Clara County; California,1009,102750,15.3,0.0,9,1,1,2,0.1111111111111111,0.9910802775024777,7.0868
06085503337,Census Tract 5033.37; Santa Clara County; California,4409,159904,7.6,7.92,6,1,0,0,0.16666666666666666,0.22680880018144703,7.0738
06085503325,Census Tract 5033.25; Santa Clara County; California,4478,145991,14.8,0.8,24,7,3,4,0.2916666666666667,1.5631978561857973,7.0679428571428575
06085504411,Census Tract 5044.11; Santa Clara County; California,5553,166354,11.9,2.01,4,0,0,0,0.0,0.0,7.0585
06085501200,Census Tract 5012; Santa Clara County; California,4163,108913,13.5,1.98,4,3,0,1,0.75,0.720634158059092,7.045533333333333
06085512512,Census Tract 5125.12; Santa Clara County; California,3406,101793,12.0,1.73,3,0,0,0,0.0,0.0,7.0055000000000005
06085504806,Census Tract 5048.06; Santa Clara County; California,2753,158750,3.5,14.65,9,2,0,1,0.2222222222222222,0.726480203414457,6.977799999999999
06085501501,Census Tract 5015.01; Santa Clara County; California,4403,81859,8.9,5.9,4,1,0,1,0.25,0.2271178741766977,6.9506000000000006
06085504412,Census Tract 5044.12; Santa Clara County; California,4928,149659,7.7,7.1,12,0,0,5,0.0,0.0,6.95
06085509403,Census Tract 5094.03; Santa Clara County; California,4115,177847,8.7,6.29,17,1,2,3,0.058823529411764705,0.24301336573511542,6.9395
06085503315,Census Tract 5033.15; Santa Clara County; California,7822,152083,6.9,6.44,21,1,2,6,0.047619047619047616,0.12784454103809767,6.9234
06085503508,Census Tract 5035.08; Santa Clara County; California,5979,125469,10.3,3.12,6,1,1,1,0.16666666666666666,0.16725204883759826,6.9228000000000005
06085506402,Census Tract 5064.02; Santa Clara County; California,5257,121413,8.6,7.2,13,2,0,3,0.15384615384615385,0.38044512079132586,6.9157
06085503125,Census Tract 5031.25; Santa Clara County; California,4082,160833,9.5,4.66,1,0,0,0,0.0,0.0,6.906000000000001
06085503313,Census Tract 5033.13; Santa Clara County; California,4449,250001,12.1,1.18,1,0,0,0,0.0,0.0,6.8580000000000005
06085509111,Census Tract 5091.11; Santa Clara County; California,4643,135398,7.6,6.89,5,0,1,2,0.0,0.0,6.8315
06085504506,Census Tract 5045.06; Santa Clara County; California,7188,164879,6.3,9.26,31,2,1,12,0.06451612903225806,0.27824151363383415,6.7947999999999995
06085512056,Census Tract 5120.56; Santa Clara County; California,3807,123674,8.3,5.84,1,0,0,0,0.0,0.0,6.779
06085510900,Census Tract 5109; Santa Clara County; California,4431,183536,2.1,13.69,8,0,0,1,0.0,0.0,6.7364999999999995
06085512021,Census Tract 5120.21; Santa Clara County; California,5782,148548,8.5,5.39,3,0,0,2,0.0,0.0,6.7115
06085506301,Census Tract 5063.01; Santa Clara County; California,4994,138411,9.6,5.31,34,2,3,8,0.058823529411764705,0.4004805766920304,6.677899999999999
06085511609,Census Tract 5116.09; Santa Clara County; California,3441,148365,6.0,10.88,87,5,0,29,0.05747126436781609,1.4530659691950014,6.64564
06085512027,Census Tract 5120.27; Santa Clara County; California,3908,106406,7.2,9.11,64,5,2,14,0.078125,1.2794268167860798,6.58482
06085503304,Census Tract 5033.04; Santa Clara County; California,6566,101039,9.4,5.47,65,3,4,12,0.046153846153846156,0.45689917758148035,6.582233333333334
06085512313,Census Tract 5123.13; Santa Clara County; California,4008,107198,11.0,3.86,32,3,1,14,0.09375,0.7485029940119761,6.5682
06085512032,Census Tract 5120.32; Santa Clara County; California,3754,173750,12.3,2.2,19,3,1,3,0.15789473684210525,0.7991475759190197,6.555266666666666
06085512401,Census Tract 5124.01; Santa Clara County; California,3961,197540,12.3,1.76,10,2,0,2,0.2,0.5049229992426155,6.5470999999999995
06085509107,Census Tract 5091.07; Santa Clara County; California,5107,143611,4.6,9.86,6,0,0,1,0.0,0.0,6.520999999999999
06085503802,Census Tract 5038.02; Santa Clara County; California,7647,114023,8.9,5.7,9,3,1,0,0.3333333333333333,0.39231071008238527,6.5098
06085507002,Census Tract 5070.02; Santa Clara County; California,3325,250001,12.2,0.0,1,0,0,0,0.0,0.0,6.49
06085503222,Census Tract 5032.22; Santa Clara County; California,5434,122526,4.5,11.63,20,3,1,4,0.15,0.5520794994479205,6.457766666666666
06085504805,Census Tract 5048.05; Santa Clara County; California,7409,149207,8.7,2.96,9,1,1,2,0.1111111111111111,0.13497098123903362,6.432799999999999
06085502202,Census Tract 5022.02; Santa Clara County; California,3150,113958,9.8,4.81,24,2,0,5,0.08333333333333333,0.6349206349206349,6.4085
06085511704,Census Tract 5117.04; Santa Clara County; California,4480,250001,10.8,1.49,5,0,0,2,0.0,0.0,6.3815
06085508507,Census Tract 5085.07; Santa Clara County; California,3388,174267,10.6,3.63,13,2,1,3,0.15384615384615385,0.5903187721369539,6.3793
06085504308,Census Tract 5043.08; Santa Clara County; California,4898,212941,8.0,5.0,7,0,1,0,0.0,0.0,6.35
06085502703,Census Tract 5027.03; Santa Clara County; California,4296,145541,10.8,1.6,14,1,1,2,0.07142857142857142,0.23277467411545624,6.2792
06085506605,Census Tract 5066.05; Santa Clara County; California,4275,139265,8.0,5.13,13,1,2,5,0.07692307692307693,0.23391812865497075,6.250500000000001
06085505014,Census Tract 5050.14; Santa Clara County; California,6478,159833,7.8,4.94,7,0,0,5,0.0,0.0,6.239
06085502601,Census Tract 5026.01; Santa Clara County; California,3329,193125,3.4,12.81,15,3,0,5,0.2,0.9011715229798738,6.235433333333334
06085503707,Census Tract 5037.07; Santa Clara County; California,4665,109000,6.4,6.85,9,1,0,6,0.1111111111111111,0.21436227224008575,6.2105
06085508505,Census Tract 5085.05; Santa Clara County; California,4833,205625,8.0,4.55,10,0,1,3,0.0,0.0,6.1925
06085512038,Census Tract 5120.38; Santa Clara County; California,3217,101308,8.4,4.03,1,0,0,0,0.0,0.0,6.1905
06085505302,Census Tract 5053.02; Santa Clara County; California,4958,213365,6.3,6.55,18,1,0,3,0.05555555555555555,0.20169423154497781,6.1190999999999995
06085512514,Census Tract 5125.14; Santa Clara County; California,2899,111250,7.5,4.98,2,0,1,1,0.0,0.0,6.118
06085509106,Census Tract 5091.06; Santa Clara County; California,4123,159951,6.2,8.31,33,2,1,7,0.06060606060606061,0.4850836769342712,6.1108
06085503336,Census Tract 5033.36; Santa Clara County; California,2861,190000,7.0,5.56,5,0,0,2,0.0,0.0,6.096
06085502104,Census Tract 5021.04; Santa Clara County; California,2459,102105,9.6,2.2,13,0,1,3,0.0,0.0,6.09
06085505011,Census Tract 5050.11; Santa Clara County; California,4828,156446,2.9,10.79,3,0,0,0,0.0,0.0,6.081499999999999
06085510500,Census Tract 5105; Santa Clara County; California,4911,250001,5.2,7.77,19,0,0,7,0.0,0.0,6.0595
06085506401,Census Tract 5064.01; Santa Clara County; California,4758,172134,6.8,7.57,57,3,0,15,0.05263157894736842,0.6305170239596469,6.0267
06085506103,Census Tract 5061.03; Santa Clara County; California,5187,231563,6.2,7.62,19,2,0,2,0.10526315789473684,0.385579332947754,5.9757
06085503002,Census Tract 5030.02; Santa Clara County; California,3635,139863,4.4,10.28,18,2,1,4,0.1111111111111111,0.5502063273727648,5.9415
06085503207,Census Tract 5032.07; Santa Clara County; California,3446,145278,9.4,2.03,0,0,0,0,,0.0,5.9405
06085504323,Census Tract 5043.23; Santa Clara County; California,5814,161552,6.8,6.97,11,3,1,2,0.2727272727272727,0.5159958720330238,5.887099999999999
06085503212,Census Tract 5032.12; Santa Clara County; California,4226,128750,6.3,6.21,16,1,0,6,0.0625,0.23663038334122102,5.8537
06085509302,Census Tract 5093.02; Santa Clara County; California,3508,169896,5.2,9.33,13,3,0,4,0.23076923076923078,0.855188141391106,5.839366666666667
06085504601,Census Tract 5046.01; Santa Clara County; California,1212,74250,10.1,3.51,101,4,1,48,0.039603960396039604,3.3003300330033003,5.8341
06085500500,Census Tract 5005; Santa Clara County; California,5185,166514,3.5,11.53,24,5,1,6,0.20833333333333334,0.9643201542912246,5.8179
06085503804,Census Tract 5038.04; Santa Clara County; California,6231,141289,6.3,8.18,45,11,1,8,0.24444444444444444,1.7653667148130316,5.811290909090909
06085503329,Census Tract 5033.29; Santa Clara County; California,3294,217369,7.4,4.11,4,0,0,2,0.0,0.0,5.7685
06085503331,Census Tract 5033.31; Santa Clara County; California,3481,126324,5.7,6.29,4,0,0,1,0.0,0.0,5.7665
06085504424,Census Tract 5044.24; Santa Clara County; California,4974,153333,5.0,7.2,8,1,0,3,0.125,0.2010454362685967,5.764799999999999
06085512036,Census Tract 5120.36; Santa Clara County; California,4768,138841,5.3,6.79,0,0,0,0,,0.0,5.7615
06085512052,Census Tract 5120.52; Santa Clara County; California,4491,132699,5.5,8.94,32,6,0,9,0.1875,1.3360053440213762,5.753699999999999
06085508003,Census Tract 5080.03; Santa Clara County; California,2236,198500,9.1,1.85,7,0,0,1,0.0,0.0,5.7425
06085506603,Census Tract 5066.03; Santa Clara County; California,4295,250001,6.2,5.4,3,0,0,1,0.0,0.0,5.68
06085501102,Census Tract 5011.02; Santa Clara County; California,4273,144609,9.1,1.9,10,1,1,2,0.1,0.23402761525860052,5.614599999999999
06085505403,Census Tract 5054.03; Santa Clara County; California,8136,182500,6.1,5.85,22,2,2,2,0.09090909090909091,0.24582104228121926,5.6061000000000005
06085506606,Census Tract 5066.06; Santa Clara County; California,4976,133700,8.7,4.39,27,7,1,5,0.25925925925925924,1.4067524115755627,5.593671428571428
06085509802,Census Tract 5098.02; Santa Clara County; California,3090,220694,7.6,3.31,6,0,2,1,0.0,0.0,5.5785
06085508800,Census Tract 5088; Santa Clara County; California,3619,143333,7.8,5.21,18,3,0,5,0.16666666666666666,0.8289582757667864,5.574766666666666
06085503211,Census Tract 5032.11; Santa Clara County; California,4651,104677,8.6,2.2,3,1,0,0,0.3333333333333333,0.2150075252633842,5.570200000000001
06085503220,Census Tract 5032.20; Santa Clara County; California,4691,96705,6.6,6.43,13,3,0,2,0.23076923076923078,0.6395224898742272,5.533233333333333
06085504902,Census Tract 5049.02; Santa Clara County; California,4410,196797,3.8,8.01,4,0,0,3,0.0,0.0,5.5135
06085502800,Census Tract 5028; Santa Clara County; California,4236,185962,8.6,1.81,7,0,1,1,0.0,0.0,5.5035
06085502901,Census Tract 5029.01; Santa Clara County; California,6044,135846,8.0,4.57,25,4,0,10,0.16,0.6618133686300464,5.5017000000000005
06085507004,Census Tract 5070.04; Santa Clara County; California,3844,175347,8.3,4.49,104,4,1,24,0.038461538461538464,1.0405827263267429,5.4986999999999995
06085504102,Census Tract 5041.02; Santa Clara County; California,5273,156450,8.8,3.67,17,5,1,2,0.29411764705882354,0.9482268158543523,5.45542
06085509102,Census Tract 5091.02; Santa Clara County; California,4704,229505,5.5,5.79,29,1,0,13,0.034482758620689655,0.21258503401360543,5.4423
06085510100,Census Tract 5101; Santa Clara County; California,2792,250001,9.8,0.0,1,0,0,0,0.0,0.0,5.41
06085503504,Census Tract 5035.04; Santa Clara County; California,5526,139180,6.5,3.9,19,1,1,4,0.05263157894736842,0.18096272167933405,5.3952
06085512510,Census Tract 5125.10; Santa Clara County; California,7673,117083,3.7,8.46,23,2,1,4,0.08695652173913043,0.260654242147791,5.3933
06085512314,Census Tract 5123.14; Santa Clara County; California,7110,152349,7.8,4.65,67,6,1,19,0.08955223880597014,0.8438818565400844,5.374499999999999
06085503321,Census Tract 5033.21; Santa Clara County; California,4351,152238,2.5,11.29,15,3,0,3,0.2,0.689496667432774,5.366566666666666
06085505305,Census Tract 5053.05; Santa Clara County; California,5672,205550,6.3,3.99,21,1,1,3,0.047619047619047616,0.1763046544428773,5.365900000000001
06085505301,Census Tract 5053.01; Santa Clara County; California,5414,200781,5.7,6.42,9,2,0,2,0.2222222222222222,0.3694126339120798,5.3534
06085503127,Census Tract 5031.27; Santa Clara County; California,5300,191908,7.4,2.92,2,0,0,0,0.0,0.0,5.352
06085500300,Census Tract 5003; Santa Clara County; California,4195,107431,9.6,2.72,96,13,0,19,0.13541666666666666,3.098927294398093,5.336538461538462
06085509700,Census Tract 5097; Santa Clara County; California,3064,209607,4.6,6.47,9,0,1,1,0.0,0.0,5.3345
06085506601,Census Tract 5066.01; Santa Clara County; California,3825,133194,4.5,6.59,31,0,1,7,0.0,0.0,5.3315
06085503902,Census Tract 5039.02; Santa Clara County; California,6187,121083,9.5,0.0,12,0,1,2,0.0,0.0,5.275
06085509201,Census Tract 5092.01; Santa Clara County; California,5287,182611,1.8,11.23,13,2,1,5,0.15384615384615385,0.3782863627766219,5.2692
06085508706,Census Tract 5087.06; Santa Clara County; California,4295,216210,4.3,6.6,4,0,0,0,0.0,0.0,5.244999999999999
06085504505,Census Tract 5045.05; Santa Clara County; California,11610,229572,2.5,5.12,15,1,1,0,0.06666666666666667,0.08613264427217916,5.239
06085505006,Census Tract 5050.06; Santa Clara County; California,11179,240086,6.6,5.68,159,11,2,48,0.06918238993710692,0.98398783433223,5.161254545454545
06085509110,Census Tract 5091.10; Santa Clara County; California,3317,192045,5.8,4.38,6,0,0,1,0.0,0.0,5.143
06085512023,Census Tract 5120.23; Santa Clara County; California,5346,106684,5.6,4.49,8,0,0,5,0.0,0.0,5.0915
06085505015,Census Tract 5050.15; Santa Clara County; California,5169,167422,3.5,8.52,29,2,0,13,0.06896551724137931,0.3869220352099052,5.073899999999999
06085503509,Census Tract 5035.09; Santa Clara County; California,3990,151786,4.5,5.78,6,0,1,0,0.0,0.0,5.048
06085506203,Census Tract 5062.03; Santa Clara County; California,6717,142791,7.2,4.66,40,10,2,9,0.25,1.4887598630340926,5.00534
06085512505,Census Tract 5125.05; Santa Clara County; California,7683,99742,7.2,3.57,21,3,0,9,0.14285714285714285,0.3904724716907458,5.0017
06085503506,Census Tract 5035.06; Santa Clara County; California,6220,101146,5.8,3.24,6,1,0,1,0.16666666666666666,0.1607717041800643,4.9879999999999995
06085502906,Census Tract 5029.06; Santa Clara County; California,5021,126438,6.7,2.6,10,1,1,0,0.1,0.19916351324437362,4.9292
06085504315,Census Tract 5043.15; Santa Clara County; California,6475,182784,7.9,1.04,1,0,0,0,0.0,0.0,4.9190000000000005
06085503323,Census Tract 5033.23; Santa Clara County; California,3809,169484,5.0,4.76,1,0,0,0,0.0,0.0,4.916
06085512053,Census Tract 5120.53; Santa Clara County; California,4815,117292,6.3,3.16,7,1,1,0,0.14285714285714285,0.20768431983385255,4.904
06085506803,Census Tract 5068.03; Santa Clara County; California,7056,194219,6.7,1.32,13,1,0,5,0.07692307692307693,0.1417233560090703,4.8882
06085505902,Census Tract 5059.02; Santa Clara County; California,3893,107079,7.0,2.5,8,1,0,1,0.125,0.25687130747495507,4.8036
06085509108,Census Tract 5091.08; Santa Clara County; California,4617,219063,4.0,7.17,24,2,0,13,0.08333333333333333,0.43318171973142733,4.7712
06085509001,Census Tract 5090.01; Santa Clara County; California,3031,162981,7.6,2.1,13,1,1,1,0.07692307692307693,0.32992411745298583,4.7612000000000005
06085503217,Census Tract 5032.17; Santa Clara County; California,3669,81786,5.5,5.45,12,2,1,3,0.16666666666666666,0.5451076587626056,4.7494000000000005
06085512402,Census Tract 5124.02; Santa Clara County; California,5696,148833,5.7,3.37,2,0,1,0,0.0,0.0,4.7445
06085507203,Census Tract 5072.03; Santa Clara County; California,3097,224464,5.5,3.57,5,0,0,0,0.0,0.0,4.7245
06085509801,Census Tract 5098.01; Santa Clara County; California,5969,167957,1.5,9.72,27,2,0,7,0.07407407407407407,0.3350644999162339,4.6739
06085501800,Census Tract 5018; Santa Clara County; California,4786,142235,6.8,3.23,15,2,0,2,0.13333333333333333,0.41788549937317176,4.6691
06085508204,Census Tract 5082.04; Santa Clara County; California,4725,250001,4.7,5.94,4,2,1,0,0.5,0.42328042328042326,4.666500000000001
06085511911,Census Tract 5119.11; Santa Clara County; California,4601,167639,7.0,1.47,7,0,0,0,0.0,0.0,4.6645
06085503219,Census Tract 5032.19; Santa Clara County; California,2738,60451,5.7,4.36,12,1,0,3,0.08333333333333333,0.36523009495982467,4.6386
06085506703,Census Tract 5067.03; Santa Clara County; California,3870,154149,5.1,4.48,10,1,1,3,0.1,0.25839793281653745,4.6370000000000005
06085500100,Census Tract 5001; Santa Clara County; California,8285,163061,6.0,4.85,36,7,2,8,0.19444444444444445,0.8449004224502112,4.634214285714286
06085508601,Census Tract 5086.01; Santa Clara County; California,3914,195804,4.3,4.81,12,0,0,4,0.0,0.0,4.6185
06085510700,Census Tract 5107; Santa Clara County; California,4740,182266,3.3,6.09,23,0,2,8,0.0,0.0,4.6165
06085508900,Census Tract 5089; Santa Clara County; California,4428,156726,8.0,2.06,21,3,2,4,0.14285714285714285,0.6775067750677507,4.6162
06085502701,Census Tract 5027.01; Santa Clara County; California,5691,133658,7.4,3.39,56,12,2,8,0.21428571428571427,2.1085925144965736,4.61135
06085503111,Census Tract 5031.11; Santa Clara County; California,5418,133628,7.0,1.25,3,0,0,0,0.0,0.0,4.5875
06085511301,Census Tract 5113.01; Santa Clara County; California,4163,238750,3.4,7.43,9,2,0,1,0.2222222222222222,0.48042277203939465,4.546799999999999
06085507805,Census Tract 5078.05; Santa Clara County; California,4888,201939,7.1,3.39,33,6,2,11,0.18181818181818182,1.227495908346972,4.544433333333333
06085504101,Census Tract 5041.01; Santa Clara County; California,3628,144167,8.2,1.39,7,2,1,1,0.2857142857142857,0.5512679162072768,4.5393
06085504321,Census Tract 5043.21; Santa Clara County; California,5556,189867,4.2,4.26,25,1,2,7,0.04,0.17998560115190784,4.4922
06085509404,Census Tract 5094.04; Santa Clara County; California,6256,203864,3.7,7.45,40,6,1,12,0.15,0.959079283887468,4.481033333333333
06085504418,Census Tract 5044.18; Santa Clara County; California,3951,116310,6.3,3.95,20,3,1,2,0.15,0.7593014426727411,4.4809
06085506202,Census Tract 5062.02; Santa Clara County; California,8313,189032,3.8,5.51,37,2,0,6,0.05405405405405406,0.24058703235895584,4.469799999999999
06085504307,Census Tract 5043.07; Santa Clara County; California,5716,154801,4.3,6.14,22,3,1,6,0.13636363636363635,0.5248425472358292,4.465066666666666
06085500400,Census Tract 5004; Santa Clara County; California,2678,152973,2.4,8.12,6,1,0,1,0.16666666666666666,0.37341299477221807,4.457599999999999
06085512602,Census Tract 5126.02; Santa Clara County; California,3124,140556,9.0,0.95,79,10,3,15,0.12658227848101267,3.201024327784891,4.444979999999999
06085506101,Census Tract 5061.01; Santa Clara County; California,4643,190750,4.4,4.36,13,1,1,3,0.07692307692307693,0.21537798836958863,4.4346000000000005
06085506504,Census Tract 5065.04; Santa Clara County; California,2136,104787,5.9,4.7,13,4,1,4,0.3076923076923077,1.8726591760299625,4.4068000000000005
06085504807,Census Tract 5048.07; Santa Clara County; California,5920,230829,3.4,5.3,2,0,0,0,0.0,0.0,4.385
06085508305,Census Tract 5083.05; Santa Clara County; California,5284,121145,4.4,3.85,5,0,0,1,0.0,0.0,4.327500000000001
06085505007,Census Tract 5050.07; Santa Clara County; California,4223,164115,7.0,0.5,36,0,1,9,0.0,0.0,4.324999999999999
06085504201,Census Tract 5042.01; Santa Clara County; California,6020,197750,6.7,0.8,12,0,1,4,0.0,0.0,4.295
06085502400,Census Tract 5024; Santa Clara County; California,7107,222311,6.8,2.13,45,3,0,13,0.06666666666666667,0.42211903756859437,4.2793
06085502603,Census Tract 5026.03; Santa Clara County; California,2816,206125,7.2,2.62,25,5,0,6,0.2,1.7755681818181819,4.26964
06085512311,Census Tract 5123.11; Santa Clara County; California,4119,139074,6.3,3.51,31,5,2,6,0.16129032258064516,1.2138868657441126,4.22826
06085504421,Census Tract 5044.21; Santa Clara County; California,5422,172500,5.4,2.24,18,0,1,3,0.0,0.0,4.214
06085512030,Census Tract 5120.30; Santa Clara County; California,2898,181326,4.0,4.0,1,0,0,0,0.0,0.0,4.2
06085509109,Census Tract 5091.09; Santa Clara County; California,7153,250001,4.3,4.4,13,2,2,5,0.15384615384615385,0.2796029637914162,4.190300000000001
06085512604,Census Tract 5126.04; Santa Clara County; California,4637,83946,7.7,1.14,17,3,2,3,0.17647058823529413,0.6469700237222342,4.173133333333333
06085508705,Census Tract 5087.05; Santa Clara County; California,4452,189571,1.7,7.14,6,1,2,3,0.16666666666666666,0.22461814914645103,4.1544
06085503118,Census Tract 5031.18; Santa Clara County; California,4955,98527,7.0,0.0,10,0,1,1,0.0,0.0,4.15
06085512035,Census Tract 5120.35; Santa Clara County; California,4519,198632,2.3,5.97,0,0,0,0,,0.0,4.124499999999999
06085507806,Census Tract 5078.06; Santa Clara County; California,5657,200887,7.3,1.85,30,6,1,8,0.2,1.060632844263744,4.121066666666667
06085512513,Census Tract 5125.13; Santa Clara County; California,4003,84934,5.2,4.77,44,11,1,11,0.25,2.747939045715713,4.082281818181818
06085506702,Census Tract 5067.02; Santa Clara County; California,5755,122050,5.6,1.49,4,0,1,0,0.0,0.0,4.0415
06085504602,Census Tract 5046.02; Santa Clara County; California,1542,121953,7.5,1.73,129,8,1,63,0.06201550387596899,5.188067444876784,4.01905
06085503803,Census Tract 5038.03; Santa Clara County; California,5388,190855,3.3,4.27,2,0,0,0,0.0,0.0,3.9795
06085504415,Census Tract 5044.15; Santa Clara County; California,4885,213654,4.7,2.42,3,0,0,0,0.0,0.0,3.962
06085503703,Census Tract 5037.03; Santa Clara County; California,3858,105455,6.7,2.32,21,6,2,6,0.2857142857142857,1.5552099533437014,3.9556
06085507705,Census Tract 5077.05; Santa Clara County; California,3953,250001,6.1,0.59,2,0,0,1,0.0,0.0,3.9515000000000002
06085512516,Census Tract 5125.16; Santa Clara County; California,4322,159137,5.7,1.1,3,0,0,1,0.0,0.0,3.95
06085506302,Census Tract 5063.02; Santa Clara County; California,6357,182908,3.9,4.43,14,2,2,2,0.14285714285714285,0.3146138115463269,3.9411999999999994
06085501902,Census Tract 5019.02; Santa Clara County; California,3619,151140,5.1,1.84,4,0,1,0,0.0,0.0,3.939
06085511910,Census Tract 5119.10; Santa Clara County; California,2992,250001,5.9,0.74,9,0,0,5,0.0,0.0,3.914
06085506900,Census Tract 5069; Santa Clara County; California,8160,222166,3.2,5.83,25,4,2,7,0.16,0.49019607843137253,3.8885
06085512045,Census Tract 5120.45; Santa Clara County; California,5086,181528,3.9,4.99,22,3,0,5,0.13636363636363635,0.5898545025560362,3.8405666666666667
06085502909,Census Tract 5029.09; Santa Clara County; California,4812,101607,5.8,2.58,18,3,2,4,0.16666666666666666,0.6234413965087282,3.8338
06085511916,Census Tract 5119.16; Santa Clara County; California,4483,191735,3.8,3.17,2,0,0,0,0.0,0.0,3.8194999999999997
06085505304,Census Tract 5053.04; Santa Clara County; California,3499,226731,5.7,1.52,7,1,0,1,0.14285714285714285,0.2857959416976279,3.7968
06085507301,Census Tract 5073.01; Santa Clara County; California,6387,244207,5.4,1.01,12,0,0,7,0.0,0.0,3.7835
06085504316,Census Tract 5043.16; Santa Clara County; California,5403,192188,3.5,3.41,0,0,0,0,,0.0,3.7685
06085512055,Census Tract 5120.55; Santa Clara County; California,3595,124398,6.3,1.62,14,2,0,4,0.14285714285714285,0.5563282336578581,3.7615000000000003
06085512100,Census Tract 5121; Santa Clara County; California,1710,121563,6.9,0.88,14,1,0,1,0.07142857142857142,0.5847953216374269,3.7550000000000003
06085502704,Census Tract 5027.04; Santa Clara County; California,4265,183214,2.6,4.45,12,0,0,4,0.0,0.0,3.7275
06085512058,Census Tract 5120.58; Santa Clara County; California,5561,138750,4.4,4.16,24,4,0,6,0.16666666666666666,0.7192950908110052,3.71405
06085509002,Census Tract 5090.02; Santa Clara County; California,4097,175625,6.2,1.46,5,2,0,1,0.4,0.48816206980717597,3.7107
06085504311,Census Tract 5043.11; Santa Clara County; California,8850,173106,4.1,3.96,29,4,0,5,0.13793103448275862,0.4519774011299435,3.6734999999999998
06085507702,Census Tract 5077.02; Santa Clara County; California,6464,250001,5.3,0.82,7,0,1,0,0.0,0.0,3.6719999999999997
06085506701,Census Tract 5067.01; Santa Clara County; California,4620,228173,4.3,2.04,2,0,0,1,0.0,0.0,3.649
06085508004,Census Tract 5080.04; Santa Clara County; California,6131,250001,1.3,5.81,5,0,0,3,0.0,0.0,3.6184999999999996
06085503333,Census Tract 5033.33; Santa Clara County; California,4590,213003,4.1,2.18,2,0,0,0,0.0,0.0,3.608
06085512059,Census Tract 5120.59; Santa Clara County; California,7000,176250,5.2,0.75,12,0,1,4,0.0,0.0,3.6025
06085508306,Census Tract 5083.06; Santa Clara County; California,2980,250001,1.8,5.1,4,0,0,0,0.0,0.0,3.5949999999999998
06085503322,Census Tract 5033.22; Santa Clara County; California,4506,151250,4.5,1.59,1,0,0,0,0.0,0.0,3.5815
06085506204,Census Tract 5062.04; Santa Clara County; California,5860,200288,6.3,0.98,37,3,1,6,0.08108108108108109,0.5119453924914675,3.5686666666666667
06085512025,Census Tract 5120.25; Santa Clara County; California,3062,220962,1.1,5.69,1,0,0,0,0.0,0.0,3.4865
06085505303,Census Tract 5053.03; Santa Clara County; California,5877,124491,4.8,2.02,31,2,1,10,0.06451612903225806,0.3403096818104475,3.4547
06085504202,Census Tract 5042.02; Santa Clara County; California,4151,229028,4.2,1.57,3,0,0,1,0.0,0.0,3.4395000000000002
06085503510,Census Tract 5035.10; Santa Clara County; California,4270,135926,4.9,2.99,20,5,0,6,0.25,1.17096018735363,3.4223
06085512307,Census Tract 5123.07; Santa Clara County; California,6529,148064,3.4,4.13,27,3,0,5,0.1111111111111111,0.45948843620768876,3.4107666666666665
06085506102,Census Tract 5061.02; Santa Clara County; California,4434,189439,5.5,1.33,16,2,0,4,0.125,0.4510599909788002,3.3839
06085511800,Census Tract 5118; Santa Clara County; California,4289,196786,4.0,1.65,8,0,0,2,0.0,0.0,3.3775
06085512031,Census Tract 5120.31; Santa Clara County; California,4099,196727,4.5,0.87,8,0,1,4,0.0,0.0,3.3295
06085510001,Census Tract 5100.01; Santa Clara County; California,5852,250001,2.2,3.78,10,0,0,1,0.0,0.0,3.313
06085502500,Census Tract 5025; Santa Clara County; California,6748,225694,4.6,0.69,14,0,0,3,0.0,0.0,3.3114999999999997
06085503312,Census Tract 5033.12; Santa Clara County; California,3550,176607,3.7,2.64,1,1,0,0,1.0,0.28169014084507044,3.299
06085511000,Census Tract 5110; Santa Clara County; California,7180,250001,1.8,4.22,12,0,1,5,0.0,0.0,3.287
06085504416,Census Tract 5044.16; Santa Clara County; California,3791,190981,5.8,1.45,39,5,3,9,0.1282051282051282,1.3189132155104195,3.2691399999999997
06085508102,Census Tract 5081.02; Santa Clara County; California,3693,216094,0.5,7.61,54,2,2,11,0.037037037037037035,0.5415651232060655,3.2578
06085507402,Census Tract 5074.02; Santa Clara County; California,3922,243720,3.0,3.2,16,1,0,3,0.0625,0.25497195308516063,3.2544
06085503332,Census Tract 5033.32; Santa Clara County; California,5897,132969,3.8,1.53,3,0,0,1,0.0,0.0,3.2455
06085507808,Census Tract 5078.08; Santa Clara County; California,5720,250001,3.3,3.92,20,3,0,6,0.15,0.5244755244755245,3.2383333333333333
06085502604,Census Tract 5026.04; Santa Clara County; California,4112,110581,4.8,2.26,42,3,2,8,0.07142857142857142,0.7295719844357976,3.2251333333333334
06085506502,Census Tract 5065.02; Santa Clara County; California,5040,143500,5.0,1.75,63,3,1,15,0.047619047619047616,0.5952380952380952,3.1984999999999997
06085508404,Census Tract 5084.04; Santa Clara County; California,6312,213393,5.1,1.74,35,5,0,9,0.14285714285714285,0.7921419518377694,3.1564799999999997
06085512037,Census Tract 5120.37; Santa Clara County; California,2989,184333,2.9,2.42,4,0,0,1,0.0,0.0,3.152
06085502907,Census Tract 5029.07; Santa Clara County; California,3822,213056,5.8,0.82,12,3,2,5,0.25,0.7849293563579278,3.1517999999999997
06085512200,Census Tract 5122; Santa Clara County; California,5146,250001,2.9,2.39,13,0,0,3,0.0,0.0,3.1414999999999997
06085512509,Census Tract 5125.09; Santa Clara County; California,7855,184500,2.4,1.38,13,1,2,3,0.07692307692307693,0.1273074474856779,3.1340000000000003
06085508203,Census Tract 5082.03; Santa Clara County; California,5511,250001,3.4,1.63,6,0,1,2,0.0,0.0,3.1005
06085505800,Census Tract 5058; Santa Clara County; California,3683,169722,4.2,0.59,73,0,2,15,0.0,0.0,3.0965000000000003
06085512309,Census Tract 5123.09; Santa Clara County; California,5110,210212,1.1,4.46,11,1,0,2,0.09090909090909091,0.19569471624266144,3.0780000000000003
06085503210,Census Tract 5032.10; Santa Clara County; California,4067,120729,3.0,2.01,6,0,0,0,0.0,0.0,3.0535
06085502902,Census Tract 5029.02; Santa Clara County; California,9050,207614,2.3,3.14,25,2,1,9,0.08,0.22099447513812154,3.039
06085512026,Census Tract 5120.26; Santa Clara County; California,3734,160156,3.4,1.45,20,0,2,8,0.0,0.0,3.0375
06085510801,Census Tract 5108.01; Santa Clara County; California,5244,250001,1.6,3.7,8,0,0,3,0.0,0.0,3.015
06085502908,Census Tract 5029.08; Santa Clara County; California,6561,166382,3.7,2.6,21,3,2,7,0.14285714285714285,0.45724737082761774,3.0124000000000004
06085506802,Census Tract 5068.02; Santa Clara County; California,5761,202796,1.3,5.25,14,2,0,2,0.14285714285714285,0.3471619510501649,2.9985999999999997
06085511400,Census Tract 5114; Santa Clara County; California,3608,250001,1.4,3.9,1,0,0,0,0.0,0.0,2.995
06085507600,Census Tract 5076; Santa Clara County; California,6144,250001,3.7,0.91,3,0,0,1,0.0,0.0,2.9835000000000003
06085504903,Census Tract 5049.03; Santa Clara County; California,5228,226711,3.4,2.59,20,2,0,6,0.1,0.38255547054322875,2.9593
06085511702,Census Tract 5117.02; Santa Clara County; California,2859,250001,3.8,0.62,6,0,0,4,0.0,0.0,2.927
06085508303,Census Tract 5083.03; Santa Clara County; California,2647,219081,2.3,4.89,23,3,1,5,0.13043478260869565,1.1333585190782018,2.9229666666666665
06085504423,Census Tract 5044.23; Santa Clara County; California,2101,181250,3.2,1.36,0,0,0,0,,0.0,2.9160000000000004
06085504508,Census Tract 5045.08; Santa Clara County; California,3862,186083,5.6,0.0,10,2,0,2,0.2,0.5178663904712584,2.9062
06085507903,Census Tract 5079.03; Santa Clara County; California,5037,223571,2.5,3.57,14,2,0,4,0.14285714285714285,0.3970617431010522,2.8781999999999996
06085503003,Census Tract 5030.03; Santa Clara County; California,5027,207000,2.6,1.96,7,0,0,1,0.0,0.0,2.856
06085511200,Census Tract 5112; Santa Clara County; California,4765,250001,2.6,1.85,2,0,0,0,0.0,0.0,2.8175
06085505500,Census Tract 5055; Santa Clara County; California,4771,171855,3.9,2.12,21,3,1,4,0.14285714285714285,0.6287989939216098,2.8150666666666666
06085507100,Census Tract 5071; Santa Clara County; California,2820,159821,3.8,2.32,26,2,3,3,0.07692307692307693,0.7092198581560284,2.804
06085506604,Census Tract 5066.04; Santa Clara County; California,6855,191843,2.7,0.62,28,1,1,4,0.03571428571428571,0.14587892049598833,2.8030000000000004
06085507906,Census Tract 5079.06; Santa Clara County; California,4499,250001,3.0,1.23,1,0,0,0,0.0,0.0,2.7805
06085502903,Census Tract 5029.03; Santa Clara County; California,5318,250001,2.4,1.99,1,0,0,0,0.0,0.0,2.7765
06085504314,Census Tract 5043.14; Santa Clara County; California,4425,210357,2.4,1.95,7,0,2,1,0.0,0.0,2.7625
06085511701,Census Tract 5117.01; Santa Clara County; California,4368,250001,3.5,0.47,6,0,0,2,0.0,0.0,2.7395
06085510300,Census Tract 5103; Santa Clara County; California,4649,250001,3.2,3.37,72,8,2,16,0.1111111111111111,1.7208001720800172,2.7357250000000004
06085512047,Census Tract 5120.47; Santa Clara County; California,5315,180909,3.4,1.9,13,2,0,2,0.15384615384615385,0.37629350893697083,2.7264999999999997
06085512001,Census Tract 5120.01; Santa Clara County; California,6102,205750,1.7,2.11,14,1,0,3,0.07142857142857142,0.1638806948541462,2.7238999999999995
06085507003,Census Tract 5070.03; Santa Clara County; California,2895,250001,1.2,3.37,4,0,0,1,0.0,0.0,2.7195
06085508205,Census Tract 5082.05; Santa Clara County; California,4334,213981,2.9,3.65,30,7,1,5,0.23333333333333334,1.6151361329026304,2.706328571428571
06085504317,Census Tract 5043.17; Santa Clara County; California,3639,180859,2.7,3.88,30,6,2,6,0.2,1.6488046166529267,2.6943
06085508006,Census Tract 5080.06; Santa Clara County; California,3817,240833,3.3,0.57,23,0,0,5,0.0,0.0,2.6845
06085505012,Census Tract 5050.12; Santa Clara County; California,2659,218750,0.8,3.74,12,0,0,5,0.0,0.0,2.669
06085503324,Census Tract 5033.24; Santa Clara County; California,3333,170399,3.0,0.87,1,0,0,0,0.0,0.0,2.6545
06085511918,Census Tract 5119.18; Santa Clara County; California,3243,250001,1.5,2.75,0,0,0,0,,0.0,2.6375
06085508206,Census Tract 5082.06; Santa Clara County; California,4048,250001,3.5,0.0,4,0,1,1,0.0,0.0,2.575
06085502302,Census Tract 5023.02; Santa Clara County; California,3261,127175,1.7,4.23,11,2,1,2,0.18181818181818182,0.613308800981294,2.5716
06085508403,Census Tract 5084.03; Santa Clara County; California,3176,250001,2.2,1.6,9,0,1,0,0.0,0.0,2.55
06085506000,Census Tract 5060; Santa Clara County; California,4988,197202,3.0,0.44,12,1,1,2,0.08333333333333333,0.20048115477145148,2.5016000000000003
06085503001,Census Tract 5030.01; Santa Clara County; California,4430,148750,3.2,0.0,8,0,1,2,0.0,0.0,2.4400000000000004
06085502301,Census Tract 5023.01; Santa Clara County; California,3021,177692,2.5,2.02,21,1,0,7,0.047619047619047616,0.3310162197947699,2.4362
06085512308,Census Tract 5123.08; Santa Clara County; California,8550,248750,3.0,0.59,27,2,0,10,0.07407407407407407,0.23391812865497075,2.4115
06085507401,Census Tract 5074.01; Santa Clara County; California,5800,244046,2.3,1.0,10,0,0,4,0.0,0.0,2.385
06085507302,Census Tract 5073.02; Santa Clara County; California,2654,250001,4.7,0.0,36,2,0,12,0.05555555555555555,0.7535795026375283,2.3804000000000003
06085506801,Census Tract 5068.01; Santa Clara County; California,6216,250001,3.6,1.26,27,4,1,7,0.14814814814814814,0.6435006435006435,2.3718
06085504509,Census Tract 5045.09; Santa Clara County; California,4921,181165,2.5,3.07,30,6,0,5,0.2,1.219264377159114,2.363533333333333
06085511907,Census Tract 5119.07; Santa Clara County; California,4096,250001,0.9,2.71,5,0,0,0,0.0,0.0,2.3535
06085503326,Census Tract 5033.26; Santa Clara County; California,6829,235673,1.9,1.32,2,0,0,0,0.0,0.0,2.317
06085511912,Census Tract 5119.12; Santa Clara County; California,5286,232214,2.1,1.04,1,0,0,0,0.0,0.0,2.309
06085508301,Census Tract 5083.01; Santa Clara County; California,4461,250001,1.1,2.26,5,0,0,0,0.0,0.0,2.286
06085507205,Census Tract 5072.05; Santa Clara County; California,4459,244521,4.0,0.0,15,2,0,4,0.13333333333333333,0.4485310607759587,2.2459000000000002
06085507904,Census Tract 5079.04; Santa Clara County; California,2963,250001,1.5,1.32,4,0,1,1,0.0,0.0,2.137
06085506804,Census Tract 5068.04; Santa Clara County; California,4377,221071,2.5,0.0,6,0,0,0,0.0,0.0,2.125
06085503507,Census Tract 5035.07; Santa Clara County; California,2290,168716,4.2,0.0,7,2,0,3,0.2857142857142857,0.8733624454148472,2.119
06085511914,Census Tract 5119.14; Santa Clara County; California,6287,250001,1.9,2.36,16,3,3,4,0.1875,0.4771751232702402,2.1001333333333334
06085508401,Census Tract 5084.01; Santa Clara County; California,8061,198816,1.7,1.5,24,2,1,2,0.08333333333333333,0.24810817516437167,2.0961
06085510002,Census Tract 5100.02; Santa Clara County; California,4131,250001,1.5,1.12,2,0,0,0,0.0,0.0,2.067
06085503339,Census Tract 5033.39; Santa Clara County; California,3827,250001,1.0,1.61,2,0,0,1,0.0,0.0,2.0135
06085512305,Census Tract 5123.05; Santa Clara County; California,4029,247321,1.8,0.54,2,0,0,0,0.0,0.0,1.999
06085503338,Census Tract 5033.38; Santa Clara County; California,3972,250001,1.6,2.45,11,2,0,5,0.18181818181818182,0.5035246727089627,1.9747000000000001
06085510802,Census Tract 5108.02; Santa Clara County; California,2014,250001,2.1,2.48,11,3,0,2,0.2727272727272727,1.4895729890764648,1.947266666666667
06085511100,Census Tract 5111; Santa Clara County; California,5379,250001,2.9,1.05,12,4,1,1,0.3333333333333333,0.7436326454731362,1.94145
06085511705,Census Tract 5117.05; Santa Clara County; California,2145,250001,2.3,2.34,40,5,0,20,0.125,2.331002331002331,1.9398
06085512005,Census Tract 5120.05; Santa Clara County; California,6650,198012,3.2,0.56,13,5,0,2,0.38461538461538464,0.7518796992481203,1.9020000000000001
06085512515,Census Tract 5125.15; Santa Clara County; California,4837,176250,0.9,1.27,2,0,0,1,0.0,0.0,1.8495
06085504700,Census Tract 5047; Santa Clara County; California,845,194917,1.7,0.0,0,0,0,0,,0.0,1.7650000000000001
06085511502,Census Tract 5115.02; Santa Clara County; California,3022,250001,0.8,0.93,14,0,0,0,0.0,0.0,1.6855
06085511917,Census Tract 5119.17; Santa Clara County; California,4379,250001,0.8,0.85,1,0,0,0,0.0,0.0,1.6575
06085512034,Census Tract 5120.34; Santa Clara County; California,2997,157569,2.0,0.3,19,1,0,6,0.05263157894736842,0.333667000333667,1.6044
06085503330,Census Tract 5033.30; Santa Clara County; California,6550,250001,1.7,0.92,16,3,0,5,0.1875,0.4580152671755725,1.5236666666666667
06085507206,Census Tract 5072.06; Santa Clara County; California,2826,250001,1.1,0.0,2,0,0,0,0.0,0.0,1.495
06085510200,Census Tract 5102; Santa Clara County; California,4565,250001,0.9,2.22,11,3,0,3,0.2727272727272727,0.6571741511500547,1.4863333333333333
06085507807,Census Tract 5078.07; Santa Clara County; California,3115,250001,1.0,0.88,13,1,0,1,0.07692307692307693,0.32102728731942215,1.3810000000000002
06085512312,Census Tract 5123.12; Santa Clara County; California,4066,206208,0.7,0.0,7,0,1,0,0.0,0.0,1.315
06085509901,Census Tract 5099.01; Santa Clara County; California,2602,250001,1.6,1.16,22,3,0,4,0.13636363636363635,1.1529592621060722,1.2994666666666668
06085512029,Census Tract 5120.29; Santa Clara County; California,8115,180725,1.7,0.67,34,6,0,7,0.17647058823529413,0.7393715341959335,1.27
06085511905,Census Tract 5119.05; Santa Clara County; California,3084,250001,0.7,1.77,14,2,0,4,0.14285714285714285,0.648508430609598,1.2429
06085510400,Census Tract 5104; Santa Clara County; California,3495,250001,1.7,0.62,16,3,0,6,0.1875,0.8583690987124464,1.215
06085507500,Census Tract 5075; Santa Clara County; California,5955,214375,1.3,0.47,15,3,0,2,0.2,0.5037783375314862,1.1465
06085509304,Census Tract 5093.04; Santa Clara County; California,3175,207381,1.8,0.61,42,8,2,13,0.19047619047619047,2.5196850393700787,1.102875
06085508101,Census Tract 5081.01; Santa Clara County; California,6679,250001,0.8,1.41,84,8,0,17,0.09523809523809523,1.1977840994160802,1.020475
06085507701,Census Tract 5077.01; Santa Clara County; California,3788,234886,1.7,0.0,44,6,1,10,0.13636363636363635,1.583949313621964,0.8912666666666667
06085511913,Census Tract 5119.13; Santa Clara County; California,4282,250001,0.6,0.0,10,3,0,3,0.3,0.7006071929005138,0.5554666666666668
