geoid,name,state,county,tract,total_population,under_18_population,age_65_plus_population,white_alone_population,black_alone_population,asian_alone_population,hispanic_or_latino_population,median_household_income,households_total,households_no_vehicle,households_no_vehicle_pct,poverty_rate_pct
06085500100,Census Tract 5001; Santa Clara County; California,06,085,500100,8285,1595,929,1235,17,983,150,163061,2987,145,4.85,6.0
06085500200,Census Tract 5002; Santa Clara County; California,06,085,500200,5439,647,343,1745,0,1279,153,115541,1854,171,9.22,15.4
06085500300,Census Tract 5003; Santa Clara County; California,06,085,500300,4195,432,450,1736,0,1200,120,107431,1872,51,2.72,9.6
06085500400,Census Tract 5004; Santa Clara County; California,06,085,500400,2678,505,318,1101,0,829,94,152973,1034,84,8.12,2.4
06085500500,Census Tract 5005; Santa Clara County; California,06,085,500500,5185,777,887,3042,158,2108,27,166514,2108,243,11.53,3.5
06085500600,Census Tract 5006; Santa Clara County; California,06,085,500600,5748,1280,609,1596,0,1331,59,140045,2263,259,11.44,9.0
06085500800,Census Tract 5008; Santa Clara County; California,06,085,500800,4834,276,416,1660,0,1227,219,151357,2476,404,16.32,10.9
06085500901,Census Tract 5009.01; Santa Clara County; California,06,085,500901,4298,257,513,1276,0,999,17,72112,2266,518,22.86,35.8
06085500902,Census Tract 5009.02; Santa Clara County; California,06,085,500902,5377,313,24,1210,7,953,268,42955,580,65,11.21,51.0
06085501000,Census Tract 5010; Santa Clara County; California,06,085,501000,4928,652,714,1518,0,1090,142,58775,2518,681,27.05,19.4
06085501101,Census Tract 5011.01; Santa Clara County; California,06,085,501101,3929,309,631,879,0,540,126,105138,1886,234,12.41,22.9
06085501102,Census Tract 5011.02; Santa Clara County; California,06,085,501102,4273,911,439,829,0,661,39,144609,1313,25,1.9,9.1
06085501200,Census Tract 5012; Santa Clara County; California,06,085,501200,4163,609,378,1331,0,1116,18,108913,1466,29,1.98,13.5
06085501300,Census Tract 5013; Santa Clara County; California,06,085,501300,3932,367,524,2144,3,1790,118,145260,1185,155,13.08,13.5
06085501401,Census Tract 5014.01; Santa Clara County; California,06,085,501401,2902,787,494,542,18,414,43,80216,828,118,14.25,7.9
06085501402,Census Tract 5014.02; Santa Clara County; California,06,085,501402,2703,414,518,878,0,731,11,94491,823,50,6.08,15.4
06085501501,Census Tract 5015.01; Santa Clara County; California,06,085,501501,4403,1061,589,392,0,253,69,81859,1322,78,5.9,8.9
06085501502,Census Tract 5015.02; Santa Clara County; California,06,085,501502,4350,836,512,968,0,916,7,111089,1235,117,9.47,11.7
06085501601,Census Tract 5016.01; Santa Clara County; California,06,085,501601,3558,365,318,1237,0,939,5,120770,1429,138,9.66,20.6
06085501602,Census Tract 5016.02; Santa Clara County; California,06,085,501602,2911,355,281,814,11,628,72,58466,1197,225,18.8,26.0
06085501700,Census Tract 5017; Santa Clara County; California,06,085,501700,4871,1158,287,988,0,857,19,94736,1497,80,5.34,13.1
06085501800,Census Tract 5018; Santa Clara County; California,06,085,501800,4786,1057,665,2195,0,1585,19,142235,1733,56,3.23,6.8
06085501901,Census Tract 5019.01; Santa Clara County; California,06,085,501901,3126,326,368,993,0,707,54,147727,1638,201,12.27,9.2
06085501902,Census Tract 5019.02; Santa Clara County; California,06,085,501902,3619,463,138,1097,0,750,12,151140,1852,34,1.84,5.1
06085502001,Census Tract 5020.01; Santa Clara County; California,06,085,502001,4956,1308,586,1697,6,1156,72,94794,1945,240,12.34,13.4
06085502002,Census Tract 5020.02; Santa Clara County; California,06,085,502002,4985,1189,307,1202,0,930,81,117969,1804,148,8.2,12.8
06085502101,Census Tract 5021.01; Santa Clara County; California,06,085,502101,5361,935,1225,2422,0,1849,5,144038,2070,112,5.41,11.3
06085502103,Census Tract 5021.03; Santa Clara County; California,06,085,502103,4225,661,473,991,0,770,60,91591,1656,64,3.86,17.6
06085502104,Census Tract 5021.04; Santa Clara County; California,06,085,502104,2459,533,361,703,0,507,23,102105,998,22,2.2,9.6
06085502202,Census Tract 5022.02; Santa Clara County; California,06,085,502202,3150,387,564,1665,7,1170,36,113958,1434,69,4.81,9.8
06085502203,Census Tract 5022.03; Santa Clara County; California,06,085,502203,3875,389,672,1331,0,1029,64,125750,1802,104,5.77,12.7
06085502204,Census Tract 5022.04; Santa Clara County; California,06,085,502204,3394,1067,293,1140,0,949,9,68508,1149,161,14.01,19.2
06085502301,Census Tract 5023.01; Santa Clara County; California,06,085,502301,3021,501,540,1647,0,1288,7,177692,1140,23,2.02,2.5
06085502302,Census Tract 5023.02; Santa Clara County; California,06,085,502302,3261,608,491,1477,0,1157,70,127175,1325,56,4.23,1.7
06085502400,Census Tract 5024; Santa Clara County; California,06,085,502400,7107,1505,1385,4604,0,3214,2,222311,2677,57,2.13,6.8
06085502500,Census Tract 5025; Santa Clara County; California,06,085,502500,6748,1604,962,3883,0,3061,66,225694,2479,17,0.69,4.6
06085502601,Census Tract 5026.01; Santa Clara County; California,06,085,502601,3329,732,866,1695,0,1263,10,193125,1397,179,12.81,3.4
06085502603,Census Tract 5026.03; Santa Clara County; California,06,085,502603,2816,555,589,1852,0,1546,7,206125,1067,28,2.62,7.2
06085502604,Census Tract 5026.04; Santa Clara County; California,06,085,502604,4112,674,470,1978,55,1435,15,110581,2079,47,2.26,4.8
06085502701,Census Tract 5027.01; Santa Clara County; California,06,085,502701,5691,1521,619,2471,0,1628,48,133658,2123,72,3.39,7.4
06085502703,Census Tract 5027.03; Santa Clara County; California,06,085,502703,4296,981,643,1743,0,1397,6,145541,1688,27,1.6,10.8
06085502704,Census Tract 5027.04; Santa Clara County; California,06,085,502704,4265,1019,747,1597,0,1095,14,183214,1552,69,4.45,2.6
06085502800,Census Tract 5028; Santa Clara County; California,06,085,502800,4236,932,630,1927,0,1187,0,185962,1434,26,1.81,8.6
06085502901,Census Tract 5029.01; Santa Clara County; California,06,085,502901,6044,1318,683,3070,0,2233,71,135846,2210,101,4.57,8.0
06085502902,Census Tract 5029.02; Santa Clara County; California,06,085,502902,9050,2487,1305,5880,0,4245,16,207614,2991,94,3.14,2.3
06085502903,Census Tract 5029.03; Santa Clara County; California,06,085,502903,5318,1282,910,2921,0,2176,0,250001,1913,38,1.99,2.4
06085502906,Census Tract 5029.06; Santa Clara County; California,06,085,502906,5021,1188,618,2516,81,2029,51,126438,1657,43,2.6,6.7
06085502907,Census Tract 5029.07; Santa Clara County; California,06,085,502907,3822,815,678,1997,0,1535,7,213056,1338,11,0.82,5.8
06085502908,Census Tract 5029.08; Santa Clara County; California,06,085,502908,6561,1535,844,2904,0,2179,0,166382,2235,58,2.6,3.7
06085502909,Census Tract 5029.09; Santa Clara County; California,06,085,502909,4812,1168,699,2432,0,1861,16,101607,2012,52,2.58,5.8
06085502910,Census Tract 5029.10; Santa Clara County; California,06,085,502910,3785,1007,462,1486,0,1216,10,110091,1450,100,6.9,11.7
06085503001,Census Tract 5030.01; Santa Clara County; California,06,085,503001,4430,1137,1047,3099,50,2183,0,148750,1642,0,0.0,3.2
06085503002,Census Tract 5030.02; Santa Clara County; California,06,085,503002,3635,663,940,1742,0,1348,0,139863,1304,134,10.28,4.4
06085503003,Census Tract 5030.03; Santa Clara County; California,06,085,503003,5027,1025,648,2691,3,1929,0,207000,1788,35,1.96,2.6
06085503105,Census Tract 5031.05; Santa Clara County; California,06,085,503105,2012,383,391,309,0,237,1,61838,713,113,15.85,19.9
06085503110,Census Tract 5031.10; Santa Clara County; California,06,085,503110,3617,1175,224,169,0,78,21,77353,926,41,4.43,14.2
06085503111,Census Tract 5031.11; Santa Clara County; California,06,085,503111,5418,1425,839,200,0,181,3,133628,1123,14,1.25,7.0
06085503112,Census Tract 5031.12; Santa Clara County; California,06,085,503112,3978,671,497,784,0,557,33,76156,1521,242,15.91,21.7
06085503113,Census Tract 5031.13; Santa Clara County; California,06,085,503113,4028,758,504,864,40,633,20,95625,1308,171,13.07,4.6
06085503116,Census Tract 5031.16; Santa Clara County; California,06,085,503116,6396,1107,1175,2174,0,1775,368,109509,2349,170,7.24,7.9
06085503117,Census Tract 5031.17; Santa Clara County; California,06,085,503117,2602,617,425,75,0,33,7,79205,665,69,10.38,10.2
06085503118,Census Tract 5031.18; Santa Clara County; California,06,085,503118,4955,1078,275,409,0,325,0,98527,1458,0,0.0,7.0
06085503121,Census Tract 5031.21; Santa Clara County; California,06,085,503121,5073,1397,611,399,0,280,152,92607,1429,111,7.77,13.3
06085503122,Census Tract 5031.22; Santa Clara County; California,06,085,503122,3345,729,584,335,0,190,20,46371,1234,391,31.69,20.4
06085503123,Census Tract 5031.23; Santa Clara County; California,06,085,503123,3872,841,511,818,0,536,247,65525,1635,207,12.66,12.7
06085503124,Census Tract 5031.24; Santa Clara County; California,06,085,503124,6075,1642,644,1178,0,885,486,124229,1727,32,1.85,15.6
06085503125,Census Tract 5031.25; Santa Clara County; California,06,085,503125,4082,992,238,1775,0,1457,63,160833,1482,69,4.66,9.5
06085503126,Census Tract 5031.26; Santa Clara County; California,06,085,503126,3964,1108,335,1077,0,897,46,178929,1354,96,7.09,11.8
06085503127,Census Tract 5031.27; Santa Clara County; California,06,085,503127,5300,754,682,1241,12,956,248,191908,2293,67,2.92,7.4
06085503207,Census Tract 5032.07; Santa Clara County; California,06,085,503207,3446,523,823,396,0,251,15,145278,934,19,2.03,9.4
06085503208,Census Tract 5032.08; Santa Clara County; California,06,085,503208,3182,694,423,539,0,261,14,163558,709,10,1.41,17.0
06085503210,Census Tract 5032.10; Santa Clara County; California,06,085,503210,4067,601,525,357,0,265,174,120729,947,19,2.01,3.0
06085503211,Census Tract 5032.11; Santa Clara County; California,06,085,503211,4651,943,802,480,0,417,80,104677,1180,26,2.2,8.6
06085503212,Census Tract 5032.12; Santa Clara County; California,06,085,503212,4226,678,780,273,0,249,6,128750,1015,63,6.21,6.3
06085503213,Census Tract 5032.13; Santa Clara County; California,06,085,503213,4920,1263,645,244,0,160,23,72174,1282,96,7.49,15.9
06085503217,Census Tract 5032.17; Santa Clara County; California,06,085,503217,3669,979,397,340,0,115,14,81786,954,52,5.45,5.5
06085503218,Census Tract 5032.18; Santa Clara County; California,06,085,503218,4227,1102,518,280,0,112,78,53036,1022,201,19.67,11.8
06085503219,Census Tract 5032.19; Santa Clara County; California,06,085,503219,2738,568,332,213,0,165,92,60451,802,35,4.36,5.7
06085503220,Census Tract 5032.20; Santa Clara County; California,06,085,503220,4691,976,530,350,0,278,2,96705,1369,88,6.43,6.6
06085503221,Census Tract 5032.21; Santa Clara County; California,06,085,503221,2433,435,613,118,0,76,0,49323,805,191,23.73,23.2
06085503222,Census Tract 5032.22; Santa Clara County; California,06,085,503222,5434,1250,598,115,0,104,0,122526,1479,172,11.63,4.5
06085503304,Census Tract 5033.04; Santa Clara County; California,06,085,503304,6566,1223,1592,513,0,394,126,101039,1755,96,5.47,9.4
06085503305,Census Tract 5033.05; Santa Clara County; California,06,085,503305,5874,1155,1230,352,0,196,0,103000,1482,214,14.44,13.6
06085503306,Census Tract 5033.06; Santa Clara County; California,06,085,503306,3852,641,554,232,0,143,1,119091,822,65,7.91,10.4
06085503312,Census Tract 5033.12; Santa Clara County; California,06,085,503312,3550,906,619,751,0,234,174,176607,1099,29,2.64,3.7
06085503313,Census Tract 5033.13; Santa Clara County; California,06,085,503313,4449,940,920,636,0,498,60,250001,1270,15,1.18,12.1
06085503315,Census Tract 5033.15; Santa Clara County; California,06,085,503315,7822,1511,1144,1003,0,827,0,152083,2144,138,6.44,6.9
06085503321,Census Tract 5033.21; Santa Clara County; California,06,085,503321,4351,607,982,333,0,300,4,152238,1089,123,11.29,2.5
06085503322,Census Tract 5033.22; Santa Clara County; California,06,085,503322,4506,699,796,555,19,432,61,151250,1132,18,1.59,4.5
06085503323,Census Tract 5033.23; Santa Clara County; California,06,085,503323,3809,741,637,351,0,171,25,169484,1008,48,4.76,5.0
06085503324,Census Tract 5033.24; Santa Clara County; California,06,085,503324,3333,575,693,246,0,177,41,170399,923,8,0.87,3.0
06085503325,Census Tract 5033.25; Santa Clara County; California,06,085,503325,4478,1137,655,421,22,279,0,145991,1130,9,0.8,14.8
06085503326,Census Tract 5033.26; Santa Clara County; California,06,085,503326,6829,1511,1056,895,0,841,10,235673,1887,25,1.32,1.9
06085503327,Census Tract 5033.27; Santa Clara County; California,06,085,503327,4434,1000,962,508,0,386,4,172381,1376,239,17.37,7.6
06085503329,Census Tract 5033.29; Santa Clara County; California,06,085,503329,3294,717,573,557,0,413,7,217369,1023,42,4.11,7.4
06085503330,Census Tract 5033.30; Santa Clara County; California,06,085,503330,6550,1542,1135,475,35,386,0,250001,1963,18,0.92,1.7
06085503331,Census Tract 5033.31; Santa Clara County; California,06,085,503331,3481,499,1477,1052,0,755,16,126324,1384,87,6.29,5.7
06085503332,Census Tract 5033.32; Santa Clara County; California,06,085,503332,5897,492,2916,2814,0,1928,0,132969,2819,43,1.53,3.8
06085503333,Census Tract 5033.33; Santa Clara County; California,06,085,503333,4590,679,734,860,239,381,75,213003,1379,30,2.18,4.1
06085503336,Census Tract 5033.36; Santa Clara County; California,06,085,503336,2861,429,502,143,0,106,62,190000,810,45,5.56,7.0
06085503337,Census Tract 5033.37; Santa Clara County; California,06,085,503337,4409,684,649,296,0,222,30,159904,1099,87,7.92,7.6
06085503338,Census Tract 5033.38; Santa Clara County; California,06,085,503338,3972,897,648,665,53,554,0,250001,1184,29,2.45,1.6
06085503339,Census Tract 5033.39; Santa Clara County; California,06,085,503339,3827,926,531,778,30,591,22,250001,1240,20,1.61,1.0
06085503401,Census Tract 5034.01; Santa Clara County; California,06,085,503401,4073,767,631,255,0,221,27,111576,903,28,3.1,13.9
06085503402,Census Tract 5034.02; Santa Clara County; California,06,085,503402,4279,972,648,307,0,190,5,79306,1000,122,12.2,14.0
06085503504,Census Tract 5035.04; Santa Clara County; California,06,085,503504,5526,1050,581,116,0,104,59,139180,1129,44,3.9,6.5
06085503506,Census Tract 5035.06; Santa Clara County; California,06,085,503506,6220,1730,1019,290,0,280,12,101146,1203,39,3.24,5.8
06085503507,Census Tract 5035.07; Santa Clara County; California,06,085,503507,2290,461,348,50,0,46,0,168716,418,0,0.0,4.2
06085503508,Census Tract 5035.08; Santa Clara County; California,06,085,503508,5979,1402,786,619,18,533,230,125469,1219,38,3.12,10.3
06085503509,Census Tract 5035.09; Santa Clara County; California,06,085,503509,3990,1099,533,245,0,192,119,151786,796,46,5.78,4.5
06085503510,Census Tract 5035.10; Santa Clara County; California,06,085,503510,4270,941,444,603,0,536,3,135926,1102,33,2.99,4.9
06085503511,Census Tract 5035.11; Santa Clara County; California,06,085,503511,3560,727,624,261,0,188,14,125972,787,47,5.97,9.5
06085503601,Census Tract 5036.01; Santa Clara County; California,06,085,503601,3524,843,403,878,0,780,63,98021,925,68,7.35,13.9
06085503602,Census Tract 5036.02; Santa Clara County; California,06,085,503602,4876,1269,862,285,0,263,5,98611,1270,173,13.62,7.9
06085503703,Census Tract 5037.03; Santa Clara County; California,06,085,503703,3858,849,447,165,0,155,5,105455,862,20,2.32,6.7
06085503707,Census Tract 5037.07; Santa Clara County; California,06,085,503707,4665,751,632,396,0,151,66,109000,1344,92,6.85,6.4
06085503708,Census Tract 5037.08; Santa Clara County; California,06,085,503708,2530,445,434,212,0,188,0,103446,686,66,9.62,11.9
06085503709,Census Tract 5037.09; Santa Clara County; California,06,085,503709,5862,1175,1295,342,0,314,234,78089,2163,305,14.1,18.4
06085503710,Census Tract 5037.10; Santa Clara County; California,06,085,503710,3046,662,633,257,0,244,0,43125,1062,238,22.41,19.5
06085503711,Census Tract 5037.11; Santa Clara County; California,06,085,503711,4023,1052,453,273,0,273,0,109167,990,17,1.72,16.5
06085503712,Census Tract 5037.12; Santa Clara County; California,06,085,503712,3770,691,1030,213,0,195,8,50612,1288,194,15.06,27.0
06085503713,Census Tract 5037.13; Santa Clara County; California,06,085,503713,3082,854,389,139,0,118,0,68636,1074,144,13.41,15.4
06085503802,Census Tract 5038.02; Santa Clara County; California,06,085,503802,7647,1884,1278,766,0,653,57,114023,2053,117,5.7,8.9
06085503803,Census Tract 5038.03; Santa Clara County; California,06,085,503803,5388,1140,809,526,0,286,43,190855,1241,53,4.27,3.3
06085503804,Census Tract 5038.04; Santa Clara County; California,06,085,503804,6231,926,1071,698,110,466,131,141289,1871,153,8.18,6.3
06085503902,Census Tract 5039.02; Santa Clara County; California,06,085,503902,6187,1348,788,1140,0,914,0,121083,1479,0,0.0,9.5
06085503903,Census Tract 5039.03; Santa Clara County; California,06,085,503903,2911,453,490,399,0,302,97,131806,817,53,6.49,9.0
06085504001,Census Tract 5040.01; Santa Clara County; California,06,085,504001,4873,852,782,530,0,222,37,87364,1494,92,6.16,11.2
06085504002,Census Tract 5040.02; Santa Clara County; California,06,085,504002,6376,1454,666,749,0,604,17,92091,1391,56,4.03,11.3
06085504101,Census Tract 5041.01; Santa Clara County; California,06,085,504101,3628,670,768,608,0,405,29,144167,1006,14,1.39,8.2
06085504102,Census Tract 5041.02; Santa Clara County; California,06,085,504102,5273,1011,929,459,0,324,0,156450,1279,47,3.67,8.8
06085504201,Census Tract 5042.01; Santa Clara County; California,06,085,504201,6020,1247,999,1980,0,1363,67,197750,1748,14,0.8,6.7
06085504202,Census Tract 5042.02; Santa Clara County; California,06,085,504202,4151,623,917,1268,0,1000,85,229028,1275,20,1.57,4.2
06085504307,Census Tract 5043.07; Santa Clara County; California,06,085,504307,5716,1169,982,745,0,551,13,154801,1873,115,6.14,4.3
06085504308,Census Tract 5043.08; Santa Clara County; California,06,085,504308,4898,889,920,1108,0,537,0,212941,1480,74,5.0,8.0
06085504311,Census Tract 5043.11; Santa Clara County; California,06,085,504311,8850,1184,1224,891,0,706,156,173106,3282,130,3.96,4.1
06085504314,Census Tract 5043.14; Santa Clara County; California,06,085,504314,4425,849,930,290,0,220,172,210357,1334,26,1.95,2.4
06085504315,Census Tract 5043.15; Santa Clara County; California,06,085,504315,6475,1075,891,1031,0,867,71,182784,1823,19,1.04,7.9
06085504316,Census Tract 5043.16; Santa Clara County; California,06,085,504316,5403,886,816,498,0,473,9,192188,1467,50,3.41,3.5
06085504317,Census Tract 5043.17; Santa Clara County; California,06,085,504317,3639,449,934,326,0,211,0,180859,1057,41,3.88,2.7
06085504318,Census Tract 5043.18; Santa Clara County; California,06,085,504318,7989,1659,948,832,0,438,121,106535,2130,45,2.11,14.6
06085504319,Census Tract 5043.19; Santa Clara County; California,06,085,504319,5980,914,1175,703,0,572,15,227279,1979,132,6.67,10.3
06085504320,Census Tract 5043.20; Santa Clara County; California,06,085,504320,2990,526,781,282,0,165,22,183571,888,51,5.74,13.8
06085504321,Census Tract 5043.21; Santa Clara County; California,06,085,504321,5556,936,936,651,0,544,2,189867,1691,72,4.26,4.2
06085504322,Census Tract 5043.22; Santa Clara County; California,06,085,504322,5285,1118,558,452,0,412,17,167583,2121,47,2.22,14.2
06085504323,Census Tract 5043.23; Santa Clara County; California,06,085,504323,5814,1273,945,1084,47,908,64,161552,1852,129,6.97,6.8
06085504410,Census Tract 5044.10; Santa Clara County; California,06,085,504410,3960,811,599,589,0,518,0,153523,1217,140,11.5,10.9
06085504411,Census Tract 5044.11; Santa Clara County; California,06,085,504411,5553,888,828,973,0,647,62,166354,1594,32,2.01,11.9
06085504412,Census Tract 5044.12; Santa Clara County; California,06,085,504412,4928,1166,526,278,0,235,22,149659,1395,99,7.1,7.7
06085504413,Census Tract 5044.13; Santa Clara County; California,06,085,504413,1963,385,551,178,0,155,0,155982,741,118,15.92,7.2
06085504414,Census Tract 5044.14; Santa Clara County; California,06,085,504414,5141,1116,1271,488,0,409,0,165761,1750,123,7.03,11.2
06085504415,Census Tract 5044.15; Santa Clara County; California,06,085,504415,4885,1014,951,678,0,461,16,213654,1486,36,2.42,4.7
06085504416,Census Tract 5044.16; Santa Clara County; California,06,085,504416,3791,1005,425,634,0,567,0,190981,1174,17,1.45,5.8
06085504418,Census Tract 5044.18; Santa Clara County; California,06,085,504418,3951,728,740,434,0,334,0,116310,1138,45,3.95,6.3
06085504421,Census Tract 5044.21; Santa Clara County; California,06,085,504421,5422,1216,1062,559,0,399,3,172500,1516,34,2.24,5.4
06085504422,Census Tract 5044.22; Santa Clara County; California,06,085,504422,3440,709,582,184,0,173,2,141111,916,54,5.9,9.7
06085504423,Census Tract 5044.23; Santa Clara County; California,06,085,504423,2101,443,355,387,0,279,23,181250,588,8,1.36,3.2
06085504424,Census Tract 5044.24; Santa Clara County; California,06,085,504424,4974,811,948,873,8,825,0,153333,1570,113,7.2,5.0
06085504505,Census Tract 5045.05; Santa Clara County; California,06,085,504505,11610,2121,951,1159,0,986,170,229572,4392,225,5.12,2.5
06085504506,Census Tract 5045.06; Santa Clara County; California,06,085,504506,7188,1598,866,918,36,517,0,164879,2301,213,9.26,6.3
06085504507,Census Tract 5045.07; Santa Clara County; California,06,085,504507,6052,1417,855,770,0,335,128,163724,1664,183,11.0,6.4
06085504508,Census Tract 5045.08; Santa Clara County; California,06,085,504508,3862,514,319,802,0,703,101,186083,604,0,0.0,5.6
06085504509,Census Tract 5045.09; Santa Clara County; California,06,085,504509,4921,910,184,238,0,126,0,181165,2086,64,3.07,2.5
06085504510,Census Tract 5045.10; Santa Clara County; California,06,085,504510,3900,722,368,430,0,379,11,159186,1476,206,13.96,9.3
06085504601,Census Tract 5046.01; Santa Clara County; California,06,085,504601,1212,170,300,429,0,243,13,74250,542,19,3.51,10.1
06085504602,Census Tract 5046.02; Santa Clara County; California,06,085,504602,1542,255,207,372,0,266,0,121953,521,9,1.73,7.5
06085504700,Census Tract 5047; Santa Clara County; California,06,085,504700,845,381,3,398,0,301,0,194917,223,0,0.0,1.7
06085504802,Census Tract 5048.02; Santa Clara County; California,06,085,504802,4506,604,727,1211,0,1004,10,116525,1694,123,7.26,8.3
06085504805,Census Tract 5048.05; Santa Clara County; California,06,085,504805,7409,1028,1284,2781,0,1972,0,149207,3138,93,2.96,8.7
06085504806,Census Tract 5048.06; Santa Clara County; California,06,085,504806,2753,359,520,666,0,588,0,158750,826,121,14.65,3.5
06085504807,Census Tract 5048.07; Santa Clara County; California,06,085,504807,5920,600,646,1585,0,1280,0,230829,2869,152,5.3,3.4
06085504808,Census Tract 5048.08; Santa Clara County; California,06,085,504808,2111,465,327,403,0,332,26,117054,691,132,19.1,10.5
06085504902,Census Tract 5049.02; Santa Clara County; California,06,085,504902,4410,988,439,900,41,666,0,196797,1797,144,8.01,3.8
06085504903,Census Tract 5049.03; Santa Clara County; California,06,085,504903,5228,995,224,852,15,524,0,226711,2240,58,2.59,3.4
06085505006,Census Tract 5050.06; Santa Clara County; California,06,085,505006,11179,1524,182,1917,197,1176,0,240086,5613,319,5.68,6.6
06085505007,Census Tract 5050.07; Santa Clara County; California,06,085,505007,4223,780,762,1055,11,770,53,164115,1005,5,0.5,7.0
06085505010,Census Tract 5050.10; Santa Clara County; California,06,085,505010,4756,996,491,766,0,550,127,202663,1557,122,7.84,9.9
06085505011,Census Tract 5050.11; Santa Clara County; California,06,085,505011,4828,795,395,968,49,721,17,156446,1964,212,10.79,2.9
06085505012,Census Tract 5050.12; Santa Clara County; California,06,085,505012,2659,220,103,872,0,737,23,218750,1525,57,3.74,0.8
06085505013,Census Tract 5050.13; Santa Clara County; California,06,085,505013,5637,477,132,1096,15,810,0,215775,2698,414,15.34,5.7
06085505014,Census Tract 5050.14; Santa Clara County; California,06,085,505014,6478,1116,332,631,0,493,619,159833,2652,131,4.94,7.8
06085505015,Census Tract 5050.15; Santa Clara County; California,06,085,505015,5169,821,293,838,13,580,9,167422,1889,161,8.52,3.5
06085505100,Census Tract 5051; Santa Clara County; California,06,085,505100,3993,568,521,781,0,580,40,115395,2050,332,16.2,14.5
06085505202,Census Tract 5052.02; Santa Clara County; California,06,085,505202,8273,1303,778,1936,13,1400,1,164928,3808,323,8.48,19.1
06085505203,Census Tract 5052.03; Santa Clara County; California,06,085,505203,5725,329,257,2794,0,2336,45,139028,1519,141,9.28,27.8
06085505301,Census Tract 5053.01; Santa Clara County; California,06,085,505301,5414,813,516,967,0,816,16,200781,2055,132,6.42,5.7
06085505302,Census Tract 5053.02; Santa Clara County; California,06,085,505302,4958,1088,612,1631,10,1328,3,213365,1679,110,6.55,6.3
06085505303,Census Tract 5053.03; Santa Clara County; California,06,085,505303,5877,872,701,1567,47,1267,137,124491,2231,45,2.02,4.8
06085505304,Census Tract 5053.04; Santa Clara County; California,06,085,505304,3499,590,539,1068,10,947,4,226731,1182,18,1.52,5.7
06085505305,Census Tract 5053.05; Santa Clara County; California,06,085,505305,5672,1067,744,2092,0,1634,0,205550,2205,88,3.99,6.3
06085505401,Census Tract 5054.01; Santa Clara County; California,06,085,505401,6607,569,700,1472,0,1058,66,162000,2908,94,3.23,14.4
06085505402,Census Tract 5054.02; Santa Clara County; California,06,085,505402,3051,492,463,876,0,736,1,167457,1207,154,12.76,10.5
06085505403,Census Tract 5054.03; Santa Clara County; California,06,085,505403,8136,1667,585,1856,39,1308,32,182500,3660,214,5.85,6.1
06085505500,Census Tract 5055; Santa Clara County; California,06,085,505500,4771,1060,545,2016,0,1603,0,171855,1695,36,2.12,3.9
06085505600,Census Tract 5056; Santa Clara County; California,06,085,505600,4808,464,536,2466,10,1982,116,140263,1462,156,10.67,20.1
06085505700,Census Tract 5057; Santa Clara County; California,06,085,505700,5636,605,656,2239,48,1619,0,125740,2605,133,5.11,18.4
06085505800,Census Tract 5058; Santa Clara County; California,06,085,505800,3683,741,513,2122,0,1815,0,169722,1524,9,0.59,4.2
06085505901,Census Tract 5059.01; Santa Clara County; California,06,085,505901,4101,617,603,1856,0,1607,4,182763,1636,307,18.77,4.9
06085505902,Census Tract 5059.02; Santa Clara County; California,06,085,505902,3893,610,575,1722,0,1383,73,107079,1842,46,2.5,7.0
06085506000,Census Tract 5060; Santa Clara County; California,06,085,506000,4988,837,759,2055,15,1384,0,197202,1809,8,0.44,3.0
06085506101,Census Tract 5061.01; Santa Clara County; California,06,085,506101,4643,1088,810,1755,11,1399,21,190750,1604,70,4.36,4.4
06085506102,Census Tract 5061.02; Santa Clara County; California,06,085,506102,4434,790,770,1456,0,994,55,189439,1806,24,1.33,5.5
06085506103,Census Tract 5061.03; Santa Clara County; California,06,085,506103,5187,1131,872,1160,0,843,0,231563,1758,134,7.62,6.2
06085506202,Census Tract 5062.02; Santa Clara County; California,06,085,506202,8313,2016,1594,2259,0,1743,7,189032,2686,148,5.51,3.8
06085506203,Census Tract 5062.03; Santa Clara County; California,06,085,506203,6717,1661,451,763,0,686,40,142791,2384,111,4.66,7.2
06085506204,Census Tract 5062.04; Santa Clara County; California,06,085,506204,5860,1246,891,1222,0,993,150,200288,2049,20,0.98,6.3
06085506301,Census Tract 5063.01; Santa Clara County; California,06,085,506301,4994,723,908,1902,0,1435,46,138411,2147,114,5.31,9.6
06085506302,Census Tract 5063.02; Santa Clara County; California,06,085,506302,6357,1123,828,2693,111,1826,149,182908,2734,121,4.43,3.9
06085506304,Census Tract 5063.04; Santa Clara County; California,06,085,506304,5956,1589,629,1569,0,1451,82,113893,2273,153,6.73,11.8
06085506305,Census Tract 5063.05; Santa Clara County; California,06,085,506305,5235,1223,664,1502,0,956,155,96150,2098,308,14.68,12.7
06085506401,Census Tract 5064.01; Santa Clara County; California,06,085,506401,4758,832,265,1918,0,1425,285,172134,2194,166,7.57,6.8
06085506402,Census Tract 5064.02; Santa Clara County; California,06,085,506402,5257,962,1005,2159,0,1762,62,121413,2180,157,7.2,8.6
06085506502,Census Tract 5065.02; Santa Clara County; California,06,085,506502,5040,1082,430,3209,0,2375,18,143500,2224,39,1.75,5.0
06085506503,Census Tract 5065.03; Santa Clara County; California,06,085,506503,6623,1361,1658,2987,0,1980,41,111225,2775,546,19.68,5.9
06085506504,Census Tract 5065.04; Santa Clara County; California,06,085,506504,2136,530,169,475,0,294,76,104787,808,38,4.7,5.9
06085506505,Census Tract 5065.05; Santa Clara County; California,06,085,506505,4187,1267,399,1506,0,985,261,115833,1514,36,2.38,15.2
06085506601,Census Tract 5066.01; Santa Clara County; California,06,085,506601,3825,777,582,1517,0,1147,11,133194,1486,98,6.59,4.5
06085506603,Census Tract 5066.03; Santa Clara County; California,06,085,506603,4295,1040,510,1728,5,1155,7,250001,1519,82,5.4,6.2
06085506604,Census Tract 5066.04; Santa Clara County; California,06,085,506604,6855,1860,1031,2428,0,1832,2,191843,2417,15,0.62,2.7
06085506605,Census Tract 5066.05; Santa Clara County; California,06,085,506605,4275,748,686,1427,0,961,12,139265,1560,80,5.13,8.0
06085506606,Census Tract 5066.06; Santa Clara County; California,06,085,506606,4976,1252,856,1711,0,1421,61,133700,1844,81,4.39,8.7
06085506701,Census Tract 5067.01; Santa Clara County; California,06,085,506701,4620,1105,693,1956,0,1543,34,228173,1421,29,2.04,4.3
06085506702,Census Tract 5067.02; Santa Clara County; California,06,085,506702,5755,1365,908,2385,0,1922,97,122050,1945,29,1.49,5.6
06085506703,Census Tract 5067.03; Santa Clara County; California,06,085,506703,3870,657,718,2030,0,1669,7,154149,1450,65,4.48,5.1
06085506801,Census Tract 5068.01; Santa Clara County; California,06,085,506801,6216,1619,1106,3964,0,3127,0,250001,2226,28,1.26,3.6
06085506802,Census Tract 5068.02; Santa Clara County; California,06,085,506802,5761,1518,831,2683,0,2106,0,202796,2000,105,5.25,1.3
06085506803,Census Tract 5068.03; Santa Clara County; California,06,085,506803,7056,1970,765,3098,20,2711,42,194219,2274,30,1.32,6.7
06085506804,Census Tract 5068.04; Santa Clara County; California,06,085,506804,4377,1085,723,2686,0,2133,0,221071,1536,0,0.0,2.5
06085506900,Census Tract 5069; Santa Clara County; California,06,085,506900,8160,2066,1853,5764,0,4098,46,222166,2781,162,5.83,3.2
06085507002,Census Tract 5070.02; Santa Clara County; California,06,085,507002,3325,740,676,2546,0,2029,0,250001,1131,0,0.0,12.2
06085507003,Census Tract 5070.03; Santa Clara County; California,06,085,507003,2895,530,778,1938,0,1463,7,250001,1158,39,3.37,1.2
06085507004,Census Tract 5070.04; Santa Clara County; California,06,085,507004,3844,710,806,2493,9,1933,0,175347,1692,76,4.49,8.3
06085507100,Census Tract 5071; Santa Clara County; California,06,085,507100,2820,560,392,2265,0,1741,0,159821,1339,31,2.32,3.8
06085507203,Census Tract 5072.03; Santa Clara County; California,06,085,507203,3097,885,432,1542,0,1257,25,224464,1119,40,3.57,5.5
06085507205,Census Tract 5072.05; Santa Clara County; California,06,085,507205,4459,989,888,2690,0,2048,15,244521,1748,0,0.0,4.0
06085507206,Census Tract 5072.06; Santa Clara County; California,06,085,507206,2826,636,738,1893,0,1249,0,250001,938,0,0.0,1.1
06085507301,Census Tract 5073.01; Santa Clara County; California,06,085,507301,6387,1234,1808,2601,18,2167,0,244207,2384,24,1.01,5.4
06085507302,Census Tract 5073.02; Santa Clara County; California,06,085,507302,2654,424,764,1395,0,1071,2,250001,932,0,0.0,4.7
06085507401,Census Tract 5074.01; Santa Clara County; California,06,085,507401,5800,1109,1535,1494,0,1136,0,244046,1893,19,1.0,2.3
06085507402,Census Tract 5074.02; Santa Clara County; California,06,085,507402,3922,719,1113,1478,0,1168,0,243720,1561,50,3.2,3.0
06085507500,Census Tract 5075; Santa Clara County; California,06,085,507500,5955,1161,1529,1512,0,935,0,214375,2130,10,0.47,1.3
06085507600,Census Tract 5076; Santa Clara County; California,06,085,507600,6144,1236,1382,1869,0,1318,0,250001,2078,19,0.91,3.7
06085507701,Census Tract 5077.01; Santa Clara County; California,06,085,507701,3788,686,846,720,0,526,0,234886,1319,0,0.0,1.7
06085507702,Census Tract 5077.02; Santa Clara County; California,06,085,507702,6464,1590,1235,1069,0,803,0,250001,2191,18,0.82,5.3
06085507704,Census Tract 5077.04; Santa Clara County; California,06,085,507704,3367,825,703,966,0,717,3,157014,1235,229,18.54,5.9
06085507705,Census Tract 5077.05; Santa Clara County; California,06,085,507705,3953,756,863,1106,0,929,7,250001,1353,8,0.59,6.1
06085507805,Census Tract 5078.05; Santa Clara County; California,06,085,507805,4888,987,531,1465,0,1142,35,201939,1916,65,3.39,7.1
06085507806,Census Tract 5078.06; Santa Clara County; California,06,085,507806,5657,1465,439,721,16,500,70,200887,2110,39,1.85,7.3
06085507807,Census Tract 5078.07; Santa Clara County; California,06,085,507807,3115,752,432,468,0,294,1,250001,1027,9,0.88,1.0
06085507808,Census Tract 5078.08; Santa Clara County; California,06,085,507808,5720,1482,629,658,0,570,0,250001,1890,74,3.92,3.3
06085507903,Census Tract 5079.03; Santa Clara County; California,06,085,507903,5037,1263,938,833,0,653,0,223571,1794,64,3.57,2.5
06085507904,Census Tract 5079.04; Santa Clara County; California,06,085,507904,2963,648,592,493,0,418,0,250001,1064,14,1.32,1.5
06085507905,Census Tract 5079.05; Santa Clara County; California,06,085,507905,6596,2008,640,966,0,858,0,141429,2040,289,14.17,3.8
06085507906,Census Tract 5079.06; Santa Clara County; California,06,085,507906,4499,997,724,677,0,595,0,250001,1382,17,1.23,3.0
06085508003,Census Tract 5080.03; Santa Clara County; California,06,085,508003,2236,547,254,504,6,443,0,198500,756,14,1.85,9.1
06085508004,Census Tract 5080.04; Santa Clara County; California,06,085,508004,6131,1421,572,1349,0,1047,0,250001,2116,123,5.81,1.3
06085508005,Census Tract 5080.05; Santa Clara County; California,06,085,508005,3835,784,787,1086,6,926,0,206389,1542,181,11.74,5.4
06085508006,Census Tract 5080.06; Santa Clara County; California,06,085,508006,3817,788,653,767,0,601,5,240833,1410,8,0.57,3.3
06085508101,Census Tract 5081.01; Santa Clara County; California,06,085,508101,6679,1702,799,1842,0,1714,0,250001,2418,34,1.41,0.8
06085508102,Census Tract 5081.02; Santa Clara County; California,06,085,508102,3693,912,386,897,0,693,66,216094,1353,103,7.61,0.5
06085508203,Census Tract 5082.03; Santa Clara County; California,06,085,508203,5511,1647,866,2265,0,1836,34,250001,1781,29,1.63,3.4
06085508204,Census Tract 5082.04; Santa Clara County; California,06,085,508204,4725,1307,528,986,0,762,0,250001,1617,96,5.94,4.7
06085508205,Census Tract 5082.05; Santa Clara County; California,06,085,508205,4334,783,408,939,0,794,3,213981,1672,61,3.65,2.9
06085508206,Census Tract 5082.06; Santa Clara County; California,06,085,508206,4048,867,735,1433,0,1087,0,250001,1424,0,0.0,3.5
06085508301,Census Tract 5083.01; Santa Clara County; California,06,085,508301,4461,960,1092,1956,0,1540,0,250001,1550,35,2.26,1.1
06085508303,Census Tract 5083.03; Santa Clara County; California,06,085,508303,2647,489,720,903,0,555,0,219081,941,46,4.89,2.3
06085508305,Census Tract 5083.05; Santa Clara County; California,06,085,508305,5284,1582,414,845,0,722,155,121145,1842,71,3.85,4.4
06085508306,Census Tract 5083.06; Santa Clara County; California,06,085,508306,2980,539,648,1077,0,1003,0,250001,1156,59,5.1,1.8
06085508401,Census Tract 5084.01; Santa Clara County; California,06,085,508401,8061,2310,873,2555,0,2047,31,198816,2474,37,1.5,1.7
06085508403,Census Tract 5084.03; Santa Clara County; California,06,085,508403,3176,900,676,1568,0,1237,0,250001,1003,16,1.6,2.2
06085508404,Census Tract 5084.04; Santa Clara County; California,06,085,508404,6312,1532,900,2855,0,2359,0,213393,2305,40,1.74,5.1
06085508503,Census Tract 5085.03; Santa Clara County; California,06,085,508503,6020,1270,674,1313,0,946,5,167763,2643,262,9.91,8.0
06085508505,Census Tract 5085.05; Santa Clara County; California,06,085,508505,4833,864,755,1505,0,1214,12,205625,2042,93,4.55,8.0
06085508507,Census Tract 5085.07; Santa Clara County; California,06,085,508507,3388,624,163,595,0,372,0,174267,1433,52,3.63,10.6
06085508508,Census Tract 5085.08; Santa Clara County; California,06,085,508508,5873,1408,740,1349,0,1094,64,133065,2022,83,4.1,10.3
06085508509,Census Tract 5085.09; Santa Clara County; California,06,085,508509,4240,351,811,718,0,594,0,161270,2240,504,22.5,9.2
06085508510,Census Tract 5085.10; Santa Clara County; California,06,085,508510,3606,729,234,509,0,470,0,174167,1292,180,13.93,14.2
06085508601,Census Tract 5086.01; Santa Clara County; California,06,085,508601,3914,841,565,1372,5,956,0,195804,1560,75,4.81,4.3
06085508602,Census Tract 5086.02; Santa Clara County; California,06,085,508602,6074,928,895,2546,0,1726,117,180959,2711,465,17.15,7.9
06085508705,Census Tract 5087.05; Santa Clara County; California,06,085,508705,4452,701,167,1172,0,893,11,189571,1905,136,7.14,1.7
06085508706,Census Tract 5087.06; Santa Clara County; California,06,085,508706,4295,562,662,818,0,603,0,216210,1637,108,6.6,4.3
06085508707,Census Tract 5087.07; Santa Clara County; California,06,085,508707,3907,647,293,825,0,689,27,173165,1573,143,9.09,7.0
06085508708,Census Tract 5087.08; Santa Clara County; California,06,085,508708,6682,745,148,826,17,615,0,250001,3172,465,14.66,7.3
06085508800,Census Tract 5088; Santa Clara County; California,06,085,508800,3619,433,322,533,0,414,113,143333,1400,73,5.21,7.8
06085508900,Census Tract 5089; Santa Clara County; California,06,085,508900,4428,931,435,790,0,609,8,156726,1601,33,2.06,8.0
06085509001,Census Tract 5090.01; Santa Clara County; California,06,085,509001,3031,574,394,775,38,658,0,162981,1093,23,2.1,7.6
06085509002,Census Tract 5090.02; Santa Clara County; California,06,085,509002,4097,808,374,693,0,512,27,175625,1434,21,1.46,6.2
06085509102,Census Tract 5091.02; Santa Clara County; California,06,085,509102,4704,799,447,1324,0,896,23,229505,2229,129,5.79,5.5
06085509106,Census Tract 5091.06; Santa Clara County; California,06,085,509106,4123,590,463,1578,0,1253,11,159951,1985,165,8.31,6.2
06085509107,Census Tract 5091.07; Santa Clara County; California,06,085,509107,5107,1311,156,1154,0,1054,40,143611,2070,204,9.86,4.6
06085509108,Census Tract 5091.08; Santa Clara County; California,06,085,509108,4617,653,593,1205,0,1039,271,219063,1869,134,7.17,4.0
06085509109,Census Tract 5091.09; Santa Clara County; California,06,085,509109,7153,1788,263,2083,0,1811,0,250001,2589,114,4.4,4.3
06085509110,Census Tract 5091.10; Santa Clara County; California,06,085,509110,3317,783,249,1470,0,1148,69,192045,1392,61,4.38,5.8
06085509111,Census Tract 5091.11; Santa Clara County; California,06,085,509111,4643,1094,704,1681,0,1262,10,135398,1989,137,6.89,7.6
06085509201,Census Tract 5092.01; Santa Clara County; California,06,085,509201,5287,792,651,2530,0,1946,11,182611,2681,301,11.23,1.8
06085509202,Census Tract 5092.02; Santa Clara County; California,06,085,509202,4222,859,541,1682,12,1249,145,228462,1636,120,7.33,10.4
06085509302,Census Tract 5093.02; Santa Clara County; California,06,085,509302,3508,800,639,1528,0,1194,327,169896,1222,114,9.33,5.2
06085509303,Census Tract 5093.03; Santa Clara County; California,06,085,509303,3565,629,814,1445,0,1227,52,175288,1651,236,14.29,5.4
06085509304,Census Tract 5093.04; Santa Clara County; California,06,085,509304,3175,582,237,1148,0,907,9,207381,1156,7,0.61,1.8
06085509401,Census Tract 5094.01; Santa Clara County; California,06,085,509401,4746,593,518,1914,0,1547,11,149258,2409,314,13.03,7.7
06085509403,Census Tract 5094.03; Santa Clara County; California,06,085,509403,4115,696,168,1431,0,1069,0,177847,2003,126,6.29,8.7
06085509404,Census Tract 5094.04; Santa Clara County; California,06,085,509404,6256,1060,760,2023,0,1788,9,203864,3208,239,7.45,3.7
06085509500,Census Tract 5095; Santa Clara County; California,06,085,509500,5617,913,409,1750,0,1229,91,178892,2555,364,14.25,7.9
06085509600,Census Tract 5096; Santa Clara County; California,06,085,509600,3724,726,302,1802,0,1299,2,188676,1712,96,5.61,14.7
06085509700,Census Tract 5097; Santa Clara County; California,06,085,509700,3064,704,408,1599,0,1097,29,209607,1375,89,6.47,4.6
06085509801,Census Tract 5098.01; Santa Clara County; California,06,085,509801,5969,1370,699,2869,0,2279,11,167957,2531,246,9.72,1.5
06085509802,Census Tract 5098.02; Santa Clara County; California,06,085,509802,3090,729,473,1062,0,758,59,220694,1119,37,3.31,7.6
06085509901,Census Tract 5099.01; Santa Clara County; California,06,085,509901,2602,824,428,1527,0,1388,4,250001,775,9,1.16,1.6
06085509902,Census Tract 5099.02; Santa Clara County; California,06,085,509902,5161,1170,1081,2458,0,1851,30,222955,1834,191,10.41,10.9
06085510001,Census Tract 5100.01; Santa Clara County; California,06,085,510001,5852,1412,967,3130,0,2709,13,250001,1959,74,3.78,2.2
06085510002,Census Tract 5100.02; Santa Clara County; California,06,085,510002,4131,1113,690,1939,10,1577,0,250001,1340,15,1.12,1.5
06085510100,Census Tract 5101; Santa Clara County; California,06,085,510100,2792,619,860,1474,0,1193,0,250001,1045,0,0.0,9.8
06085510200,Census Tract 5102; Santa Clara County; California,06,085,510200,4565,1141,996,2564,0,2038,0,250001,1574,35,2.22,0.9
06085510300,Census Tract 5103; Santa Clara County; California,06,085,510300,4649,1198,959,2342,19,1625,0,250001,1721,58,3.37,3.2
06085510400,Census Tract 5104; Santa Clara County; California,06,085,510400,3495,771,539,1491,0,1303,28,250001,1286,8,0.62,1.7
06085510500,Census Tract 5105; Santa Clara County; California,06,085,510500,4911,1165,1434,2450,0,1952,2,250001,1751,136,7.77,5.2
06085510600,Census Tract 5106; Santa Clara County; California,06,085,510600,6602,1744,1278,2623,0,1993,30,198068,2302,64,2.78,18.8
06085510700,Census Tract 5107; Santa Clara County; California,06,085,510700,4740,747,777,1796,0,1381,0,182266,2267,138,6.09,3.3
06085510801,Census Tract 5108.01; Santa Clara County; California,06,085,510801,5244,1283,1204,1705,0,1344,140,250001,1893,70,3.7,1.6
06085510802,Census Tract 5108.02; Santa Clara County; California,06,085,510802,2014,533,406,1088,0,868,0,250001,686,17,2.48,2.1
06085510803,Census Tract 5108.03; Santa Clara County; California,06,085,510803,3406,866,563,1398,0,1149,0,250001,1214,124,10.21,7.0
06085510900,Census Tract 5109; Santa Clara County; California,06,085,510900,4431,899,855,1965,0,1417,0,183536,1863,255,13.69,2.1
06085511000,Census Tract 5110; Santa Clara County; California,06,085,511000,7180,2079,1046,2611,14,2239,0,250001,2348,99,4.22,1.8
06085511100,Census Tract 5111; Santa Clara County; California,06,085,511100,5379,1089,1218,2481,0,1812,0,250001,1999,21,1.05,2.9
06085511200,Census Tract 5112; Santa Clara County; California,06,085,511200,4765,1115,763,2838,16,2321,33,250001,1728,32,1.85,2.6
06085511301,Census Tract 5113.01; Santa Clara County; California,06,085,511301,4163,685,854,2381,0,2076,55,238750,1670,124,7.43,3.4
06085511302,Census Tract 5113.02; Santa Clara County; California,06,085,511302,3880,603,1142,1779,0,1539,0,139167,1886,649,34.41,18.2
06085511400,Census Tract 5114; Santa Clara County; California,06,085,511400,3608,869,737,1959,12,1310,4,250001,1384,54,3.9,1.4
06085511501,Census Tract 5115.01; Santa Clara County; California,06,085,511501,4680,942,726,2558,0,1991,141,173470,1897,294,15.5,10.3
06085511502,Census Tract 5115.02; Santa Clara County; California,06,085,511502,3022,309,675,1997,8,1551,37,250001,858,8,0.93,0.8
06085511608,Census Tract 5116.08; Santa Clara County; California,06,085,511608,3316,34,0,1380,10,1114,77,42824,235,112,47.66,35.8
06085511609,Census Tract 5116.09; Santa Clara County; California,06,085,511609,3441,604,840,1603,11,1105,54,148365,1664,181,10.88,6.0
06085511701,Census Tract 5117.01; Santa Clara County; California,06,085,511701,4368,976,969,2732,0,1957,0,250001,1489,7,0.47,3.5
06085511702,Census Tract 5117.02; Santa Clara County; California,06,085,511702,2859,698,594,1529,0,1234,0,250001,966,6,0.62,3.8
06085511704,Census Tract 5117.04; Santa Clara County; California,06,085,511704,4480,804,1661,1795,0,1213,0,250001,1682,25,1.49,10.8
06085511705,Census Tract 5117.05; Santa Clara County; California,06,085,511705,2145,480,540,1278,0,1098,26,250001,642,15,2.34,2.3
06085511707,Census Tract 5117.07; Santa Clara County; California,06,085,511707,3047,458,1203,1712,8,1215,37,203068,1169,118,10.09,5.9
06085511800,Census Tract 5118; Santa Clara County; California,06,085,511800,4289,887,632,3335,0,2316,0,196786,1634,27,1.65,4.0
06085511905,Census Tract 5119.05; Santa Clara County; California,06,085,511905,3084,780,548,1389,0,1184,0,250001,1075,19,1.77,0.7
06085511907,Census Tract 5119.07; Santa Clara County; California,06,085,511907,4096,945,707,1469,44,1061,0,250001,1255,34,2.71,0.9
06085511910,Census Tract 5119.10; Santa Clara County; California,06,085,511910,2992,594,677,1689,0,1102,0,250001,1087,8,0.74,5.9
06085511911,Census Tract 5119.11; Santa Clara County; California,06,085,511911,4601,724,1046,2673,0,1925,121,167639,1973,29,1.47,7.0
06085511912,Census Tract 5119.12; Santa Clara County; California,06,085,511912,5286,1191,962,1854,0,1543,0,232214,1726,18,1.04,2.1
06085511913,Census Tract 5119.13; Santa Clara County; California,06,085,511913,4282,1102,760,2739,0,2261,1,250001,1432,0,0.0,0.6
06085511914,Census Tract 5119.14; Santa Clara County; California,06,085,511914,6287,1553,1224,2978,9,2346,10,250001,2080,49,2.36,1.9
06085511915,Census Tract 5119.15; Santa Clara County; California,06,085,511915,3754,1177,532,1220,0,902,0,81458,1393,373,26.78,16.7
06085511916,Census Tract 5119.16; Santa Clara County; California,06,085,511916,4483,1079,691,1833,0,1417,30,191735,1548,49,3.17,3.8
06085511917,Census Tract 5119.17; Santa Clara County; California,06,085,511917,4379,784,1026,1446,0,1041,17,250001,1638,14,0.85,0.8
06085511918,Census Tract 5119.18; Santa Clara County; California,06,085,511918,3243,740,661,1319,0,1034,0,250001,982,27,2.75,1.5
06085512001,Census Tract 5120.01; Santa Clara County; California,06,085,512001,6102,1257,833,1349,0,1116,90,205750,1846,39,2.11,1.7
06085512005,Census Tract 5120.05; Santa Clara County; California,06,085,512005,6650,1605,1032,3329,0,2408,0,198012,2148,12,0.56,3.2
06085512019,Census Tract 5120.19; Santa Clara County; California,06,085,512019,4380,991,769,1784,0,1185,19,122813,1517,43,2.83,14.3
06085512021,Census Tract 5120.21; Santa Clara County; California,06,085,512021,5782,1083,972,1742,0,1414,71,148548,1986,107,5.39,8.5
06085512022,Census Tract 5120.22; Santa Clara County; California,06,085,512022,6275,1376,1048,1023,0,610,136,94495,1880,117,6.22,17.9
06085512023,Census Tract 5120.23; Santa Clara County; California,06,085,512023,5346,1197,566,1326,0,916,94,106684,1892,85,4.49,5.6
06085512024,Census Tract 5120.24; Santa Clara County; California,06,085,512024,5288,1141,809,2192,0,1853,20,136168,1813,157,8.66,8.8
06085512025,Census Tract 5120.25; Santa Clara County; California,06,085,512025,3062,616,666,1274,0,785,74,220962,984,56,5.69,1.1
06085512026,Census Tract 5120.26; Santa Clara County; California,06,085,512026,3734,815,368,1025,0,797,0,160156,1245,18,1.45,3.4
06085512027,Census Tract 5120.27; Santa Clara County; California,06,085,512027,3908,742,882,1525,0,1209,27,106406,1547,141,9.11,7.2
06085512029,Census Tract 5120.29; Santa Clara County; California,06,085,512029,8115,1637,1102,3839,0,2567,27,180725,2529,17,0.67,1.7
06085512030,Census Tract 5120.30; Santa Clara County; California,06,085,512030,2898,773,503,1265,7,860,21,181326,899,36,4.0,4.0
06085512031,Census Tract 5120.31; Santa Clara County; California,06,085,512031,4099,1033,650,1763,0,1493,0,196727,1372,12,0.87,4.5
06085512032,Census Tract 5120.32; Santa Clara County; California,06,085,512032,3754,883,579,1248,0,1002,0,173750,1366,30,2.2,12.3
06085512034,Census Tract 5120.34; Santa Clara County; California,06,085,512034,2997,682,491,1143,0,835,4,157569,997,3,0.3,2.0
06085512035,Census Tract 5120.35; Santa Clara County; California,06,085,512035,4519,1253,716,1274,0,860,138,198632,1324,79,5.97,2.3
06085512036,Census Tract 5120.36; Santa Clara County; California,06,085,512036,4768,920,329,1473,0,1002,37,138841,1827,124,6.79,5.3
06085512037,Census Tract 5120.37; Santa Clara County; California,06,085,512037,2989,697,526,1051,28,748,27,184333,950,23,2.42,2.9
06085512038,Census Tract 5120.38; Santa Clara County; California,06,085,512038,3217,917,279,648,0,494,0,101308,993,40,4.03,8.4
06085512039,Census Tract 5120.39; Santa Clara County; California,06,085,512039,5717,1459,465,835,0,685,135,134158,1435,52,3.62,11.9
06085512042,Census Tract 5120.42; Santa Clara County; California,06,085,512042,2830,625,414,251,0,209,74,111875,777,65,8.37,9.6
06085512043,Census Tract 5120.43; Santa Clara County; California,06,085,512043,5266,1138,976,800,24,430,26,81984,1681,215,12.79,7.1
06085512045,Census Tract 5120.45; Santa Clara County; California,06,085,512045,5086,1146,749,2132,0,1656,0,181528,1705,85,4.99,3.9
06085512047,Census Tract 5120.47; Santa Clara County; California,06,085,512047,5315,837,905,2472,56,1639,106,180909,1634,31,1.9,3.4
06085512052,Census Tract 5120.52; Santa Clara County; California,06,085,512052,4491,765,777,1602,0,1041,0,132699,1733,155,8.94,5.5
06085512053,Census Tract 5120.53; Santa Clara County; California,06,085,512053,4815,881,729,1591,0,1084,284,117292,1643,52,3.16,6.3
06085512054,Census Tract 5120.54; Santa Clara County; California,06,085,512054,4457,913,77,874,0,482,112,105292,1825,136,7.45,12.0
06085512055,Census Tract 5120.55; Santa Clara County; California,06,085,512055,3595,661,836,323,0,260,108,124398,864,14,1.62,6.3
06085512056,Census Tract 5120.56; Santa Clara County; California,06,085,512056,3807,863,479,655,0,527,163,123674,1045,61,5.84,8.3
06085512057,Census Tract 5120.57; Santa Clara County; California,06,085,512057,4385,774,687,755,0,554,0,176016,1039,89,8.57,9.6
06085512058,Census Tract 5120.58; Santa Clara County; California,06,085,512058,5561,916,154,1208,0,1022,125,138750,2452,102,4.16,4.4
06085512059,Census Tract 5120.59; Santa Clara County; California,06,085,512059,7000,1507,809,2620,44,2093,62,176250,2262,17,0.75,5.2
06085512100,Census Tract 5121; Santa Clara County; California,06,085,512100,1710,421,252,433,0,252,10,121563,453,4,0.88,6.9
06085512200,Census Tract 5122; Santa Clara County; California,06,085,512200,5146,1180,1074,2910,0,2093,16,250001,1671,40,2.39,2.9
06085512305,Census Tract 5123.05; Santa Clara County; California,06,085,512305,4029,875,672,2042,0,1448,10,247321,1301,7,0.54,1.8
06085512307,Census Tract 5123.07; Santa Clara County; California,06,085,512307,6529,1221,1783,3197,0,2371,14,148064,2347,97,4.13,3.4
06085512308,Census Tract 5123.08; Santa Clara County; California,06,085,512308,8550,2336,1189,4818,0,3474,119,248750,2724,16,0.59,3.0
06085512309,Census Tract 5123.09; Santa Clara County; California,06,085,512309,5110,1192,1026,2656,37,1985,0,210212,1682,75,4.46,1.1
06085512310,Census Tract 5123.10; Santa Clara County; California,06,085,512310,5234,1650,644,1771,0,1473,233,100506,1793,181,10.09,8.3
06085512311,Census Tract 5123.11; Santa Clara County; California,06,085,512311,4119,1125,501,1678,0,1037,60,139074,1312,46,3.51,6.3
06085512312,Census Tract 5123.12; Santa Clara County; California,06,085,512312,4066,1230,434,1679,0,1165,89,206208,1261,0,0.0,0.7
06085512313,Census Tract 5123.13; Santa Clara County; California,06,085,512313,4008,1172,418,1342,0,930,38,107198,1193,46,3.86,11.0
06085512314,Census Tract 5123.14; Santa Clara County; California,06,085,512314,7110,1920,1000,2646,0,2198,66,152349,2217,103,4.65,7.8
06085512401,Census Tract 5124.01; Santa Clara County; California,06,085,512401,3961,734,929,1870,0,1386,98,197540,1309,23,1.76,12.3
06085512402,Census Tract 5124.02; Santa Clara County; California,06,085,512402,5696,1068,1167,2593,0,1934,0,148833,1634,55,3.37,5.7
06085512505,Census Tract 5125.05; Santa Clara County; California,06,085,512505,7683,2105,734,2304,0,1945,26,99742,2296,82,3.57,7.2
06085512509,Census Tract 5125.09; Santa Clara County; California,06,085,512509,7855,2522,809,1801,185,1252,277,184500,1954,27,1.38,2.4
06085512510,Census Tract 5125.10; Santa Clara County; California,06,085,512510,7673,1734,1711,3183,0,2759,39,117083,2670,226,8.46,3.7
06085512511,Census Tract 5125.11; Santa Clara County; California,06,085,512511,4774,1256,810,2036,0,1253,29,124625,1556,206,13.24,12.3
06085512512,Census Tract 5125.12; Santa Clara County; California,06,085,512512,3406,821,422,996,0,728,0,101793,1043,18,1.73,12.0
06085512513,Census Tract 5125.13; Santa Clara County; California,06,085,512513,4003,1160,404,687,0,455,16,84934,1152,55,4.77,5.2
06085512514,Census Tract 5125.14; Santa Clara County; California,06,085,512514,2899,815,290,594,0,539,64,111250,824,41,4.98,7.5
06085512515,Census Tract 5125.15; Santa Clara County; California,06,085,512515,4837,1170,597,2489,0,1899,22,176250,1492,19,1.27,0.9
06085512516,Census Tract 5125.16; Santa Clara County; California,06,085,512516,4322,1077,603,1747,0,1089,0,159137,1454,16,1.1,5.7
06085512602,Census Tract 5126.02; Santa Clara County; California,06,085,512602,3124,563,596,995,0,789,16,140556,840,8,0.95,9.0
06085512603,Census Tract 5126.03; Santa Clara County; California,06,085,512603,4877,1365,423,769,0,582,0,90139,1203,69,5.74,14.8
06085512604,Census Tract 5126.04; Santa Clara County; California,06,085,512604,4637,1337,545,680,12,512,47,83946,1145,13,1.14,7.7
06085513000,Census Tract 5130; Santa Clara County; California,06,085,513000,12324,587,17,5542,0,4437,232,53696,2335,1020,43.68,21.9
06085513500,Census Tract 5135; Santa Clara County; California,06,085,513500,1009,123,249,678,0,509,5,102750,281,0,0.0,15.3
