tract_geoid,high_bp_pct,heart_disease_pct,smoking_pct,depression_pct,diabetes_pct,food_insecurity_pct,food_stamp_pct,high_cholesterol_pct,housing_insecurity_pct,lack_transport_pct,loneliness_pct,physical_inactivity_pct,mental_distress_pct,obesity_pct,stroke_pct,total_population
06085500100,21.8,3.1,8.7,19.4,8.4,15.1,11.2,28.5,13.8,8.2,40.5,22.4,15.7,25.0,1.8,7969
06085500200,23.3,3.5,11.2,21.2,8.5,17.4,14.6,28.3,15.3,9.6,41.3,23.8,17.6,26.9,2.0,5281
06085500300,24.4,3.7,8.5,20.5,8.8,11.5,9.2,30.4,11.3,6.9,37.2,19.7,15.2,26.4,2.0,4765
06085500400,25.6,4.0,7.5,20.2,8.8,9.3,7.0,32.0,9.5,5.8,36.5,18.3,14.4,25.2,2.2,2476
06085500500,31.2,5.6,8.4,20.3,11.3,9.8,8.2,36.4,9.0,6.0,35.1,20.9,13.9,25.7,3.0,5506
06085500600,24.6,3.9,8.5,21.1,8.3,11.2,9.1,30.6,10.5,6.7,38.2,19.2,15.4,24.8,2.1,5548
06085500800,23.3,3.5,8.5,20.4,8.1,12.1,9.9,28.6,11.4,7.2,38.6,19.7,15.5,25.2,1.9,4669
06085500901,26.1,4.6,11.8,22.2,10.3,21.5,20.4,28.8,16.3,12.4,41.9,26.7,19.0,27.1,2.6,4011
06085500902,15.1,2.0,11.0,30.9,4.5,35.5,34.0,16.6,23.7,23.2,52.1,29.1,29.8,27.0,1.2,4957
06085501000,28.3,5.3,12.7,21.3,12.1,23.1,19.9,32.0,18.7,12.2,42.2,29.8,18.3,29.3,3.0,5468
06085501101,26.4,4.3,8.9,19.5,10.4,13.3,10.6,32.2,11.9,7.5,38.7,23.1,15.2,24.8,2.4,4305
06085501102,26.3,4.4,10.3,20.0,10.9,17.6,13.1,32.3,15.8,9.2,40.7,26.5,16.3,27.8,2.5,4437
06085501200,27.6,4.8,11.0,20.7,11.7,19.5,16.0,32.2,17.0,10.3,40.4,27.8,17.1,29.3,2.7,4129
06085501300,27.8,5.1,11.1,23.2,10.8,17.4,15.8,31.5,14.0,10.3,40.4,24.7,18.5,28.1,2.8,3786
06085501401,27.3,4.7,12.4,20.8,12.2,24.5,19.9,31.8,21.5,12.2,42.3,31.3,18.1,31.3,2.7,3496
06085501402,27.3,4.9,12.8,21.2,12.1,24.8,20.3,32.0,21.2,12.4,42.5,31.6,18.4,30.8,2.8,2962
06085501501,24.7,3.9,9.8,18.1,11.3,20.2,14.4,31.4,17.3,10.1,42.4,28.3,16.1,26.1,2.3,4392
06085501502,26.3,4.6,12.5,20.3,11.9,25.2,20.6,31.4,20.4,12.6,43.0,31.3,18.0,29.0,2.6,4734
06085501601,23.2,3.6,10.1,21.9,8.7,17.6,14.7,27.5,15.4,10.2,41.5,23.6,18.2,27.6,2.0,3728
06085501602,23.0,3.6,14.2,23.8,9.4,31.7,29.5,25.7,24.8,17.3,45.6,31.9,22.1,31.3,2.2,3441
06085501700,24.4,3.9,12.4,21.4,10.6,25.2,20.4,29.1,22.1,12.8,42.8,30.1,18.8,31.4,2.3,5155
06085501800,26.9,4.5,10.1,21.3,10.2,14.5,11.7,32.5,13.5,8.0,38.3,23.7,16.1,28.2,2.5,4852
06085501901,21.3,2.8,6.2,18.8,6.9,8.7,6.4,28.1,8.8,5.5,37.7,16.6,13.7,22.2,1.6,2918
06085501902,19.0,2.4,8.7,21.0,6.4,12.4,9.3,25.9,12.2,7.2,40.8,18.9,16.5,24.0,1.4,4176
06085502001,26.0,4.3,10.0,20.8,10.0,15.6,12.4,31.8,14.1,8.4,39.3,24.0,16.1,27.2,2.4,5010
06085502002,23.3,3.5,10.6,21.0,9.3,19.4,15.6,28.6,17.8,10.2,41.1,25.8,17.4,29.1,2.1,5166
06085502101,28.4,4.8,7.8,19.7,10.0,9.8,7.9,34.3,9.2,5.9,36.2,20.3,13.9,24.3,2.6,5101
06085502103,25.9,4.2,12.3,21.4,10.5,21.9,18.5,30.3,19.0,11.3,42.1,28.6,18.3,29.7,2.5,4449
06085502104,25.7,4.2,8.6,19.6,9.4,12.5,9.5,31.5,12.1,7.1,38.7,21.7,15.0,25.6,2.3,2645
06085502202,29.1,5.0,9.2,21.9,10.0,10.1,8.7,34.8,9.3,6.0,36.4,20.4,15.1,25.4,2.7,3018
06085502203,27.1,4.7,9.4,20.3,9.4,12.5,10.2,32.4,11.0,7.1,39.1,22.3,15.5,24.2,2.6,4118
06085502204,26.0,4.0,14.8,23.7,10.9,28.6,27.7,28.6,23.3,15.0,43.0,31.3,20.8,32.4,2.5,3220
06085502301,27.4,4.5,7.1,21.3,8.7,7.5,5.9,34.1,7.8,4.9,34.6,16.9,13.8,24.9,2.4,3338
06085502302,26.3,4.3,9.4,22.2,9.2,11.6,9.3,32.4,11.4,6.8,37.9,20.6,16.0,26.7,2.4,2995
06085502400,28.3,4.7,7.8,21.6,9.2,7.9,6.5,34.8,7.9,5.1,34.6,17.7,14.1,25.2,2.5,7235
06085502500,28.3,4.8,8.6,21.8,9.2,8.7,7.1,34.8,8.3,5.3,35.5,18.6,14.5,24.9,2.6,6540
06085502601,34.2,6.7,6.9,19.8,10.8,6.4,5.2,39.3,5.9,4.2,33.4,19.1,12.4,22.8,3.3,2831
06085502603,29.2,4.9,7.0,20.5,9.2,6.6,5.3,35.6,6.6,4.4,33.9,17.0,13.2,23.9,2.5,2655
06085502604,21.4,3.0,8.3,23.2,6.7,9.7,7.7,28.0,10.1,6.2,38.9,17.4,16.7,24.7,1.7,4494
06085502701,29.2,5.1,9.8,21.5,10.4,11.7,10.1,34.2,10.7,6.9,37.2,22.0,15.6,26.1,2.8,5048
06085502703,27.5,4.3,7.7,19.8,9.3,8.3,6.6,34.1,7.9,5.1,35.4,18.5,13.6,23.4,2.3,4744
06085502704,27.0,4.2,6.6,18.7,9.0,6.7,5.0,34.7,6.5,4.3,34.8,17.2,12.5,21.3,2.2,4006
06085502800,28.8,4.9,9.5,20.8,10.2,10.3,8.4,34.7,9.3,6.1,37.0,21.1,15.0,24.7,2.6,4422
06085502901,28.3,4.7,8.7,20.7,9.8,9.6,7.7,34.3,9.1,5.8,36.4,20.0,14.6,24.8,2.6,6250
06085502902,28.0,4.6,7.4,20.2,9.2,7.6,5.8,34.6,7.4,4.9,35.3,18.0,13.6,23.4,2.4,7864
06085502903,28.8,4.8,6.6,19.7,9.1,6.1,4.7,35.7,6.3,4.1,33.6,16.6,12.6,23.0,2.4,5333
06085502906,26.8,4.2,9.1,20.9,9.3,10.7,8.6,32.7,10.2,6.3,37.4,20.3,15.2,25.2,2.4,4848
06085502907,29.0,4.9,8.1,20.3,9.8,8.1,6.6,35.4,7.7,5.1,35.2,18.9,13.8,23.8,2.6,3857
06085502908,27.0,4.4,8.8,20.1,9.4,10.1,7.8,33.8,9.3,5.9,37.1,20.0,14.4,23.9,2.4,6951
06085502909,27.5,4.6,9.0,20.7,9.6,11.1,8.7,33.1,10.6,6.5,37.7,21.2,15.2,25.6,2.6,5324
06085502910,27.7,4.7,9.1,20.5,9.8,11.5,9.1,33.2,10.7,6.6,37.7,21.8,15.2,25.5,2.6,3908
06085503001,29.5,4.9,7.5,20.8,9.4,6.8,5.5,36.0,6.9,4.5,34.1,17.5,13.4,24.1,2.6,4430
06085503002,29.9,5.4,8.5,20.5,9.9,9.3,7.4,35.4,8.9,5.6,36.5,20.7,14.3,24.6,2.9,3611
06085503003,28.2,4.7,7.8,20.5,9.5,8.1,6.3,34.7,8.1,5.2,35.4,18.5,14.0,24.2,2.5,5218
06085503105,33.8,6.7,12.9,16.8,17.2,23.7,18.8,39.4,16.0,10.7,42.6,35.9,15.4,23.3,3.9,2417
06085503110,26.7,4.6,12.7,18.8,12.9,26.9,20.3,32.7,21.6,12.6,44.6,34.3,17.6,27.8,2.7,4407
06085503111,28.3,4.9,10.6,16.2,13.5,19.4,13.1,36.0,14.8,9.0,43.0,30.7,14.8,22.3,2.8,4739
06085503112,28.0,5.0,13.4,20.8,12.9,25.7,21.9,32.5,21.0,12.8,42.4,32.3,18.3,30.3,2.9,4379
06085503113,26.3,4.4,11.6,20.4,11.7,23.6,18.7,31.3,20.7,11.7,41.7,30.6,17.6,31.0,2.6,4604
06085503116,29.3,5.2,12.5,20.3,12.6,20.2,17.1,34.4,15.5,10.2,41.4,29.1,17.0,25.8,3.0,5785
06085503117,29.1,5.4,12.7,17.7,14.7,27.0,20.2,35.2,20.2,12.4,44.6,36.1,16.9,26.2,3.2,2911
06085503118,23.6,3.5,10.6,18.2,10.4,20.6,14.6,30.4,17.4,10.0,43.8,28.5,16.6,25.2,2.1,5223
06085503121,31.0,5.7,14.6,21.2,14.4,28.3,25.7,33.7,23.0,14.0,41.9,34.5,18.7,32.7,3.4,4767
06085503122,32.4,5.9,14.4,18.2,16.1,25.1,20.8,37.3,18.3,11.6,42.5,34.9,16.7,26.6,3.5,4108
06085503123,31.8,6.0,14.3,22.1,13.9,24.9,22.9,34.3,20.4,12.6,41.6,32.6,18.8,31.8,3.6,3889
06085503124,28.0,4.7,13.1,21.1,12.1,23.9,20.6,32.0,19.4,12.1,43.2,30.9,18.5,28.6,2.9,4723
06085503125,23.7,3.3,6.8,18.8,8.5,9.0,6.6,31.2,8.8,5.5,37.0,18.0,13.7,22.5,1.9,3680
06085503126,26.3,4.0,10.7,18.7,10.8,15.9,12.6,32.9,12.6,8.1,40.3,25.2,15.5,23.1,2.4,3943
06085503127,23.5,3.4,6.6,18.2,7.8,8.4,6.0,31.3,8.0,5.0,37.1,17.5,13.2,21.0,1.9,5065
06085503207,29.8,4.9,8.9,14.7,13.9,14.3,9.6,37.8,10.3,7.0,40.3,27.0,13.0,19.2,2.8,4115
06085503208,27.8,4.8,10.6,18.1,13.1,21.0,15.2,34.1,17.5,10.2,42.2,30.6,16.0,26.7,2.8,3737
06085503210,27.9,4.7,10.6,16.6,13.2,19.4,13.2,35.2,15.1,9.2,43.0,30.3,15.2,23.1,2.7,4114
06085503211,30.6,5.5,11.7,16.4,14.7,20.5,14.6,37.4,14.9,9.4,42.8,32.2,15.1,22.8,3.2,4731
06085503212,30.6,5.3,10.7,15.6,14.6,17.9,12.6,37.8,12.8,8.3,41.7,30.3,14.1,21.4,3.0,4117
06085503213,33.3,6.4,15.2,17.7,17.6,28.8,24.1,38.3,19.2,13.0,43.7,38.2,16.9,25.4,3.8,4769
06085503217,27.6,4.7,12.2,19.1,13.6,26.3,20.3,33.2,21.5,12.6,43.6,33.9,17.7,28.9,2.8,4406
06085503218,28.3,5.0,14.3,19.9,14.2,31.7,25.3,33.2,25.1,14.7,45.2,37.6,18.9,30.8,3.0,4359
06085503219,32.3,6.2,14.9,18.0,16.7,29.7,24.9,36.8,20.7,13.6,43.8,38.1,17.2,27.0,3.7,2890
06085503220,26.1,4.1,10.7,18.2,11.7,20.2,14.4,32.5,17.2,9.9,42.5,29.4,16.3,26.4,2.4,5635
06085503221,35.4,7.1,14.0,16.4,18.8,26.4,21.5,40.4,16.9,11.6,43.0,38.7,15.6,23.5,4.2,2980
06085503222,27.3,4.5,11.5,16.6,13.1,21.4,14.4,35.0,16.3,9.7,44.6,32.0,15.7,22.8,2.7,4691
06085503304,31.3,6.0,12.1,16.4,15.7,23.5,17.2,37.8,16.6,10.6,43.9,35.0,15.4,23.2,3.5,6537
06085503305,33.1,6.4,13.0,16.6,17.2,25.9,20.8,38.4,17.6,11.7,42.5,36.7,15.6,24.7,3.7,6333
06085503306,30.0,5.6,12.7,17.7,15.3,26.3,19.5,36.1,19.8,12.1,44.5,36.0,16.8,26.4,3.3,4069
06085503312,28.1,4.7,7.9,17.0,11.2,11.5,7.7,35.5,10.2,6.2,38.3,22.6,13.2,22.8,2.5,3562
06085503313,30.9,5.3,8.6,15.3,13.7,13.3,9.4,38.3,9.7,6.7,38.6,25.7,12.6,20.4,2.9,4600
06085503315,27.3,4.4,10.2,16.5,12.6,17.6,12.2,35.0,13.4,8.5,42.4,28.2,14.8,21.6,2.6,7722
06085503321,29.0,4.7,8.6,13.8,13.5,13.4,8.2,38.4,9.3,6.3,41.6,26.7,12.5,16.9,2.7,4571
06085503322,30.7,5.5,11.2,17.2,14.2,19.5,14.3,36.7,14.7,9.3,42.2,30.7,15.3,24.1,3.2,4310
06085503323,28.6,4.6,8.8,15.9,12.7,14.1,9.4,36.1,11.4,7.1,40.6,26.1,13.7,21.4,2.7,4712
06085503324,28.3,4.5,8.3,14.2,12.8,12.8,8.1,37.5,9.4,6.2,40.4,25.4,12.4,17.9,2.5,3577
06085503325,29.0,4.7,9.5,15.3,13.5,15.9,11.0,36.6,11.6,7.6,40.8,27.8,13.6,20.8,2.7,4449
06085503326,25.8,3.6,6.5,13.3,11.2,9.4,5.4,36.3,7.2,4.9,38.8,21.3,11.2,16.1,2.1,6625
06085503327,30.1,5.3,7.8,15.4,12.4,11.8,8.0,37.0,9.4,6.2,38.5,24.7,12.4,20.4,2.9,4856
06085503329,25.2,3.4,5.7,13.2,10.3,7.6,4.4,35.7,6.3,4.2,36.6,18.7,10.4,16.3,1.9,3953
06085503330,24.2,3.1,5.5,13.0,10.1,7.6,4.2,35.4,6.0,4.2,37.5,18.6,10.4,15.3,1.8,7319
06085503331,36.1,6.8,6.4,15.7,13.7,8.3,5.8,42.2,6.7,4.7,34.8,22.8,10.8,20.9,3.5,3273
06085503332,40.3,8.4,5.6,15.8,13.7,5.8,4.1,44.8,4.6,3.6,32.9,21.6,9.8,19.8,4.1,5435
06085503333,27.2,4.2,8.1,16.0,11.4,12.3,8.4,35.2,10.0,6.3,38.8,23.2,13.0,20.9,2.4,4714
06085503336,28.1,4.5,9.0,15.0,13.0,15.3,10.0,36.4,11.7,7.3,40.8,27.2,13.3,20.8,2.6,3370
06085503337,27.9,4.5,9.1,15.3,12.9,15.6,10.5,36.1,11.3,7.5,41.3,27.2,13.6,19.6,2.6,3851
06085503338,25.5,3.5,6.2,14.1,10.3,8.0,4.8,36.0,6.3,4.4,37.0,18.8,10.9,16.5,2.0,4726
06085503339,27.3,4.0,5.5,14.8,10.6,6.7,4.0,37.6,5.5,3.9,35.6,17.8,10.6,17.2,2.2,4047
06085503401,28.4,5.2,12.8,18.8,14.3,29.0,22.0,33.8,23.3,13.5,44.1,36.3,17.6,30.1,3.0,4910
06085503402,29.8,5.6,13.6,18.9,15.2,30.1,24.4,34.6,23.1,14.2,44.1,37.0,17.8,29.4,3.3,4843
06085503504,27.4,4.8,10.8,18.1,13.3,23.7,17.1,33.5,19.9,11.3,42.6,32.2,16.3,28.4,2.7,5888
06085503506,28.4,5.0,12.3,18.4,13.9,25.4,19.0,34.1,20.3,11.9,44.0,34.3,17.1,27.8,3.0,6180
06085503507,27.1,4.7,11.2,18.0,12.9,23.8,16.7,33.1,20.4,11.4,43.8,32.7,16.8,28.4,2.7,2224
06085503508,27.7,5.0,12.0,19.1,13.2,25.4,18.9,33.4,21.0,12.1,43.8,33.7,17.4,28.8,2.9,6172
06085503509,26.5,4.4,10.7,17.7,12.3,20.9,14.1,33.8,17.1,9.9,43.9,30.6,16.1,25.1,2.6,3897
06085503510,27.6,4.8,11.4,19.0,13.0,24.1,18.4,33.2,20.3,11.7,42.1,32.1,16.8,29.4,2.8,5901
06085503511,29.1,5.1,11.0,16.6,13.9,20.4,14.3,36.1,15.5,9.5,42.8,31.5,15.2,23.5,2.9,3622
06085503601,28.4,5.3,13.6,20.8,12.7,24.4,20.0,33.4,19.8,11.9,43.0,32.6,18.2,28.9,3.0,2993
06085503602,29.2,5.4,12.8,18.9,14.3,27.0,21.1,34.5,21.1,12.7,43.8,35.3,17.4,28.3,3.1,4735
06085503703,28.2,5.1,13.0,18.7,14.2,28.8,21.6,33.9,22.9,13.3,44.9,36.4,17.7,29.0,3.0,3927
06085503707,28.4,4.7,11.6,17.5,13.7,22.5,17.1,34.6,17.3,10.6,42.5,32.1,16.0,25.5,2.8,5406
06085503708,30.5,5.2,9.9,14.8,14.8,16.9,12.0,38.2,11.6,7.9,41.0,29.5,13.4,19.8,3.0,2686
06085503709,32.0,6.1,14.1,17.3,16.7,28.7,25.0,37.0,18.5,13.1,43.1,37.4,16.5,24.2,3.6,6878
06085503710,30.9,5.8,11.3,17.8,15.3,24.5,19.3,35.8,19.3,11.5,41.9,34.9,16.0,27.7,3.4,3836
06085503711,27.3,4.6,12.0,19.1,13.3,27.0,21.5,32.2,22.5,13.0,42.4,33.8,17.4,30.9,2.7,4632
06085503712,35.1,7.4,14.8,18.1,18.4,29.7,25.8,39.0,20.2,13.6,43.2,39.7,16.8,26.7,4.4,4217
06085503713,35.0,7.7,15.4,19.2,18.5,33.4,29.9,37.8,23.9,15.6,43.5,41.7,18.0,30.0,4.5,3014
06085503802,29.4,5.1,10.6,17.7,13.1,17.9,13.2,35.7,14.3,8.8,41.1,29.2,15.2,24.6,2.9,8208
06085503803,30.1,5.2,10.4,15.9,14.2,17.4,13.0,37.4,12.0,8.3,40.8,28.8,14.0,20.7,3.0,4617
06085503804,29.3,5.2,11.3,16.8,13.4,19.4,14.4,36.1,13.9,9.1,42.6,30.4,15.1,21.8,3.0,5700
06085503902,28.6,5.2,12.9,19.3,13.5,25.5,19.9,33.9,20.4,12.1,43.2,33.9,17.5,28.7,3.0,6023
06085503903,29.6,5.4,10.7,16.9,13.7,19.4,14.0,36.1,14.9,9.2,41.9,30.8,14.9,23.9,3.0,3289
06085504001,27.6,4.7,11.5,18.8,13.1,23.9,18.0,33.3,19.9,11.4,42.5,32.3,16.8,28.9,2.7,6022
06085504002,28.4,5.0,11.0,17.6,13.6,22.4,16.4,34.3,18.2,10.7,42.6,32.4,16.0,26.6,2.9,5908
06085504101,29.0,5.4,12.3,19.4,13.7,25.0,19.9,34.1,20.1,12.0,42.3,33.3,17.1,29.1,3.1,4217
06085504102,28.7,5.1,12.0,19.1,13.6,24.5,19.0,33.9,20.2,11.8,42.2,33.0,17.0,29.4,3.0,5818
06085504201,29.4,5.1,8.7,18.9,11.2,11.6,8.5,35.6,10.5,6.5,37.5,22.7,14.1,24.8,2.7,5269
06085504202,30.0,5.3,7.7,17.5,11.6,10.6,7.6,36.8,9.3,5.9,36.5,22.0,12.9,23.3,2.8,4896
06085504307,28.1,4.5,8.3,14.8,12.2,12.7,8.4,36.7,9.4,6.3,39.7,24.7,12.6,18.5,2.5,5722
06085504308,31.5,5.6,8.3,15.8,13.2,11.8,8.4,38.7,8.6,6.1,37.9,24.6,12.4,20.0,3.0,4613
06085504311,23.8,3.3,6.4,14.1,9.8,9.5,6.0,33.7,7.4,5.1,38.8,20.0,11.6,16.3,1.8,8308
06085504314,27.4,4.3,7.8,14.7,11.8,11.3,7.1,36.5,8.6,5.8,39.5,23.3,12.3,18.1,2.4,4745
06085504315,27.1,4.1,7.5,14.8,11.5,10.8,7.0,36.1,8.5,5.6,38.6,22.4,12.2,18.4,2.3,6696
06085504316,26.9,4.1,8.1,14.4,11.7,12.5,8.0,36.0,9.4,6.1,40.1,24.2,12.4,18.1,2.3,4902
06085504317,28.4,4.6,7.7,14.2,12.5,11.6,7.4,37.5,8.5,5.8,39.5,24.0,12.0,17.4,2.5,4312
06085504318,29.2,4.9,12.5,17.1,13.6,20.7,15.8,35.7,15.1,9.7,42.0,30.7,15.5,23.8,2.9,7427
06085504319,25.9,3.9,7.9,15.1,11.2,12.6,8.8,34.5,9.5,6.4,39.3,23.2,12.7,18.5,2.2,7917
06085504320,30.9,5.2,8.9,14.7,14.1,13.5,9.5,39.0,9.4,6.5,38.9,26.3,12.4,18.8,2.9,2866
06085504321,26.7,4.2,8.4,15.1,11.6,13.1,8.8,35.2,10.0,6.6,40.2,24.3,13.0,18.9,2.4,5419
06085504322,20.9,2.6,7.6,16.3,8.1,12.2,8.7,29.2,9.8,6.6,40.4,20.3,13.7,18.7,1.6,5505
06085504323,25.2,3.7,8.2,14.8,10.8,12.5,8.3,34.1,9.4,6.3,40.4,23.3,12.9,17.5,2.1,5738
06085504410,30.1,5.2,10.7,15.6,13.9,17.4,12.7,37.3,12.1,8.1,41.2,29.5,13.9,20.5,3.0,4282
06085504411,28.7,4.8,9.4,16.0,12.7,14.5,10.2,36.7,10.6,7.1,40.4,26.3,13.6,19.8,2.7,5350
06085504412,26.6,4.1,9.7,15.6,11.8,15.7,10.6,34.8,11.8,7.5,41.7,26.7,14.0,20.0,2.4,4703
06085504413,29.1,4.6,6.7,12.9,12.2,9.7,6.3,38.1,6.9,4.8,37.5,22.9,10.5,15.7,2.6,1906
06085504414,29.6,4.7,7.6,13.6,13.3,11.2,7.3,38.8,7.8,5.5,38.3,24.1,11.4,16.7,2.6,5059
06085504415,27.5,4.2,7.0,14.3,11.4,9.6,6.0,37.1,7.3,5.0,38.0,21.6,11.4,17.1,2.3,5218
06085504416,26.1,3.8,6.9,14.6,10.8,9.7,6.1,35.6,7.6,5.1,38.2,20.9,11.7,17.5,2.1,3758
06085504418,27.1,4.4,10.1,16.0,12.4,17.1,11.8,35.0,13.0,8.2,42.0,27.9,14.4,21.2,2.6,4852
06085504421,28.3,4.4,7.8,14.5,12.2,11.3,7.5,37.2,8.3,5.7,38.6,23.3,12.0,17.9,2.5,4804
06085504422,30.6,5.3,9.5,15.4,14.2,15.7,11.5,37.8,11.0,7.7,39.9,27.7,13.3,20.2,3.0,3680
06085504423,27.3,4.3,7.4,15.9,11.0,10.1,6.7,35.8,8.5,5.5,38.1,21.4,12.5,19.8,2.3,2307
06085504424,30.5,5.1,8.4,14.8,13.6,12.4,8.6,38.8,8.7,6.2,38.5,25.0,12.2,18.6,2.8,4869
06085504505,18.0,2.1,5.6,14.7,6.5,8.6,5.2,27.8,7.3,4.9,40.0,16.9,12.0,15.5,1.2,11204
06085504506,25.2,3.7,8.0,14.8,10.6,11.7,7.7,34.2,8.9,5.9,39.9,22.6,12.6,17.6,2.1,6951
06085504507,28.3,4.6,8.7,15.5,12.3,13.1,8.8,36.3,9.9,6.6,40.0,25.4,13.2,19.4,2.6,5973
06085504508,23.0,3.2,11.5,16.6,9.2,18.3,12.3,29.6,15.7,9.1,43.8,26.2,15.9,23.5,1.9,3810
06085504509,15.7,1.6,4.7,13.9,5.4,7.3,4.2,26.2,6.3,4.2,39.4,15.0,11.2,14.0,0.9,5600
06085504510,19.9,2.3,5.6,13.8,7.5,8.4,5.2,30.0,7.1,4.7,38.6,17.4,11.2,15.6,1.4,4119
06085504601,26.0,4.3,8.6,18.9,9.6,11.9,8.8,32.6,10.7,6.8,38.6,21.1,14.5,24.2,2.3,1031
06085504602,29.2,5.4,11.6,19.0,13.2,21.1,16.5,34.7,17.1,10.3,40.8,30.6,16.1,27.9,3.0,2056
06085504700,18.7,2.3,7.5,22.6,5.7,9.2,7.2,25.3,10.2,6.1,38.9,15.2,16.3,24.6,1.4,661
06085504802,26.2,4.2,8.4,17.3,10.4,12.0,8.5,34.0,10.0,6.4,39.1,22.6,13.8,21.3,2.3,5393
06085504805,27.9,4.7,8.9,19.5,10.6,12.2,9.6,34.2,10.2,6.9,38.6,22.5,14.8,23.3,2.6,7454
06085504806,27.1,4.5,8.9,17.0,11.6,14.1,10.0,34.4,11.5,7.3,40.1,24.8,14.2,22.0,2.5,2776
06085504807,18.4,2.3,4.6,15.8,5.8,6.3,3.7,27.8,5.7,4.0,38.2,14.2,11.6,16.1,1.3,6001
06085504808,26.4,4.1,9.4,18.1,10.6,14.4,10.6,32.4,13.1,7.6,39.5,24.1,14.9,25.8,2.3,1623
06085504902,18.4,2.1,4.7,15.4,6.2,6.6,4.0,27.8,6.2,4.1,37.6,14.6,11.4,16.7,1.2,4579
06085504903,16.7,1.8,6.0,16.3,5.5,8.1,5.1,26.3,7.3,4.8,39.6,15.6,12.8,16.5,1.1,5353
06085505006,15.0,1.5,4.9,16.7,4.5,6.9,4.3,24.1,6.5,4.4,39.0,13.7,12.5,16.5,0.9,11912
06085505007,29.9,5.4,9.9,17.1,12.7,15.0,11.1,36.0,11.6,7.7,40.7,27.2,14.6,22.0,3.0,3760
06085505010,23.9,3.4,7.1,16.1,9.5,10.0,6.7,32.5,8.6,5.7,38.4,19.7,12.8,19.4,1.9,4315
06085505011,19.2,2.4,5.8,16.4,6.7,7.7,4.8,28.3,7.2,4.7,38.9,16.0,12.7,17.7,1.4,5413
06085505012,12.4,1.1,3.9,16.8,3.3,5.1,2.9,21.8,5.4,3.7,39.0,11.2,12.2,15.3,0.7,2861
06085505013,12.8,1.2,4.5,16.3,3.6,7.4,4.4,21.4,6.8,4.8,41.1,13.6,12.8,15.5,0.7,5705
06085505014,18.9,2.3,7.1,18.1,6.5,10.7,7.3,26.5,9.9,6.2,41.1,18.2,14.7,20.4,1.4,6446
06085505015,19.3,2.5,7.6,18.0,6.9,12.0,8.1,27.5,10.5,6.6,41.0,19.4,14.6,20.6,1.5,4580
06085505100,24.7,3.7,9.0,18.8,9.5,14.3,11.4,30.8,12.2,7.7,39.3,22.7,15.0,23.8,2.1,4616
06085505202,23.3,3.5,9.7,19.3,8.9,16.0,12.7,29.3,13.3,8.6,40.9,23.6,16.0,23.9,2.0,7715
06085505203,17.0,2.4,8.5,25.1,5.6,16.5,13.6,21.8,12.9,10.9,45.9,20.4,21.3,22.4,1.4,5673
06085505301,21.3,2.9,6.8,17.1,7.8,10.1,6.8,29.7,9.1,5.7,39.2,18.9,13.4,20.1,1.7,5484
06085505302,26.5,4.3,7.3,17.6,9.8,9.5,6.7,34.1,8.3,5.5,37.7,20.1,13.2,20.8,2.3,4690
06085505303,24.2,3.6,8.7,17.9,9.5,13.6,10.0,31.6,11.5,7.2,39.6,22.7,14.4,22.4,2.1,6127
06085505304,28.1,4.8,8.7,17.7,10.8,11.2,8.1,35.7,9.1,6.0,38.2,22.3,13.5,21.2,2.6,3281
06085505305,24.3,3.7,5.3,16.1,8.4,7.0,4.5,32.9,6.5,4.3,36.1,16.8,11.4,18.9,1.9,6114
06085505401,21.1,3.0,6.7,16.9,7.5,10.4,7.3,29.1,8.6,5.9,39.2,18.8,13.3,18.8,1.6,6492
06085505402,26.9,4.3,7.7,17.4,10.1,9.8,7.0,34.6,8.6,5.5,37.4,20.8,13.1,21.4,2.3,3090
06085505403,20.0,2.7,6.9,17.9,6.9,9.8,6.8,28.5,8.7,5.6,39.1,17.7,13.7,19.4,1.5,8695
06085505500,26.6,4.2,8.4,19.5,9.5,10.1,7.7,33.4,9.4,5.9,37.2,20.3,14.3,23.5,2.3,4217
06085505600,21.0,3.4,8.4,23.4,7.3,13.8,11.2,26.4,11.0,8.8,43.4,20.8,19.0,22.0,1.9,4338
06085505700,22.6,3.4,7.9,22.0,7.7,10.5,8.3,28.9,10.0,6.6,38.9,18.4,16.2,24.1,1.9,5738
06085505800,27.6,4.4,8.1,20.4,9.5,9.1,7.3,34.1,8.8,5.6,35.8,19.0,14.2,24.8,2.4,4027
06085505901,23.9,3.6,6.8,18.4,8.2,8.2,5.8,31.9,7.7,5.0,37.3,17.6,13.3,20.7,1.9,3794
06085505902,27.5,4.8,8.4,19.9,9.5,10.5,8.0,33.3,9.7,6.2,38.6,20.9,14.8,23.1,2.6,3829
06085506000,24.3,3.7,7.3,19.2,8.2,8.7,6.3,31.8,8.2,5.3,37.4,18.1,13.8,21.7,2.0,4938
06085506101,28.8,5.0,8.0,18.2,10.5,9.9,7.5,35.4,8.3,5.7,36.7,20.8,13.3,22.0,2.6,4829
06085506102,24.7,3.8,6.1,17.0,8.4,7.3,5.0,32.9,6.6,4.5,36.6,17.3,12.2,19.0,2.0,4574
06085506103,25.6,3.8,6.6,16.4,9.4,8.2,5.5,34.2,7.0,4.8,36.6,18.6,12.0,19.1,2.1,5052
06085506202,27.8,4.4,6.6,16.6,9.9,7.6,5.2,35.9,6.6,4.5,36.1,19.2,11.9,19.3,2.4,7512
06085506203,22.1,3.0,8.3,16.7,8.4,12.0,8.3,30.5,9.6,6.3,40.5,21.0,13.8,18.8,1.8,7138
06085506204,26.0,3.9,7.0,16.2,9.9,9.0,6.0,34.7,7.6,5.0,37.3,19.8,12.3,19.2,2.2,6423
06085506301,26.2,4.2,9.5,19.7,9.8,13.3,10.4,32.0,11.9,7.4,39.8,22.8,15.7,24.3,2.4,5631
06085506302,25.4,3.8,7.0,18.6,8.8,8.2,5.9,33.0,7.9,5.1,36.8,18.0,13.4,21.6,2.1,6210
06085506304,23.3,3.4,9.1,19.3,8.7,14.1,11.2,29.4,12.4,7.8,39.7,22.0,15.6,24.0,2.0,5412
06085506305,26.3,4.2,9.8,19.7,10.4,16.1,12.9,31.5,14.4,8.7,39.9,24.5,16.0,26.6,2.4,7257
06085506401,24.8,3.8,8.4,19.9,8.6,10.5,8.1,31.5,9.9,6.2,37.9,19.6,14.7,23.6,2.1,5096
06085506402,26.6,4.3,9.3,20.5,9.6,12.4,9.9,32.3,11.5,7.0,38.4,21.7,15.5,25.6,2.4,5719
06085506502,23.4,3.4,8.2,22.4,7.4,8.5,6.9,30.4,8.7,5.4,36.7,16.9,15.4,24.6,1.9,4723
06085506503,30.0,5.6,9.4,20.8,10.8,12.2,10.1,34.8,10.8,7.0,38.4,23.8,15.4,24.6,3.1,6802
06085506504,24.2,3.7,13.2,21.2,9.8,23.7,18.6,29.0,20.9,11.8,45.0,29.7,19.3,29.1,2.3,2712
06085506505,27.5,4.6,11.2,20.2,11.2,19.4,16.7,31.8,16.5,10.1,39.9,27.3,16.7,28.3,2.7,4788
06085506601,26.8,4.3,8.6,19.1,9.8,10.9,8.3,33.5,9.8,6.2,37.8,21.0,14.3,23.1,2.4,4726
06085506603,27.7,4.5,6.8,18.7,9.5,7.3,5.4,35.3,6.7,4.6,35.1,17.7,12.6,21.3,2.4,4084
06085506604,26.5,4.0,6.2,18.0,9.0,6.5,4.6,34.6,6.3,4.2,34.9,16.6,12.2,20.9,2.1,7714
06085506605,25.8,4.1,8.8,19.5,9.6,11.6,8.8,32.8,10.4,6.5,38.3,21.2,14.7,23.4,2.3,4320
06085506606,27.2,4.4,8.3,19.6,9.9,10.4,8.2,33.6,9.4,6.1,36.8,20.5,14.2,23.7,2.4,4537
06085506701,27.7,4.4,7.7,19.3,9.7,7.9,5.9,35.3,7.2,4.8,35.9,18.4,13.3,22.0,2.4,4093
06085506702,26.7,4.3,8.8,20.2,9.4,10.5,8.2,33.4,9.6,6.1,37.6,20.1,14.6,23.9,2.4,5956
06085506703,27.9,4.5,7.4,20.5,9.3,7.7,6.0,34.4,7.6,5.0,35.7,18.2,13.9,23.6,2.4,3937
06085506801,27.7,4.4,5.9,19.9,8.5,5.3,4.0,35.2,5.4,3.8,33.4,15.2,12.4,21.8,2.3,6454
06085506802,28.2,4.5,7.6,20.2,9.3,7.4,5.8,35.0,7.2,4.7,34.6,17.7,13.5,23.4,2.4,5533
06085506803,26.6,4.2,8.1,19.9,9.1,8.8,6.6,33.5,8.5,5.4,36.5,18.9,14.1,23.5,2.3,7357
06085506804,28.6,4.6,6.9,20.0,9.0,6.1,4.8,35.6,6.1,4.1,33.7,16.5,12.8,22.8,2.4,3936
06085506900,31.1,5.6,6.0,19.3,9.3,5.2,3.9,37.3,5.0,3.7,33.3,16.6,12.0,21.4,2.8,8031
06085507002,32.9,6.2,6.3,21.0,10.2,5.4,4.7,38.2,5.1,4.0,31.8,16.4,12.5,23.9,2.9,3012
06085507003,30.6,5.2,5.7,20.1,9.2,4.5,3.5,37.8,4.6,3.4,32.0,14.9,11.9,22.2,2.5,2793
06085507004,31.1,5.5,7.4,21.7,9.7,6.4,5.5,37.0,6.2,4.4,33.4,17.4,13.5,24.2,2.8,4154
06085507100,25.4,3.9,7.1,22.1,7.7,6.4,5.1,32.8,6.8,4.4,34.5,15.3,14.1,24.1,2.0,3020
06085507203,28.0,4.6,8.2,21.4,9.3,8.2,7.0,34.2,7.8,5.3,35.1,18.3,14.4,24.4,2.5,2891
06085507205,30.4,5.2,5.6,19.0,9.5,5.1,3.8,37.7,4.9,3.5,32.6,15.8,11.5,21.4,2.6,4853
06085507206,31.0,5.3,5.2,19.2,9.6,4.4,3.2,38.3,4.4,3.3,32.1,14.9,11.4,21.3,2.6,2928
06085507301,33.6,6.2,5.2,15.9,11.8,5.5,3.8,40.8,4.5,3.6,33.2,18.6,10.2,18.5,3.0,6725
06085507302,33.3,6.1,5.6,17.3,10.9,5.4,4.0,40.0,4.6,3.6,32.7,17.7,10.8,20.0,3.0,2883
06085507401,30.2,5.0,5.2,14.1,11.2,6.1,3.8,39.8,4.7,3.6,34.7,18.4,9.8,16.2,2.6,5709
06085507402,29.1,4.7,5.7,17.0,10.1,5.8,3.9,37.6,5.2,3.7,34.0,17.0,11.2,19.5,2.4,4091
06085507500,29.3,4.6,4.6,14.0,10.9,5.2,3.1,39.4,4.2,3.3,34.2,17.1,9.5,15.9,2.3,5984
06085507600,30.9,5.1,4.9,15.2,11.1,5.3,3.4,40.0,4.3,3.4,33.3,17.2,9.9,17.5,2.5,5815
06085507701,27.5,4.1,5.0,13.9,10.5,6.0,3.6,37.8,4.8,3.6,35.0,17.5,9.9,16.1,2.1,4092
06085507702,29.7,4.7,5.0,13.6,11.6,6.2,3.7,39.7,4.6,3.6,34.7,18.5,9.6,15.8,2.4,6107
06085507704,30.2,5.3,6.0,15.5,11.0,7.2,4.9,37.9,5.7,4.3,35.6,19.8,11.0,17.8,2.7,3466
06085507705,29.4,4.8,5.8,15.3,11.0,6.8,4.5,38.1,5.5,4.0,34.7,18.5,10.7,18.1,2.5,4560
06085507805,23.5,3.3,5.8,16.4,8.5,7.4,4.9,32.5,6.5,4.5,36.6,17.1,11.9,18.2,1.8,5180
06085507806,22.5,2.9,5.6,14.0,8.6,7.7,4.8,32.6,6.1,4.3,37.0,17.5,10.8,15.6,1.6,5824
06085507807,24.5,3.3,4.8,12.9,9.7,6.2,3.4,35.9,4.9,3.6,36.3,17.0,9.8,14.5,1.8,3191
06085507808,25.8,3.6,4.9,13.4,10.0,6.2,3.6,36.6,4.9,3.6,35.7,17.2,9.8,15.2,1.9,5674
06085507903,27.5,4.1,4.6,12.8,10.7,5.7,3.2,38.4,4.5,3.4,35.1,17.4,9.3,14.7,2.1,4888
06085507904,27.7,4.1,4.5,13.1,10.4,5.3,3.0,38.6,4.3,3.2,34.7,16.9,9.2,15.1,2.1,3404
06085507905,25.6,3.7,7.1,14.6,10.5,10.0,6.5,35.1,7.4,5.2,38.3,21.1,11.8,16.8,2.1,6188
06085507906,26.9,3.9,4.7,13.0,10.6,5.7,3.1,37.9,4.6,3.4,35.2,17.2,9.4,14.9,2.0,4508
06085508003,25.9,3.7,6.9,15.8,9.9,8.5,5.8,35.0,6.9,4.8,36.7,19.2,11.8,18.3,2.1,2266
06085508004,22.5,3.0,5.8,15.1,8.5,7.5,4.6,32.8,6.3,4.3,37.6,17.2,11.5,16.3,1.7,6561
06085508005,25.5,3.8,4.7,14.1,9.1,5.7,3.5,35.1,4.9,3.5,34.9,16.7,10.0,15.8,2.0,4321
06085508006,26.6,3.9,5.5,14.1,10.2,6.8,4.1,36.8,5.4,3.9,35.7,18.0,10.3,16.3,2.1,3690
06085508101,24.0,3.3,4.6,14.0,8.6,5.5,3.2,34.5,4.8,3.4,35.3,15.8,10.0,15.6,1.8,6726
06085508102,21.3,2.9,5.4,15.5,7.3,6.7,4.1,30.8,6.0,4.1,37.4,15.8,11.6,16.5,1.6,4143
06085508203,24.9,3.7,5.3,15.9,8.5,5.7,3.7,34.3,5.3,3.6,35.0,15.9,11.0,17.6,1.9,5573
06085508204,25.3,3.8,6.0,15.7,9.1,7.2,4.7,34.3,6.2,4.2,35.9,17.6,11.3,17.8,2.0,4339
06085508205,22.8,3.2,5.6,16.2,7.8,7.2,4.7,31.5,6.7,4.4,36.5,16.5,11.7,18.6,1.7,3862
06085508206,25.7,3.9,5.7,16.8,8.8,6.2,4.1,34.6,5.7,3.9,35.3,16.5,11.5,18.6,2.0,4341
06085508301,30.0,4.9,6.0,16.3,10.6,6.2,4.1,38.2,5.4,3.8,34.4,17.9,11.0,19.2,2.5,4689
06085508303,29.5,4.9,6.0,16.6,10.0,5.9,4.0,38.1,5.0,3.6,34.4,17.7,11.0,18.5,2.5,2631
06085508305,22.2,2.9,7.3,16.6,8.7,10.8,7.4,30.7,9.0,5.9,39.2,19.9,13.4,19.1,1.7,5103
06085508306,27.6,4.4,5.5,16.6,9.6,6.0,4.0,36.0,5.5,3.8,34.6,16.9,11.2,19.2,2.2,3192
06085508401,26.2,4.0,6.1,17.3,9.0,6.9,4.9,34.4,6.2,4.3,35.2,17.1,11.9,19.7,2.1,7168
06085508403,29.7,5.0,5.9,16.9,9.9,6.1,4.2,37.5,5.3,3.9,34.4,17.7,11.2,19.2,2.6,3092
06085508404,25.8,4.0,6.3,17.5,8.8,7.3,5.2,33.7,6.5,4.5,35.7,17.4,12.2,19.8,2.1,6884
06085508503,21.5,3.0,5.8,16.0,7.2,7.8,5.1,30.2,7.0,4.6,37.4,17.0,11.9,17.9,1.6,6909
06085508505,25.4,4.0,5.9,16.5,8.8,7.3,5.0,33.5,6.4,4.5,36.1,17.6,11.8,18.8,2.1,4741
06085508507,18.1,2.2,5.6,16.3,6.1,8.3,5.3,27.1,7.6,5.0,38.9,16.2,12.6,17.5,1.2,3191
06085508508,24.5,3.9,8.2,17.1,9.6,13.0,9.2,32.2,10.7,6.9,39.4,22.4,13.7,21.1,2.1,5894
06085508509,19.6,2.8,5.7,16.6,6.6,8.8,5.7,27.8,7.5,5.2,40.0,17.5,12.9,17.0,1.5,4231
06085508510,22.2,3.2,7.7,17.0,8.2,12.0,8.5,30.0,10.0,6.5,39.5,20.6,13.7,20.2,1.8,3428
06085508601,24.2,3.5,6.1,17.5,8.5,7.4,5.1,32.9,6.7,4.5,35.9,16.9,12.2,19.9,1.9,4169
06085508602,21.6,3.1,7.1,18.9,7.3,8.9,6.5,29.3,8.3,5.4,38.5,17.8,14.1,20.5,1.7,5461
06085508705,16.8,2.0,5.2,16.5,5.5,7.3,4.4,26.0,7.0,4.6,39.4,14.8,12.6,17.0,1.1,4581
06085508706,21.2,2.9,6.0,16.1,7.4,8.0,5.2,30.2,7.1,4.8,38.5,17.0,12.4,17.5,1.6,4505
06085508707,19.6,2.6,6.7,17.3,6.8,9.8,6.6,27.9,8.8,5.7,39.4,17.8,13.5,19.6,1.5,4095
06085508708,13.9,1.4,4.6,16.0,4.1,7.2,4.3,22.8,6.4,4.7,40.4,13.8,12.5,15.4,0.8,4653
06085508800,20.5,2.9,8.2,18.6,7.4,13.1,9.3,27.8,11.6,7.2,40.6,20.6,15.0,22.4,1.6,3635
06085508900,23.4,3.5,8.2,17.6,9.4,13.3,9.4,31.0,11.8,7.1,39.7,22.2,14.4,22.8,2.0,4887
06085509001,24.8,4.0,9.8,18.8,9.9,15.8,11.4,31.6,13.9,8.2,40.8,24.7,15.5,24.8,2.3,3355
06085509002,24.6,3.9,9.1,19.0,9.8,14.4,10.7,31.5,12.6,7.8,39.6,23.0,15.2,24.3,2.2,3833
06085509102,18.2,2.3,5.6,17.0,5.9,8.0,5.3,27.0,7.0,4.9,39.0,15.8,12.8,17.4,1.3,5094
06085509106,21.8,3.2,6.5,17.7,7.6,9.3,6.5,29.8,8.3,5.5,38.1,18.0,13.2,20.0,1.7,4678
06085509107,17.4,2.0,8.2,18.3,5.9,13.8,10.2,24.7,11.7,7.5,41.4,20.0,15.3,21.1,1.2,5242
06085509108,20.7,2.7,6.7,18.7,7.1,8.6,6.0,28.8,8.4,5.3,37.9,16.9,13.8,21.3,1.5,4654
06085509109,19.3,2.4,6.8,18.4,6.4,8.5,5.9,28.0,7.8,5.1,38.7,16.4,13.7,19.3,1.4,5663
06085509110,20.0,2.8,5.7,18.1,6.0,7.0,4.7,28.0,6.6,4.5,37.8,14.9,12.9,18.7,1.5,3633
06085509111,27.7,4.8,9.0,19.5,10.1,12.2,10.1,33.3,10.1,6.9,38.1,22.3,14.7,23.1,2.6,4326
06085509201,21.5,3.1,7.0,19.4,7.0,8.8,6.6,28.8,8.2,5.5,38.0,16.9,14.2,21.3,1.7,5324
06085509202,24.4,3.8,6.3,18.1,8.2,7.5,5.2,32.1,7.1,4.7,36.5,17.0,12.8,20.7,2.0,4655
06085509302,28.4,4.7,6.7,19.3,9.2,6.9,5.3,35.4,6.6,4.5,34.6,17.2,12.7,22.1,2.4,3122
06085509303,25.2,4.2,6.0,17.9,8.1,7.6,5.5,32.3,6.9,4.7,36.7,17.6,12.5,19.7,2.2,3536
06085509304,21.8,3.0,8.0,19.7,7.7,11.4,9.0,29.0,10.1,6.6,38.2,19.1,14.7,22.8,1.7,3316
06085509401,22.2,3.1,7.2,19.4,7.6,9.2,7.0,29.8,8.4,5.6,37.6,17.6,14.0,21.5,1.7,3754
06085509403,18.7,2.5,7.9,20.0,6.4,12.8,9.5,25.6,11.9,7.4,40.2,19.2,15.6,23.5,1.4,5095
06085509404,19.6,2.6,5.6,17.8,6.4,7.5,5.0,28.1,7.3,4.8,37.7,15.5,12.8,19.3,1.4,6651
06085509500,21.2,3.0,9.0,20.8,7.3,12.8,10.1,27.8,11.7,7.3,39.5,20.0,16.0,24.3,1.7,5553
06085509600,20.9,2.8,6.6,20.6,6.5,7.5,5.9,28.5,7.4,5.0,36.4,15.2,14.0,21.8,1.5,3614
06085509700,22.3,3.1,5.5,19.8,6.6,5.7,4.2,30.1,6.1,4.1,34.7,13.9,12.8,21.6,1.6,3230
06085509801,25.2,3.9,6.7,19.4,8.3,7.2,5.4,33.0,6.8,4.6,35.3,16.6,13.0,21.6,2.0,6196
06085509802,26.0,4.0,6.6,18.6,8.6,7.0,5.2,33.9,6.7,4.4,34.9,17.0,12.5,21.3,2.1,2967
06085509901,30.5,5.3,5.1,17.8,9.3,4.4,3.1,37.8,4.4,3.2,32.5,15.8,10.9,19.9,2.6,2244
06085509902,30.4,5.2,6.3,17.7,10.4,6.9,5.1,37.5,5.9,4.3,34.1,18.5,11.6,20.6,2.7,5301
06085510001,29.4,4.7,4.7,17.3,9.3,4.3,2.9,37.9,4.0,3.1,32.5,15.0,10.5,19.0,2.4,6295
06085510002,28.6,4.5,4.9,17.4,9.2,4.5,3.0,37.3,4.4,3.2,32.7,14.8,10.7,19.4,2.3,3754
06085510100,32.9,5.9,6.0,18.1,11.1,5.8,4.4,39.6,5.1,3.8,32.7,17.9,11.3,21.0,2.9,3016
06085510200,29.2,4.7,5.4,18.0,9.3,4.8,3.3,37.5,4.6,3.4,33.1,15.4,11.3,19.9,2.4,4549
06085510300,29.8,4.9,4.7,18.2,9.2,4.3,3.1,37.6,4.3,3.2,31.9,14.8,10.8,20.3,2.4,4621
06085510400,26.3,4.0,4.8,17.5,8.4,4.5,3.0,35.3,4.5,3.3,33.3,14.3,10.9,19.0,2.0,3631
06085510500,33.3,6.1,5.2,17.3,10.6,4.9,3.6,39.6,4.4,3.4,32.3,17.4,10.6,19.8,3.0,5371
06085510600,30.9,5.5,7.1,18.8,11.2,8.7,7.1,37.1,7.2,5.3,34.5,19.8,12.6,22.4,2.8,6286
06085510700,24.0,3.6,5.7,17.8,8.0,6.7,4.6,32.1,6.3,4.3,36.2,16.0,12.3,19.4,1.9,5487
06085510801,28.8,4.7,4.6,15.9,9.4,4.9,3.2,37.2,4.4,3.3,33.5,16.0,10.1,17.8,2.4,5999
06085510802,29.4,4.9,5.2,17.7,9.4,5.3,3.7,37.0,5.0,3.6,33.4,16.1,11.1,19.8,2.5,1971
06085510803,29.9,5.2,6.5,17.3,10.7,7.6,5.5,37.1,6.2,4.6,35.5,19.5,12.0,19.5,2.7,2781
06085510900,26.3,4.1,5.7,18.0,8.5,5.9,4.0,34.6,5.6,3.9,35.2,16.0,12.0,19.5,2.1,5404
06085511000,25.1,3.7,5.6,17.6,8.6,6.3,4.3,33.9,5.8,4.1,35.4,16.1,11.9,19.2,2.0,6939
06085511100,29.6,4.9,5.3,17.3,9.7,5.3,3.6,37.7,4.8,3.5,33.5,16.3,11.0,19.5,2.5,5513
06085511200,28.9,4.7,5.3,19.1,8.8,4.6,3.3,36.8,4.6,3.4,32.8,14.6,11.6,20.8,2.4,4706
06085511301,28.5,5.0,5.8,19.7,8.6,6.0,4.7,34.8,5.9,4.2,34.4,16.3,12.5,21.6,2.5,3860
06085511302,29.8,5.7,6.7,19.8,9.6,7.6,6.5,34.8,6.6,5.0,35.3,19.0,13.1,21.4,2.9,4118
06085511400,27.9,4.5,4.6,18.8,8.5,4.3,3.0,36.1,4.3,3.3,33.1,14.1,11.3,19.8,2.2,3649
06085511501,27.7,4.7,6.8,20.3,9.0,7.6,6.2,34.0,6.9,5.0,35.3,17.5,13.4,22.2,2.4,4914
06085511502,24.2,4.3,5.1,21.2,6.8,5.5,3.8,30.8,5.5,4.3,37.8,14.2,14.2,19.7,2.1,3176
06085511608,12.8,1.3,10.2,28.8,2.8,22.2,19.4,15.5,16.9,14.7,50.7,21.8,26.3,23.7,0.8,3705
06085511609,25.8,4.7,4.6,18.2,7.0,5.2,3.8,31.5,5.3,3.8,35.5,15.5,11.9,18.7,2.3,3481
06085511701,31.7,5.6,5.5,17.8,10.4,5.2,3.7,39.0,4.5,3.5,33.1,16.7,11.1,19.9,2.7,4285
06085511702,29.9,5.0,4.9,17.9,9.4,4.4,3.1,38.0,4.2,3.2,32.4,14.9,10.8,19.7,2.4,2906
06085511704,32.8,5.8,4.6,17.1,10.9,4.4,3.0,40.4,3.9,3.2,32.0,16.3,10.3,19.3,2.8,4702
06085511705,29.7,5.2,6.4,18.0,9.6,6.4,4.9,36.0,6.1,4.1,33.7,16.9,11.9,21.9,2.5,1716
06085511707,35.9,7.3,6.1,17.7,11.4,5.9,4.5,40.8,5.0,3.9,33.3,19.7,11.2,20.5,3.5,2959
06085511800,30.2,5.2,7.7,22.2,9.2,6.1,5.3,36.3,6.4,4.3,33.2,16.3,13.8,25.3,2.6,4185
06085511905,27.9,4.5,5.7,17.1,9.4,5.8,3.8,36.6,5.3,3.7,34.6,16.7,11.3,19.0,2.3,3243
06085511907,28.0,4.4,5.6,16.5,9.6,5.9,3.8,36.8,5.3,3.7,34.5,16.9,11.0,18.8,2.3,4033
06085511910,30.1,5.1,6.0,19.1,9.6,5.2,3.8,37.5,5.1,3.7,33.4,16.2,12.0,21.2,2.6,3097
06085511911,31.0,5.3,8.0,20.3,10.7,8.0,6.5,37.1,7.4,5.0,35.2,19.3,13.7,23.7,2.8,4885
06085511912,28.8,4.5,5.6,16.3,10.4,6.0,3.9,38.0,5.1,3.7,34.2,17.1,10.9,18.6,2.3,5348
06085511913,29.2,4.9,6.1,19.2,9.3,5.3,3.9,36.6,5.4,3.8,33.5,15.9,12.2,21.7,2.4,4336
06085511914,30.5,5.2,6.3,18.6,10.0,5.9,4.3,37.7,5.6,4.0,33.9,17.1,12.1,21.3,2.6,5664
06085511915,30.2,5.5,11.2,20.7,12.3,18.4,15.9,34.3,15.5,9.7,39.2,28.0,16.3,28.5,3.2,3562
06085511916,28.4,4.6,8.0,19.5,10.1,9.0,6.9,35.4,8.1,5.3,35.6,19.5,13.6,23.4,2.5,4836
06085511917,29.2,4.5,5.5,15.6,10.8,5.7,3.5,38.9,4.9,3.6,34.4,17.3,10.6,17.9,2.3,5060
06085511918,28.8,4.9,8.1,18.9,10.4,8.6,6.2,37.0,7.0,4.9,36.6,19.5,13.2,20.7,2.6,3545
06085512001,25.7,3.7,7.0,16.5,10.0,9.1,6.0,34.3,8.4,5.2,37.4,19.7,12.6,20.6,2.1,7025
06085512005,28.1,4.7,8.1,19.7,9.8,9.3,6.9,34.7,8.9,5.5,36.9,19.9,14.1,23.9,2.5,6601
06085512019,26.5,4.3,8.6,19.3,10.3,12.4,9.3,32.8,11.3,7.1,39.0,22.3,15.1,24.1,2.4,4653
06085512021,27.3,4.3,8.5,18.5,10.7,11.6,8.5,34.5,10.4,6.4,38.3,22.0,14.2,23.3,2.4,6292
06085512022,30.7,5.7,13.0,20.0,13.8,22.0,18.2,35.4,17.0,10.9,42.2,31.6,17.3,27.1,3.3,5877
06085512023,23.7,3.4,9.2,19.9,9.2,15.0,11.0,30.0,14.3,8.2,41.0,23.4,16.3,26.0,2.0,5655
06085512024,28.4,4.7,9.6,20.9,10.4,12.5,10.5,33.6,11.4,7.1,37.9,22.1,15.5,26.1,2.6,4698
06085512025,29.7,5.2,7.1,18.3,10.4,8.3,5.9,36.3,7.9,5.0,36.0,19.9,12.9,22.6,2.7,3232
06085512026,26.1,4.0,8.2,19.3,10.0,11.6,8.5,32.8,11.0,6.7,38.4,21.2,14.7,24.4,2.3,3949
06085512027,27.5,4.9,9.2,20.2,10.0,13.0,10.2,32.8,11.7,7.3,39.2,23.3,15.5,24.5,2.7,4371
06085512029,26.5,4.1,8.3,19.7,9.5,10.3,7.4,33.4,10.0,5.9,37.9,20.6,14.6,24.3,2.3,6813
06085512030,28.4,4.7,8.6,19.6,10.3,9.7,7.3,35.2,9.0,5.6,36.9,20.5,14.2,23.8,2.5,3096
06085512031,27.1,4.2,7.8,19.9,9.4,8.5,6.4,34.1,8.4,5.3,36.1,18.7,14.0,23.9,2.3,4447
06085512032,28.2,4.6,8.2,18.8,10.7,11.1,8.5,34.6,10.1,6.3,36.7,21.4,13.8,24.7,2.5,3487
06085512034,27.0,4.4,9.1,19.9,10.1,11.6,8.9,33.7,10.7,6.6,38.2,21.4,15.0,24.5,2.4,3179
06085512035,28.3,4.7,8.5,19.8,10.3,9.9,7.4,35.2,9.4,5.8,37.2,20.6,14.3,24.1,2.6,4234
06085512036,24.3,3.5,8.3,20.0,8.7,10.6,8.1,31.1,10.3,6.4,38.4,19.5,15.1,23.8,2.0,5047
06085512037,28.1,4.6,8.9,19.9,10.5,11.1,8.4,34.4,10.3,6.4,37.9,21.8,14.9,24.7,2.6,3149
06085512038,29.0,4.8,13.5,21.4,12.6,21.6,19.1,33.3,17.2,11.0,41.4,29.8,18.2,28.5,2.9,3086
06085512039,28.7,4.8,12.2,18.4,13.0,19.6,14.9,35.2,15.1,9.4,42.4,29.8,16.2,24.4,2.8,5097
06085512042,27.9,4.7,10.4,17.5,12.5,18.6,13.4,34.5,14.8,9.1,42.3,28.8,15.4,24.2,2.8,2972
06085512043,29.9,5.5,14.5,20.3,14.7,30.9,26.4,33.8,23.9,14.8,44.1,37.0,18.8,30.8,3.3,6028
06085512045,27.7,4.5,7.8,19.4,9.7,8.9,6.6,34.7,8.5,5.4,36.1,19.3,13.6,23.6,2.4,5635
06085512047,29.0,5.1,9.1,20.6,10.4,11.0,8.7,34.6,10.2,6.5,37.2,21.5,15.0,25.5,2.7,5379
06085512052,28.0,4.8,9.8,21.9,10.0,12.4,10.3,33.2,11.3,7.2,38.7,22.5,16.2,25.9,2.7,4119
06085512053,28.8,5.0,10.5,21.1,11.2,14.5,11.9,34.2,13.1,8.0,38.7,24.3,16.1,27.1,2.8,4687
06085512054,19.7,2.5,9.2,20.5,7.2,16.2,12.4,25.6,15.2,9.1,42.2,22.2,17.4,25.6,1.5,4373
06085512055,28.7,5.0,11.2,18.9,12.2,17.6,13.4,34.7,14.1,8.9,41.8,27.9,16.0,24.3,2.9,2998
06085512056,27.9,4.7,11.3,18.8,12.6,20.1,15.0,34.1,16.5,9.9,42.2,29.6,16.4,26.3,2.8,4084
06085512057,29.6,5.3,11.1,17.9,13.3,18.8,13.6,36.0,15.1,9.0,41.8,30.1,15.5,25.0,3.0,3883
06085512058,19.3,2.4,8.1,20.0,6.7,12.1,9.0,26.2,11.6,7.1,41.4,19.0,16.2,22.2,1.5,6070
06085512059,26.1,4.1,7.3,19.1,9.2,8.8,6.4,33.3,8.6,5.4,36.3,18.5,13.6,23.2,2.2,6299
06085512100,33.3,7.0,14.1,21.3,14.8,21.7,18.5,37.3,17.1,10.8,40.9,32.3,17.5,29.4,3.8,1755
06085512200,31.1,5.5,7.8,20.6,10.5,7.7,6.0,37.3,7.6,4.9,34.5,18.7,13.6,24.9,2.8,4790
06085512305,29.2,4.9,8.0,19.9,10.2,8.5,6.3,36.1,8.1,5.2,36.0,19.4,13.8,24.0,2.6,4761
06085512307,32.8,6.4,10.9,22.4,12.0,12.6,11.0,37.0,11.2,7.2,37.1,24.3,16.0,27.8,3.4,6841
06085512308,27.9,4.5,7.3,20.0,9.5,7.6,5.6,34.9,7.6,4.9,35.5,17.9,13.6,23.7,2.4,8984
06085512309,30.2,5.3,8.8,21.0,10.4,9.1,7.0,36.2,8.8,5.5,36.3,20.3,14.6,25.6,2.8,4983
06085512310,29.9,5.3,11.3,20.8,12.2,17.5,14.3,34.4,15.2,9.1,40.0,27.8,16.7,28.5,3.1,5163
06085512311,28.5,4.9,8.9,20.6,10.6,11.8,9.3,34.3,11.0,6.8,37.2,22.1,15.0,26.2,2.7,4123
06085512312,25.8,4.0,8.3,21.3,8.9,9.4,7.1,32.6,9.9,5.8,36.9,18.8,15.1,25.8,2.2,3756
06085512313,26.1,4.4,10.7,22.0,10.0,16.6,13.3,31.5,15.1,9.0,40.3,24.9,17.3,28.3,2.5,4151
06085512314,27.5,4.7,10.1,21.6,10.2,13.6,10.8,32.8,13.2,7.7,38.7,23.4,16.4,28.0,2.6,6940
06085512401,31.9,6.1,10.1,21.2,12.3,13.2,10.7,36.5,12.3,7.5,37.0,24.4,15.5,28.8,3.2,4830
06085512402,31.8,6.1,10.2,20.8,12.0,13.0,10.3,36.6,12.0,7.3,37.4,24.7,15.4,28.1,3.2,5136
06085512505,27.1,4.5,10.9,21.2,11.4,18.7,14.6,32.1,17.3,9.9,40.7,27.5,17.4,30.0,2.6,7643
06085512509,25.7,4.0,9.1,20.3,9.8,12.9,9.4,32.1,13.0,7.3,39.1,22.5,15.8,26.8,2.3,6469
06085512510,30.8,5.8,10.0,20.4,11.6,13.8,10.9,35.6,12.4,7.5,38.2,25.2,15.4,27.1,3.1,7791
06085512511,32.7,6.4,10.6,21.3,13.1,15.5,13.1,36.6,13.9,8.4,37.5,27.2,15.9,29.7,3.5,3716
06085512512,26.9,4.8,10.9,21.2,11.2,19.5,14.7,32.6,17.8,10.1,41.3,28.1,17.3,29.7,2.7,4458
06085512513,25.1,4.0,10.1,20.9,10.6,19.5,14.8,30.6,18.6,10.2,41.1,27.5,17.4,30.3,2.3,4133
06085512514,26.8,4.3,11.7,20.9,11.5,20.9,16.7,31.6,18.7,10.7,41.4,28.9,17.7,30.1,2.6,3404
06085512515,27.5,4.4,8.8,20.7,9.9,10.1,7.7,34.0,9.9,6.1,37.1,20.2,15.0,25.5,2.4,5695
06085512516,28.9,4.9,9.4,21.5,10.5,11.3,8.8,34.3,11.2,6.8,37.3,21.8,15.8,27.7,2.6,4069
06085512602,29.3,5.6,11.0,21.3,11.6,16.7,12.7,34.5,15.3,9.0,40.2,26.9,16.8,29.0,3.0,3531
06085512603,26.5,4.8,14.5,22.4,12.6,33.4,27.9,30.6,28.4,16.3,45.1,36.8,20.5,34.4,2.8,5303
06085512604,27.3,5.0,11.5,20.8,12.4,24.8,19.2,32.1,21.7,12.5,42.8,32.2,18.1,31.5,2.9,5101
06085513000,12.2,1.1,7.7,27.0,2.7,15.2,12.7,16.2,12.9,10.6,47.0,17.2,22.2,22.4,0.7,14272
06085513500,33.6,6.7,11.6,22.3,12.2,12.9,11.1,37.2,12.1,7.5,37.2,24.7,16.4,29.3,3.5,960
